Item Name,Item #,Product Category,Brand,UOM,Wholesale Price
OG Kush #1,BULK-00001,Pre-Rolls,Kush Co,each,22.00
Sour Diesel #2,BULK-00002,Edibles,Cloud9 Labs,g,29.00
Gelato #3,BULK-00003,Vapes,Nebula Extracts,each,36.00
Wedding Cake #4,BULK-00004,Concentrates,Sungrown Farms,g,43.00
GDP #5,BULK-00005,Flower,Kush Co,each,50.00
Pineapple Express #6,BULK-00006,Pre-Rolls,Cloud9 Labs,g,57.00
Northern Lights #7,BULK-00007,Edibles,Nebula Extracts,each,64.00
Runtz #8,BULK-00008,Vapes,Sungrown Farms,g,16.00
Zkittlez #9,BULK-00009,Concentrates,Kush Co,each,23.00
Blue Dream #10,BULK-00010,Flower,Cloud9 Labs,g,30.00
OG Kush #11,BULK-00011,Pre-Rolls,Nebula Extracts,each,37.00
Sour Diesel #12,BULK-00012,Edibles,Sungrown Farms,g,44.00
Gelato #13,BULK-00013,Vapes,Kush Co,each,51.00
Wedding Cake #14,BULK-00014,Concentrates,Cloud9 Labs,g,58.00
GDP #15,BULK-00015,Flower,Nebula Extracts,each,65.00
Pineapple Express #16,BULK-00016,Pre-Rolls,Sungrown Farms,g,17.00
Northern Lights #17,BULK-00017,Edibles,Kush Co,each,24.00
Runtz #18,BULK-00018,Vapes,Cloud9 Labs,g,31.00
Zkittlez #19,BULK-00019,Concentrates,Nebula Extracts,each,38.00
Blue Dream #20,BULK-00020,Flower,Sungrown Farms,g,45.00
OG Kush #21,BULK-00021,Pre-Rolls,Kush Co,each,52.00
Sour Diesel #22,BULK-00022,Edibles,Cloud9 Labs,g,59.00
Gelato #23,BULK-00023,Vapes,Nebula Extracts,each,66.00
Wedding Cake #24,BULK-00024,Concentrates,Sungrown Farms,g,18.00
GDP #25,BULK-00025,Flower,Kush Co,each,25.00
Pineapple Express #26,BULK-00026,Pre-Rolls,Cloud9 Labs,g,32.00
Northern Lights #27,BULK-00027,Edibles,Nebula Extracts,each,39.00
Runtz #28,BULK-00028,Vapes,Sungrown Farms,g,46.00
Zkittlez #29,BULK-00029,Concentrates,Kush Co,each,53.00
Blue Dream #30,BULK-00030,Flower,Cloud9 Labs,g,60.00
OG Kush #31,BULK-00031,Pre-Rolls,Nebula Extracts,each,67.00
Sour Diesel #32,BULK-00032,Edibles,Sungrown Farms,g,19.00
Gelato #33,BULK-00033,Vapes,Kush Co,each,26.00
Wedding Cake #34,BULK-00034,Concentrates,Cloud9 Labs,g,33.00
GDP #35,BULK-00035,Flower,Nebula Extracts,each,40.00
Pineapple Express #36,BULK-00036,Pre-Rolls,Sungrown Farms,g,47.00
Northern Lights #37,BULK-00037,Edibles,Kush Co,each,54.00
Runtz #38,BULK-00038,Vapes,Cloud9 Labs,g,61.00
Zkittlez #39,BULK-00039,Concentrates,Nebula Extracts,each,68.00
Blue Dream #40,BULK-00040,Flower,Sungrown Farms,g,20.00
OG Kush #41,BULK-00041,Pre-Rolls,Kush Co,each,27.00
Sour Diesel #42,BULK-00042,Edibles,Cloud9 Labs,g,34.00
Gelato #43,BULK-00043,Vapes,Nebula Extracts,each,41.00
Wedding Cake #44,BULK-00044,Concentrates,Sungrown Farms,g,48.00
GDP #45,BULK-00045,Flower,Kush Co,each,55.00
Pineapple Express #46,BULK-00046,Pre-Rolls,Cloud9 Labs,g,62.00
Northern Lights #47,BULK-00047,Edibles,Nebula Extracts,each,69.00
Runtz #48,BULK-00048,Vapes,Sungrown Farms,g,21.00
Zkittlez #49,BULK-00049,Concentrates,Kush Co,each,28.00
Blue Dream #50,BULK-00050,Flower,Cloud9 Labs,g,35.00
OG Kush #51,BULK-00051,Pre-Rolls,Nebula Extracts,each,42.00
Sour Diesel #52,BULK-00052,Edibles,Sungrown Farms,g,49.00
Gelato #53,BULK-00053,Vapes,Kush Co,each,56.00
Wedding Cake #54,BULK-00054,Concentrates,Cloud9 Labs,g,63.00
GDP #55,BULK-00055,Flower,Nebula Extracts,each,15.00
Pineapple Express #56,BULK-00056,Pre-Rolls,Sungrown Farms,g,22.00
Northern Lights #57,BULK-00057,Edibles,Kush Co,each,29.00
Runtz #58,BULK-00058,Vapes,Cloud9 Labs,g,36.00
Zkittlez #59,BULK-00059,Concentrates,Nebula Extracts,each,43.00
Blue Dream #60,BULK-00060,Flower,Sungrown Farms,g,50.00
OG Kush #61,BULK-00061,Pre-Rolls,Kush Co,each,57.00
Sour Diesel #62,BULK-00062,Edibles,Cloud9 Labs,g,64.00
Gelato #63,BULK-00063,Vapes,Nebula Extracts,each,16.00
Wedding Cake #64,BULK-00064,Concentrates,Sungrown Farms,g,23.00
GDP #65,BULK-00065,Flower,Kush Co,each,30.00
Pineapple Express #66,BULK-00066,Pre-Rolls,Cloud9 Labs,g,37.00
Northern Lights #67,BULK-00067,Edibles,Nebula Extracts,each,44.00
Runtz #68,BULK-00068,Vapes,Sungrown Farms,g,51.00
Zkittlez #69,BULK-00069,Concentrates,Kush Co,each,58.00
Blue Dream #70,BULK-00070,Flower,Cloud9 Labs,g,65.00
OG Kush #71,BULK-00071,Pre-Rolls,Nebula Extracts,each,17.00
Sour Diesel #72,BULK-00072,Edibles,Sungrown Farms,g,24.00
Gelato #73,BULK-00073,Vapes,Kush Co,each,31.00
Wedding Cake #74,BULK-00074,Concentrates,Cloud9 Labs,g,38.00
GDP #75,BULK-00075,Flower,Nebula Extracts,each,45.00
Pineapple Express #76,BULK-00076,Pre-Rolls,Sungrown Farms,g,52.00
Northern Lights #77,BULK-00077,Edibles,Kush Co,each,59.00
Runtz #78,BULK-00078,Vapes,Cloud9 Labs,g,66.00
Zkittlez #79,BULK-00079,Concentrates,Nebula Extracts,each,18.00
Blue Dream #80,BULK-00080,Flower,Sungrown Farms,g,25.00
OG Kush #81,BULK-00081,Pre-Rolls,Kush Co,each,32.00
Sour Diesel #82,BULK-00082,Edibles,Cloud9 Labs,g,39.00
Gelato #83,BULK-00083,Vapes,Nebula Extracts,each,46.00
Wedding Cake #84,BULK-00084,Concentrates,Sungrown Farms,g,53.00
GDP #85,BULK-00085,Flower,Kush Co,each,60.00
Pineapple Express #86,BULK-00086,Pre-Rolls,Cloud9 Labs,g,67.00
Northern Lights #87,BULK-00087,Edibles,Nebula Extracts,each,19.00
Runtz #88,BULK-00088,Vapes,Sungrown Farms,g,26.00
Zkittlez #89,BULK-00089,Concentrates,Kush Co,each,33.00
Blue Dream #90,BULK-00090,Flower,Cloud9 Labs,g,40.00
OG Kush #91,BULK-00091,Pre-Rolls,Nebula Extracts,each,47.00
Sour Diesel #92,BULK-00092,Edibles,Sungrown Farms,g,54.00
Gelato #93,BULK-00093,Vapes,Kush Co,each,61.00
Wedding Cake #94,BULK-00094,Concentrates,Cloud9 Labs,g,68.00
GDP #95,BULK-00095,Flower,Nebula Extracts,each,20.00
Pineapple Express #96,BULK-00096,Pre-Rolls,Sungrown Farms,g,27.00
Northern Lights #97,BULK-00097,Edibles,Kush Co,each,34.00
Runtz #98,BULK-00098,Vapes,Cloud9 Labs,g,41.00
Zkittlez #99,BULK-00099,Concentrates,Nebula Extracts,each,48.00
Blue Dream #100,BULK-00100,Flower,Sungrown Farms,g,55.00
OG Kush #101,BULK-00101,Pre-Rolls,Kush Co,each,62.00
Sour Diesel #102,BULK-00102,Edibles,Cloud9 Labs,g,69.00
Gelato #103,BULK-00103,Vapes,Nebula Extracts,each,21.00
Wedding Cake #104,BULK-00104,Concentrates,Sungrown Farms,g,28.00
GDP #105,BULK-00105,Flower,Kush Co,each,35.00
Pineapple Express #106,BULK-00106,Pre-Rolls,Cloud9 Labs,g,42.00
Northern Lights #107,BULK-00107,Edibles,Nebula Extracts,each,49.00
Runtz #108,BULK-00108,Vapes,Sungrown Farms,g,56.00
Zkittlez #109,BULK-00109,Concentrates,Kush Co,each,63.00
Blue Dream #110,BULK-00110,Flower,Cloud9 Labs,g,15.00
OG Kush #111,BULK-00111,Pre-Rolls,Nebula Extracts,each,22.00
Sour Diesel #112,BULK-00112,Edibles,Sungrown Farms,g,29.00
Gelato #113,BULK-00113,Vapes,Kush Co,each,36.00
Wedding Cake #114,BULK-00114,Concentrates,Cloud9 Labs,g,43.00
GDP #115,BULK-00115,Flower,Nebula Extracts,each,50.00
Pineapple Express #116,BULK-00116,Pre-Rolls,Sungrown Farms,g,57.00
Northern Lights #117,BULK-00117,Edibles,Kush Co,each,64.00
Runtz #118,BULK-00118,Vapes,Cloud9 Labs,g,16.00
Zkittlez #119,BULK-00119,Concentrates,Nebula Extracts,each,23.00
Blue Dream #120,BULK-00120,Flower,Sungrown Farms,g,30.00
OG Kush #121,BULK-00121,Pre-Rolls,Kush Co,each,37.00
Sour Diesel #122,BULK-00122,Edibles,Cloud9 Labs,g,44.00
Gelato #123,BULK-00123,Vapes,Nebula Extracts,each,51.00
Wedding Cake #124,BULK-00124,Concentrates,Sungrown Farms,g,58.00
GDP #125,BULK-00125,Flower,Kush Co,each,65.00
Pineapple Express #126,BULK-00126,Pre-Rolls,Cloud9 Labs,g,17.00
Northern Lights #127,BULK-00127,Edibles,Nebula Extracts,each,24.00
Runtz #128,BULK-00128,Vapes,Sungrown Farms,g,31.00
Zkittlez #129,BULK-00129,Concentrates,Kush Co,each,38.00
Blue Dream #130,BULK-00130,Flower,Cloud9 Labs,g,45.00
OG Kush #131,BULK-00131,Pre-Rolls,Nebula Extracts,each,52.00
Sour Diesel #132,BULK-00132,Edibles,Sungrown Farms,g,59.00
Gelato #133,BULK-00133,Vapes,Kush Co,each,66.00
Wedding Cake #134,BULK-00134,Concentrates,Cloud9 Labs,g,18.00
GDP #135,BULK-00135,Flower,Nebula Extracts,each,25.00
Pineapple Express #136,BULK-00136,Pre-Rolls,Sungrown Farms,g,32.00
Northern Lights #137,BULK-00137,Edibles,Kush Co,each,39.00
Runtz #138,BULK-00138,Vapes,Cloud9 Labs,g,46.00
Zkittlez #139,BULK-00139,Concentrates,Nebula Extracts,each,53.00
Blue Dream #140,BULK-00140,Flower,Sungrown Farms,g,60.00
OG Kush #141,BULK-00141,Pre-Rolls,Kush Co,each,67.00
Sour Diesel #142,BULK-00142,Edibles,Cloud9 Labs,g,19.00
Gelato #143,BULK-00143,Vapes,Nebula Extracts,each,26.00
Wedding Cake #144,BULK-00144,Concentrates,Sungrown Farms,g,33.00
GDP #145,BULK-00145,Flower,Kush Co,each,40.00
Pineapple Express #146,BULK-00146,Pre-Rolls,Cloud9 Labs,g,47.00
Northern Lights #147,BULK-00147,Edibles,Nebula Extracts,each,54.00
Runtz #148,BULK-00148,Vapes,Sungrown Farms,g,61.00
Zkittlez #149,BULK-00149,Concentrates,Kush Co,each,68.00
Blue Dream #150,BULK-00150,Flower,Cloud9 Labs,g,20.00
OG Kush #151,BULK-00151,Pre-Rolls,Nebula Extracts,each,27.00
Sour Diesel #152,BULK-00152,Edibles,Sungrown Farms,g,34.00
Gelato #153,BULK-00153,Vapes,Kush Co,each,41.00
Wedding Cake #154,BULK-00154,Concentrates,Cloud9 Labs,g,48.00
GDP #155,BULK-00155,Flower,Nebula Extracts,each,55.00
Pineapple Express #156,BULK-00156,Pre-Rolls,Sungrown Farms,g,62.00
Northern Lights #157,BULK-00157,Edibles,Kush Co,each,69.00
Runtz #158,BULK-00158,Vapes,Cloud9 Labs,g,21.00
Zkittlez #159,BULK-00159,Concentrates,Nebula Extracts,each,28.00
Blue Dream #160,BULK-00160,Flower,Sungrown Farms,g,35.00
OG Kush #161,BULK-00161,Pre-Rolls,Kush Co,each,42.00
Sour Diesel #162,BULK-00162,Edibles,Cloud9 Labs,g,49.00
Gelato #163,BULK-00163,Vapes,Nebula Extracts,each,56.00
Wedding Cake #164,BULK-00164,Concentrates,Sungrown Farms,g,63.00
GDP #165,BULK-00165,Flower,Kush Co,each,15.00
Pineapple Express #166,BULK-00166,Pre-Rolls,Cloud9 Labs,g,22.00
Northern Lights #167,BULK-00167,Edibles,Nebula Extracts,each,29.00
Runtz #168,BULK-00168,Vapes,Sungrown Farms,g,36.00
Zkittlez #169,BULK-00169,Concentrates,Kush Co,each,43.00
Blue Dream #170,BULK-00170,Flower,Cloud9 Labs,g,50.00
OG Kush #171,BULK-00171,Pre-Rolls,Nebula Extracts,each,57.00
Sour Diesel #172,BULK-00172,Edibles,Sungrown Farms,g,64.00
Gelato #173,BULK-00173,Vapes,Kush Co,each,16.00
Wedding Cake #174,BULK-00174,Concentrates,Cloud9 Labs,g,23.00
GDP #175,BULK-00175,Flower,Nebula Extracts,each,30.00
Pineapple Express #176,BULK-00176,Pre-Rolls,Sungrown Farms,g,37.00
Northern Lights #177,BULK-00177,Edibles,Kush Co,each,44.00
Runtz #178,BULK-00178,Vapes,Cloud9 Labs,g,51.00
Zkittlez #179,BULK-00179,Concentrates,Nebula Extracts,each,58.00
Blue Dream #180,BULK-00180,Flower,Sungrown Farms,g,65.00
OG Kush #181,BULK-00181,Pre-Rolls,Kush Co,each,17.00
Sour Diesel #182,BULK-00182,Edibles,Cloud9 Labs,g,24.00
Gelato #183,BULK-00183,Vapes,Nebula Extracts,each,31.00
Wedding Cake #184,BULK-00184,Concentrates,Sungrown Farms,g,38.00
GDP #185,BULK-00185,Flower,Kush Co,each,45.00
Pineapple Express #186,BULK-00186,Pre-Rolls,Cloud9 Labs,g,52.00
Northern Lights #187,BULK-00187,Edibles,Nebula Extracts,each,59.00
Runtz #188,BULK-00188,Vapes,Sungrown Farms,g,66.00
Zkittlez #189,BULK-00189,Concentrates,Kush Co,each,18.00
Blue Dream #190,BULK-00190,Flower,Cloud9 Labs,g,25.00
OG Kush #191,BULK-00191,Pre-Rolls,Nebula Extracts,each,32.00
Sour Diesel #192,BULK-00192,Edibles,Sungrown Farms,g,39.00
Gelato #193,BULK-00193,Vapes,Kush Co,each,46.00
Wedding Cake #194,BULK-00194,Concentrates,Cloud9 Labs,g,53.00
GDP #195,BULK-00195,Flower,Nebula Extracts,each,60.00
Pineapple Express #196,BULK-00196,Pre-Rolls,Sungrown Farms,g,67.00
Northern Lights #197,BULK-00197,Edibles,Kush Co,each,19.00
Runtz #198,BULK-00198,Vapes,Cloud9 Labs,g,26.00
Zkittlez #199,BULK-00199,Concentrates,Nebula Extracts,each,33.00
Blue Dream #200,BULK-00200,Flower,Sungrown Farms,g,40.00
OG Kush #201,BULK-00201,Pre-Rolls,Kush Co,each,47.00
Sour Diesel #202,BULK-00202,Edibles,Cloud9 Labs,g,54.00
Gelato #203,BULK-00203,Vapes,Nebula Extracts,each,61.00
Wedding Cake #204,BULK-00204,Concentrates,Sungrown Farms,g,68.00
GDP #205,BULK-00205,Flower,Kush Co,each,20.00
Pineapple Express #206,BULK-00206,Pre-Rolls,Cloud9 Labs,g,27.00
Northern Lights #207,BULK-00207,Edibles,Nebula Extracts,each,34.00
Runtz #208,BULK-00208,Vapes,Sungrown Farms,g,41.00
Zkittlez #209,BULK-00209,Concentrates,Kush Co,each,48.00
Blue Dream #210,BULK-00210,Flower,Cloud9 Labs,g,55.00
OG Kush #211,BULK-00211,Pre-Rolls,Nebula Extracts,each,62.00
Sour Diesel #212,BULK-00212,Edibles,Sungrown Farms,g,69.00
Gelato #213,BULK-00213,Vapes,Kush Co,each,21.00
Wedding Cake #214,BULK-00214,Concentrates,Cloud9 Labs,g,28.00
GDP #215,BULK-00215,Flower,Nebula Extracts,each,35.00
Pineapple Express #216,BULK-00216,Pre-Rolls,Sungrown Farms,g,42.00
Northern Lights #217,BULK-00217,Edibles,Kush Co,each,49.00
Runtz #218,BULK-00218,Vapes,Cloud9 Labs,g,56.00
Zkittlez #219,BULK-00219,Concentrates,Nebula Extracts,each,63.00
Blue Dream #220,BULK-00220,Flower,Sungrown Farms,g,15.00
OG Kush #221,BULK-00221,Pre-Rolls,Kush Co,each,22.00
Sour Diesel #222,BULK-00222,Edibles,Cloud9 Labs,g,29.00
Gelato #223,BULK-00223,Vapes,Nebula Extracts,each,36.00
Wedding Cake #224,BULK-00224,Concentrates,Sungrown Farms,g,43.00
GDP #225,BULK-00225,Flower,Kush Co,each,50.00
Pineapple Express #226,BULK-00226,Pre-Rolls,Cloud9 Labs,g,57.00
Northern Lights #227,BULK-00227,Edibles,Nebula Extracts,each,64.00
Runtz #228,BULK-00228,Vapes,Sungrown Farms,g,16.00
Zkittlez #229,BULK-00229,Concentrates,Kush Co,each,23.00
Blue Dream #230,BULK-00230,Flower,Cloud9 Labs,g,30.00
OG Kush #231,BULK-00231,Pre-Rolls,Nebula Extracts,each,37.00
Sour Diesel #232,BULK-00232,Edibles,Sungrown Farms,g,44.00
Gelato #233,BULK-00233,Vapes,Kush Co,each,51.00
Wedding Cake #234,BULK-00234,Concentrates,Cloud9 Labs,g,58.00
GDP #235,BULK-00235,Flower,Nebula Extracts,each,65.00
Pineapple Express #236,BULK-00236,Pre-Rolls,Sungrown Farms,g,17.00
Northern Lights #237,BULK-00237,Edibles,Kush Co,each,24.00
Runtz #238,BULK-00238,Vapes,Cloud9 Labs,g,31.00
Zkittlez #239,BULK-00239,Concentrates,Nebula Extracts,each,38.00
Blue Dream #240,BULK-00240,Flower,Sungrown Farms,g,45.00
OG Kush #241,BULK-00241,Pre-Rolls,Kush Co,each,52.00
Sour Diesel #242,BULK-00242,Edibles,Cloud9 Labs,g,59.00
Gelato #243,BULK-00243,Vapes,Nebula Extracts,each,66.00
Wedding Cake #244,BULK-00244,Concentrates,Sungrown Farms,g,18.00
GDP #245,BULK-00245,Flower,Kush Co,each,25.00
Pineapple Express #246,BULK-00246,Pre-Rolls,Cloud9 Labs,g,32.00
Northern Lights #247,BULK-00247,Edibles,Nebula Extracts,each,39.00
Runtz #248,BULK-00248,Vapes,Sungrown Farms,g,46.00
Zkittlez #249,BULK-00249,Concentrates,Kush Co,each,53.00
Blue Dream #250,BULK-00250,Flower,Cloud9 Labs,g,60.00
OG Kush #251,BULK-00251,Pre-Rolls,Nebula Extracts,each,67.00
Sour Diesel #252,BULK-00252,Edibles,Sungrown Farms,g,19.00
Gelato #253,BULK-00253,Vapes,Kush Co,each,26.00
Wedding Cake #254,BULK-00254,Concentrates,Cloud9 Labs,g,33.00
GDP #255,BULK-00255,Flower,Nebula Extracts,each,40.00
Pineapple Express #256,BULK-00256,Pre-Rolls,Sungrown Farms,g,47.00
Northern Lights #257,BULK-00257,Edibles,Kush Co,each,54.00
Runtz #258,BULK-00258,Vapes,Cloud9 Labs,g,61.00
Zkittlez #259,BULK-00259,Concentrates,Nebula Extracts,each,68.00
Blue Dream #260,BULK-00260,Flower,Sungrown Farms,g,20.00
OG Kush #261,BULK-00261,Pre-Rolls,Kush Co,each,27.00
Sour Diesel #262,BULK-00262,Edibles,Cloud9 Labs,g,34.00
Gelato #263,BULK-00263,Vapes,Nebula Extracts,each,41.00
Wedding Cake #264,BULK-00264,Concentrates,Sungrown Farms,g,48.00
GDP #265,BULK-00265,Flower,Kush Co,each,55.00
Pineapple Express #266,BULK-00266,Pre-Rolls,Cloud9 Labs,g,62.00
Northern Lights #267,BULK-00267,Edibles,Nebula Extracts,each,69.00
Runtz #268,BULK-00268,Vapes,Sungrown Farms,g,21.00
Zkittlez #269,BULK-00269,Concentrates,Kush Co,each,28.00
Blue Dream #270,BULK-00270,Flower,Cloud9 Labs,g,35.00
OG Kush #271,BULK-00271,Pre-Rolls,Nebula Extracts,each,42.00
Sour Diesel #272,BULK-00272,Edibles,Sungrown Farms,g,49.00
Gelato #273,BULK-00273,Vapes,Kush Co,each,56.00
Wedding Cake #274,BULK-00274,Concentrates,Cloud9 Labs,g,63.00
GDP #275,BULK-00275,Flower,Nebula Extracts,each,15.00
Pineapple Express #276,BULK-00276,Pre-Rolls,Sungrown Farms,g,22.00
Northern Lights #277,BULK-00277,Edibles,Kush Co,each,29.00
Runtz #278,BULK-00278,Vapes,Cloud9 Labs,g,36.00
Zkittlez #279,BULK-00279,Concentrates,Nebula Extracts,each,43.00
Blue Dream #280,BULK-00280,Flower,Sungrown Farms,g,50.00
OG Kush #281,BULK-00281,Pre-Rolls,Kush Co,each,57.00
Sour Diesel #282,BULK-00282,Edibles,Cloud9 Labs,g,64.00
Gelato #283,BULK-00283,Vapes,Nebula Extracts,each,16.00
Wedding Cake #284,BULK-00284,Concentrates,Sungrown Farms,g,23.00
GDP #285,BULK-00285,Flower,Kush Co,each,30.00
Pineapple Express #286,BULK-00286,Pre-Rolls,Cloud9 Labs,g,37.00
Northern Lights #287,BULK-00287,Edibles,Nebula Extracts,each,44.00
Runtz #288,BULK-00288,Vapes,Sungrown Farms,g,51.00
Zkittlez #289,BULK-00289,Concentrates,Kush Co,each,58.00
Blue Dream #290,BULK-00290,Flower,Cloud9 Labs,g,65.00
OG Kush #291,BULK-00291,Pre-Rolls,Nebula Extracts,each,17.00
Sour Diesel #292,BULK-00292,Edibles,Sungrown Farms,g,24.00
Gelato #293,BULK-00293,Vapes,Kush Co,each,31.00
Wedding Cake #294,BULK-00294,Concentrates,Cloud9 Labs,g,38.00
GDP #295,BULK-00295,Flower,Nebula Extracts,each,45.00
Pineapple Express #296,BULK-00296,Pre-Rolls,Sungrown Farms,g,52.00
Northern Lights #297,BULK-00297,Edibles,Kush Co,each,59.00
Runtz #298,BULK-00298,Vapes,Cloud9 Labs,g,66.00
Zkittlez #299,BULK-00299,Concentrates,Nebula Extracts,each,18.00
Blue Dream #300,BULK-00300,Flower,Sungrown Farms,g,25.00
OG Kush #301,BULK-00301,Pre-Rolls,Kush Co,each,32.00
Sour Diesel #302,BULK-00302,Edibles,Cloud9 Labs,g,39.00
Gelato #303,BULK-00303,Vapes,Nebula Extracts,each,46.00
Wedding Cake #304,BULK-00304,Concentrates,Sungrown Farms,g,53.00
GDP #305,BULK-00305,Flower,Kush Co,each,60.00
Pineapple Express #306,BULK-00306,Pre-Rolls,Cloud9 Labs,g,67.00
Northern Lights #307,BULK-00307,Edibles,Nebula Extracts,each,19.00
Runtz #308,BULK-00308,Vapes,Sungrown Farms,g,26.00
Zkittlez #309,BULK-00309,Concentrates,Kush Co,each,33.00
Blue Dream #310,BULK-00310,Flower,Cloud9 Labs,g,40.00
OG Kush #311,BULK-00311,Pre-Rolls,Nebula Extracts,each,47.00
Sour Diesel #312,BULK-00312,Edibles,Sungrown Farms,g,54.00
Gelato #313,BULK-00313,Vapes,Kush Co,each,61.00
Wedding Cake #314,BULK-00314,Concentrates,Cloud9 Labs,g,68.00
GDP #315,BULK-00315,Flower,Nebula Extracts,each,20.00
Pineapple Express #316,BULK-00316,Pre-Rolls,Sungrown Farms,g,27.00
Northern Lights #317,BULK-00317,Edibles,Kush Co,each,34.00
Runtz #318,BULK-00318,Vapes,Cloud9 Labs,g,41.00
Zkittlez #319,BULK-00319,Concentrates,Nebula Extracts,each,48.00
Blue Dream #320,BULK-00320,Flower,Sungrown Farms,g,55.00
OG Kush #321,BULK-00321,Pre-Rolls,Kush Co,each,62.00
Sour Diesel #322,BULK-00322,Edibles,Cloud9 Labs,g,69.00
Gelato #323,BULK-00323,Vapes,Nebula Extracts,each,21.00
Wedding Cake #324,BULK-00324,Concentrates,Sungrown Farms,g,28.00
GDP #325,BULK-00325,Flower,Kush Co,each,35.00
Pineapple Express #326,BULK-00326,Pre-Rolls,Cloud9 Labs,g,42.00
Northern Lights #327,BULK-00327,Edibles,Nebula Extracts,each,49.00
Runtz #328,BULK-00328,Vapes,Sungrown Farms,g,56.00
Zkittlez #329,BULK-00329,Concentrates,Kush Co,each,63.00
Blue Dream #330,BULK-00330,Flower,Cloud9 Labs,g,15.00
OG Kush #331,BULK-00331,Pre-Rolls,Nebula Extracts,each,22.00
Sour Diesel #332,BULK-00332,Edibles,Sungrown Farms,g,29.00
Gelato #333,BULK-00333,Vapes,Kush Co,each,36.00
Wedding Cake #334,BULK-00334,Concentrates,Cloud9 Labs,g,43.00
GDP #335,BULK-00335,Flower,Nebula Extracts,each,50.00
Pineapple Express #336,BULK-00336,Pre-Rolls,Sungrown Farms,g,57.00
Northern Lights #337,BULK-00337,Edibles,Kush Co,each,64.00
Runtz #338,BULK-00338,Vapes,Cloud9 Labs,g,16.00
Zkittlez #339,BULK-00339,Concentrates,Nebula Extracts,each,23.00
Blue Dream #340,BULK-00340,Flower,Sungrown Farms,g,30.00
OG Kush #341,BULK-00341,Pre-Rolls,Kush Co,each,37.00
Sour Diesel #342,BULK-00342,Edibles,Cloud9 Labs,g,44.00
Gelato #343,BULK-00343,Vapes,Nebula Extracts,each,51.00
Wedding Cake #344,BULK-00344,Concentrates,Sungrown Farms,g,58.00
GDP #345,BULK-00345,Flower,Kush Co,each,65.00
Pineapple Express #346,BULK-00346,Pre-Rolls,Cloud9 Labs,g,17.00
Northern Lights #347,BULK-00347,Edibles,Nebula Extracts,each,24.00
Runtz #348,BULK-00348,Vapes,Sungrown Farms,g,31.00
Zkittlez #349,BULK-00349,Concentrates,Kush Co,each,38.00
Blue Dream #350,BULK-00350,Flower,Cloud9 Labs,g,45.00
OG Kush #351,BULK-00351,Pre-Rolls,Nebula Extracts,each,52.00
Sour Diesel #352,BULK-00352,Edibles,Sungrown Farms,g,59.00
Gelato #353,BULK-00353,Vapes,Kush Co,each,66.00
Wedding Cake #354,BULK-00354,Concentrates,Cloud9 Labs,g,18.00
GDP #355,BULK-00355,Flower,Nebula Extracts,each,25.00
Pineapple Express #356,BULK-00356,Pre-Rolls,Sungrown Farms,g,32.00
Northern Lights #357,BULK-00357,Edibles,Kush Co,each,39.00
Runtz #358,BULK-00358,Vapes,Cloud9 Labs,g,46.00
Zkittlez #359,BULK-00359,Concentrates,Nebula Extracts,each,53.00
Blue Dream #360,BULK-00360,Flower,Sungrown Farms,g,60.00
OG Kush #361,BULK-00361,Pre-Rolls,Kush Co,each,67.00
Sour Diesel #362,BULK-00362,Edibles,Cloud9 Labs,g,19.00
Gelato #363,BULK-00363,Vapes,Nebula Extracts,each,26.00
Wedding Cake #364,BULK-00364,Concentrates,Sungrown Farms,g,33.00
GDP #365,BULK-00365,Flower,Kush Co,each,40.00
Pineapple Express #366,BULK-00366,Pre-Rolls,Cloud9 Labs,g,47.00
Northern Lights #367,BULK-00367,Edibles,Nebula Extracts,each,54.00
Runtz #368,BULK-00368,Vapes,Sungrown Farms,g,61.00
Zkittlez #369,BULK-00369,Concentrates,Kush Co,each,68.00
Blue Dream #370,BULK-00370,Flower,Cloud9 Labs,g,20.00
OG Kush #371,BULK-00371,Pre-Rolls,Nebula Extracts,each,27.00
Sour Diesel #372,BULK-00372,Edibles,Sungrown Farms,g,34.00
Gelato #373,BULK-00373,Vapes,Kush Co,each,41.00
Wedding Cake #374,BULK-00374,Concentrates,Cloud9 Labs,g,48.00
GDP #375,BULK-00375,Flower,Nebula Extracts,each,55.00
Pineapple Express #376,BULK-00376,Pre-Rolls,Sungrown Farms,g,62.00
Northern Lights #377,BULK-00377,Edibles,Kush Co,each,69.00
Runtz #378,BULK-00378,Vapes,Cloud9 Labs,g,21.00
Zkittlez #379,BULK-00379,Concentrates,Nebula Extracts,each,28.00
Blue Dream #380,BULK-00380,Flower,Sungrown Farms,g,35.00
OG Kush #381,BULK-00381,Pre-Rolls,Kush Co,each,42.00
Sour Diesel #382,BULK-00382,Edibles,Cloud9 Labs,g,49.00
Gelato #383,BULK-00383,Vapes,Nebula Extracts,each,56.00
Wedding Cake #384,BULK-00384,Concentrates,Sungrown Farms,g,63.00
GDP #385,BULK-00385,Flower,Kush Co,each,15.00
Pineapple Express #386,BULK-00386,Pre-Rolls,Cloud9 Labs,g,22.00
Northern Lights #387,BULK-00387,Edibles,Nebula Extracts,each,29.00
Runtz #388,BULK-00388,Vapes,Sungrown Farms,g,36.00
Zkittlez #389,BULK-00389,Concentrates,Kush Co,each,43.00
Blue Dream #390,BULK-00390,Flower,Cloud9 Labs,g,50.00
OG Kush #391,BULK-00391,Pre-Rolls,Nebula Extracts,each,57.00
Sour Diesel #392,BULK-00392,Edibles,Sungrown Farms,g,64.00
Gelato #393,BULK-00393,Vapes,Kush Co,each,16.00
Wedding Cake #394,BULK-00394,Concentrates,Cloud9 Labs,g,23.00
GDP #395,BULK-00395,Flower,Nebula Extracts,each,30.00
Pineapple Express #396,BULK-00396,Pre-Rolls,Sungrown Farms,g,37.00
Northern Lights #397,BULK-00397,Edibles,Kush Co,each,44.00
Runtz #398,BULK-00398,Vapes,Cloud9 Labs,g,51.00
Zkittlez #399,BULK-00399,Concentrates,Nebula Extracts,each,58.00
Blue Dream #400,BULK-00400,Flower,Sungrown Farms,g,65.00
OG Kush #401,BULK-00401,Pre-Rolls,Kush Co,each,17.00
Sour Diesel #402,BULK-00402,Edibles,Cloud9 Labs,g,24.00
Gelato #403,BULK-00403,Vapes,Nebula Extracts,each,31.00
Wedding Cake #404,BULK-00404,Concentrates,Sungrown Farms,g,38.00
GDP #405,BULK-00405,Flower,Kush Co,each,45.00
Pineapple Express #406,BULK-00406,Pre-Rolls,Cloud9 Labs,g,52.00
Northern Lights #407,BULK-00407,Edibles,Nebula Extracts,each,59.00
Runtz #408,BULK-00408,Vapes,Sungrown Farms,g,66.00
Zkittlez #409,BULK-00409,Concentrates,Kush Co,each,18.00
Blue Dream #410,BULK-00410,Flower,Cloud9 Labs,g,25.00
OG Kush #411,BULK-00411,Pre-Rolls,Nebula Extracts,each,32.00
Sour Diesel #412,BULK-00412,Edibles,Sungrown Farms,g,39.00
Gelato #413,BULK-00413,Vapes,Kush Co,each,46.00
Wedding Cake #414,BULK-00414,Concentrates,Cloud9 Labs,g,53.00
GDP #415,BULK-00415,Flower,Nebula Extracts,each,60.00
Pineapple Express #416,BULK-00416,Pre-Rolls,Sungrown Farms,g,67.00
Northern Lights #417,BULK-00417,Edibles,Kush Co,each,19.00
Runtz #418,BULK-00418,Vapes,Cloud9 Labs,g,26.00
Zkittlez #419,BULK-00419,Concentrates,Nebula Extracts,each,33.00
Blue Dream #420,BULK-00420,Flower,Sungrown Farms,g,40.00
OG Kush #421,BULK-00421,Pre-Rolls,Kush Co,each,47.00
Sour Diesel #422,BULK-00422,Edibles,Cloud9 Labs,g,54.00
Gelato #423,BULK-00423,Vapes,Nebula Extracts,each,61.00
Wedding Cake #424,BULK-00424,Concentrates,Sungrown Farms,g,68.00
GDP #425,BULK-00425,Flower,Kush Co,each,20.00
Pineapple Express #426,BULK-00426,Pre-Rolls,Cloud9 Labs,g,27.00
Northern Lights #427,BULK-00427,Edibles,Nebula Extracts,each,34.00
Runtz #428,BULK-00428,Vapes,Sungrown Farms,g,41.00
Zkittlez #429,BULK-00429,Concentrates,Kush Co,each,48.00
Blue Dream #430,BULK-00430,Flower,Cloud9 Labs,g,55.00
OG Kush #431,BULK-00431,Pre-Rolls,Nebula Extracts,each,62.00
Sour Diesel #432,BULK-00432,Edibles,Sungrown Farms,g,69.00
Gelato #433,BULK-00433,Vapes,Kush Co,each,21.00
Wedding Cake #434,BULK-00434,Concentrates,Cloud9 Labs,g,28.00
GDP #435,BULK-00435,Flower,Nebula Extracts,each,35.00
Pineapple Express #436,BULK-00436,Pre-Rolls,Sungrown Farms,g,42.00
Northern Lights #437,BULK-00437,Edibles,Kush Co,each,49.00
Runtz #438,BULK-00438,Vapes,Cloud9 Labs,g,56.00
Zkittlez #439,BULK-00439,Concentrates,Nebula Extracts,each,63.00
Blue Dream #440,BULK-00440,Flower,Sungrown Farms,g,15.00
OG Kush #441,BULK-00441,Pre-Rolls,Kush Co,each,22.00
Sour Diesel #442,BULK-00442,Edibles,Cloud9 Labs,g,29.00
Gelato #443,BULK-00443,Vapes,Nebula Extracts,each,36.00
Wedding Cake #444,BULK-00444,Concentrates,Sungrown Farms,g,43.00
GDP #445,BULK-00445,Flower,Kush Co,each,50.00
Pineapple Express #446,BULK-00446,Pre-Rolls,Cloud9 Labs,g,57.00
Northern Lights #447,BULK-00447,Edibles,Nebula Extracts,each,64.00
Runtz #448,BULK-00448,Vapes,Sungrown Farms,g,16.00
Zkittlez #449,BULK-00449,Concentrates,Kush Co,each,23.00
Blue Dream #450,BULK-00450,Flower,Cloud9 Labs,g,30.00
OG Kush #451,BULK-00451,Pre-Rolls,Nebula Extracts,each,37.00
Sour Diesel #452,BULK-00452,Edibles,Sungrown Farms,g,44.00
Gelato #453,BULK-00453,Vapes,Kush Co,each,51.00
Wedding Cake #454,BULK-00454,Concentrates,Cloud9 Labs,g,58.00
GDP #455,BULK-00455,Flower,Nebula Extracts,each,65.00
Pineapple Express #456,BULK-00456,Pre-Rolls,Sungrown Farms,g,17.00
Northern Lights #457,BULK-00457,Edibles,Kush Co,each,24.00
Runtz #458,BULK-00458,Vapes,Cloud9 Labs,g,31.00
Zkittlez #459,BULK-00459,Concentrates,Nebula Extracts,each,38.00
Blue Dream #460,BULK-00460,Flower,Sungrown Farms,g,45.00
OG Kush #461,BULK-00461,Pre-Rolls,Kush Co,each,52.00
Sour Diesel #462,BULK-00462,Edibles,Cloud9 Labs,g,59.00
Gelato #463,BULK-00463,Vapes,Nebula Extracts,each,66.00
Wedding Cake #464,BULK-00464,Concentrates,Sungrown Farms,g,18.00
GDP #465,BULK-00465,Flower,Kush Co,each,25.00
Pineapple Express #466,BULK-00466,Pre-Rolls,Cloud9 Labs,g,32.00
Northern Lights #467,BULK-00467,Edibles,Nebula Extracts,each,39.00
Runtz #468,BULK-00468,Vapes,Sungrown Farms,g,46.00
Zkittlez #469,BULK-00469,Concentrates,Kush Co,each,53.00
Blue Dream #470,BULK-00470,Flower,Cloud9 Labs,g,60.00
OG Kush #471,BULK-00471,Pre-Rolls,Nebula Extracts,each,67.00
Sour Diesel #472,BULK-00472,Edibles,Sungrown Farms,g,19.00
Gelato #473,BULK-00473,Vapes,Kush Co,each,26.00
Wedding Cake #474,BULK-00474,Concentrates,Cloud9 Labs,g,33.00
GDP #475,BULK-00475,Flower,Nebula Extracts,each,40.00
Pineapple Express #476,BULK-00476,Pre-Rolls,Sungrown Farms,g,47.00
Northern Lights #477,BULK-00477,Edibles,Kush Co,each,54.00
Runtz #478,BULK-00478,Vapes,Cloud9 Labs,g,61.00
Zkittlez #479,BULK-00479,Concentrates,Nebula Extracts,each,68.00
Blue Dream #480,BULK-00480,Flower,Sungrown Farms,g,20.00
OG Kush #481,BULK-00481,Pre-Rolls,Kush Co,each,27.00
Sour Diesel #482,BULK-00482,Edibles,Cloud9 Labs,g,34.00
Gelato #483,BULK-00483,Vapes,Nebula Extracts,each,41.00
Wedding Cake #484,BULK-00484,Concentrates,Sungrown Farms,g,48.00
GDP #485,BULK-00485,Flower,Kush Co,each,55.00
Pineapple Express #486,BULK-00486,Pre-Rolls,Cloud9 Labs,g,62.00
Northern Lights #487,BULK-00487,Edibles,Nebula Extracts,each,69.00
Runtz #488,BULK-00488,Vapes,Sungrown Farms,g,21.00
Zkittlez #489,BULK-00489,Concentrates,Kush Co,each,28.00
Blue Dream #490,BULK-00490,Flower,Cloud9 Labs,g,35.00
OG Kush #491,BULK-00491,Pre-Rolls,Nebula Extracts,each,42.00
Sour Diesel #492,BULK-00492,Edibles,Sungrown Farms,g,49.00
Gelato #493,BULK-00493,Vapes,Kush Co,each,56.00
Wedding Cake #494,BULK-00494,Concentrates,Cloud9 Labs,g,63.00
GDP #495,BULK-00495,Flower,Nebula Extracts,each,15.00
Pineapple Express #496,BULK-00496,Pre-Rolls,Sungrown Farms,g,22.00
Northern Lights #497,BULK-00497,Edibles,Kush Co,each,29.00
Runtz #498,BULK-00498,Vapes,Cloud9 Labs,g,36.00
Zkittlez #499,BULK-00499,Concentrates,Nebula Extracts,each,43.00
Blue Dream #500,BULK-00500,Flower,Sungrown Farms,g,50.00
OG Kush #501,BULK-00501,Pre-Rolls,Kush Co,each,57.00
Sour Diesel #502,BULK-00502,Edibles,Cloud9 Labs,g,64.00
Gelato #503,BULK-00503,Vapes,Nebula Extracts,each,16.00
Wedding Cake #504,BULK-00504,Concentrates,Sungrown Farms,g,23.00
GDP #505,BULK-00505,Flower,Kush Co,each,30.00
Pineapple Express #506,BULK-00506,Pre-Rolls,Cloud9 Labs,g,37.00
Northern Lights #507,BULK-00507,Edibles,Nebula Extracts,each,44.00
Runtz #508,BULK-00508,Vapes,Sungrown Farms,g,51.00
Zkittlez #509,BULK-00509,Concentrates,Kush Co,each,58.00
Blue Dream #510,BULK-00510,Flower,Cloud9 Labs,g,65.00
OG Kush #511,BULK-00511,Pre-Rolls,Nebula Extracts,each,17.00
Sour Diesel #512,BULK-00512,Edibles,Sungrown Farms,g,24.00
Gelato #513,BULK-00513,Vapes,Kush Co,each,31.00
Wedding Cake #514,BULK-00514,Concentrates,Cloud9 Labs,g,38.00
GDP #515,BULK-00515,Flower,Nebula Extracts,each,45.00
Pineapple Express #516,BULK-00516,Pre-Rolls,Sungrown Farms,g,52.00
Northern Lights #517,BULK-00517,Edibles,Kush Co,each,59.00
Runtz #518,BULK-00518,Vapes,Cloud9 Labs,g,66.00
Zkittlez #519,BULK-00519,Concentrates,Nebula Extracts,each,18.00
Blue Dream #520,BULK-00520,Flower,Sungrown Farms,g,25.00
OG Kush #521,BULK-00521,Pre-Rolls,Kush Co,each,32.00
Sour Diesel #522,BULK-00522,Edibles,Cloud9 Labs,g,39.00
Gelato #523,BULK-00523,Vapes,Nebula Extracts,each,46.00
Wedding Cake #524,BULK-00524,Concentrates,Sungrown Farms,g,53.00
GDP #525,BULK-00525,Flower,Kush Co,each,60.00
Pineapple Express #526,BULK-00526,Pre-Rolls,Cloud9 Labs,g,67.00
Northern Lights #527,BULK-00527,Edibles,Nebula Extracts,each,19.00
Runtz #528,BULK-00528,Vapes,Sungrown Farms,g,26.00
Zkittlez #529,BULK-00529,Concentrates,Kush Co,each,33.00
Blue Dream #530,BULK-00530,Flower,Cloud9 Labs,g,40.00
OG Kush #531,BULK-00531,Pre-Rolls,Nebula Extracts,each,47.00
Sour Diesel #532,BULK-00532,Edibles,Sungrown Farms,g,54.00
Gelato #533,BULK-00533,Vapes,Kush Co,each,61.00
Wedding Cake #534,BULK-00534,Concentrates,Cloud9 Labs,g,68.00
GDP #535,BULK-00535,Flower,Nebula Extracts,each,20.00
Pineapple Express #536,BULK-00536,Pre-Rolls,Sungrown Farms,g,27.00
Northern Lights #537,BULK-00537,Edibles,Kush Co,each,34.00
Runtz #538,BULK-00538,Vapes,Cloud9 Labs,g,41.00
Zkittlez #539,BULK-00539,Concentrates,Nebula Extracts,each,48.00
Blue Dream #540,BULK-00540,Flower,Sungrown Farms,g,55.00
OG Kush #541,BULK-00541,Pre-Rolls,Kush Co,each,62.00
Sour Diesel #542,BULK-00542,Edibles,Cloud9 Labs,g,69.00
Gelato #543,BULK-00543,Vapes,Nebula Extracts,each,21.00
Wedding Cake #544,BULK-00544,Concentrates,Sungrown Farms,g,28.00
GDP #545,BULK-00545,Flower,Kush Co,each,35.00
Pineapple Express #546,BULK-00546,Pre-Rolls,Cloud9 Labs,g,42.00
Northern Lights #547,BULK-00547,Edibles,Nebula Extracts,each,49.00
Runtz #548,BULK-00548,Vapes,Sungrown Farms,g,56.00
Zkittlez #549,BULK-00549,Concentrates,Kush Co,each,63.00
Blue Dream #550,BULK-00550,Flower,Cloud9 Labs,g,15.00
OG Kush #551,BULK-00551,Pre-Rolls,Nebula Extracts,each,22.00
Sour Diesel #552,BULK-00552,Edibles,Sungrown Farms,g,29.00
Gelato #553,BULK-00553,Vapes,Kush Co,each,36.00
Wedding Cake #554,BULK-00554,Concentrates,Cloud9 Labs,g,43.00
GDP #555,BULK-00555,Flower,Nebula Extracts,each,50.00
Pineapple Express #556,BULK-00556,Pre-Rolls,Sungrown Farms,g,57.00
Northern Lights #557,BULK-00557,Edibles,Kush Co,each,64.00
Runtz #558,BULK-00558,Vapes,Cloud9 Labs,g,16.00
Zkittlez #559,BULK-00559,Concentrates,Nebula Extracts,each,23.00
Blue Dream #560,BULK-00560,Flower,Sungrown Farms,g,30.00
OG Kush #561,BULK-00561,Pre-Rolls,Kush Co,each,37.00
Sour Diesel #562,BULK-00562,Edibles,Cloud9 Labs,g,44.00
Gelato #563,BULK-00563,Vapes,Nebula Extracts,each,51.00
Wedding Cake #564,BULK-00564,Concentrates,Sungrown Farms,g,58.00
GDP #565,BULK-00565,Flower,Kush Co,each,65.00
Pineapple Express #566,BULK-00566,Pre-Rolls,Cloud9 Labs,g,17.00
Northern Lights #567,BULK-00567,Edibles,Nebula Extracts,each,24.00
Runtz #568,BULK-00568,Vapes,Sungrown Farms,g,31.00
Zkittlez #569,BULK-00569,Concentrates,Kush Co,each,38.00
Blue Dream #570,BULK-00570,Flower,Cloud9 Labs,g,45.00
OG Kush #571,BULK-00571,Pre-Rolls,Nebula Extracts,each,52.00
Sour Diesel #572,BULK-00572,Edibles,Sungrown Farms,g,59.00
Gelato #573,BULK-00573,Vapes,Kush Co,each,66.00
Wedding Cake #574,BULK-00574,Concentrates,Cloud9 Labs,g,18.00
GDP #575,BULK-00575,Flower,Nebula Extracts,each,25.00
Pineapple Express #576,BULK-00576,Pre-Rolls,Sungrown Farms,g,32.00
Northern Lights #577,BULK-00577,Edibles,Kush Co,each,39.00
Runtz #578,BULK-00578,Vapes,Cloud9 Labs,g,46.00
Zkittlez #579,BULK-00579,Concentrates,Nebula Extracts,each,53.00
Blue Dream #580,BULK-00580,Flower,Sungrown Farms,g,60.00
OG Kush #581,BULK-00581,Pre-Rolls,Kush Co,each,67.00
Sour Diesel #582,BULK-00582,Edibles,Cloud9 Labs,g,19.00
Gelato #583,BULK-00583,Vapes,Nebula Extracts,each,26.00
Wedding Cake #584,BULK-00584,Concentrates,Sungrown Farms,g,33.00
GDP #585,BULK-00585,Flower,Kush Co,each,40.00
Pineapple Express #586,BULK-00586,Pre-Rolls,Cloud9 Labs,g,47.00
Northern Lights #587,BULK-00587,Edibles,Nebula Extracts,each,54.00
Runtz #588,BULK-00588,Vapes,Sungrown Farms,g,61.00
Zkittlez #589,BULK-00589,Concentrates,Kush Co,each,68.00
Blue Dream #590,BULK-00590,Flower,Cloud9 Labs,g,20.00
OG Kush #591,BULK-00591,Pre-Rolls,Nebula Extracts,each,27.00
Sour Diesel #592,BULK-00592,Edibles,Sungrown Farms,g,34.00
Gelato #593,BULK-00593,Vapes,Kush Co,each,41.00
Wedding Cake #594,BULK-00594,Concentrates,Cloud9 Labs,g,48.00
GDP #595,BULK-00595,Flower,Nebula Extracts,each,55.00
Pineapple Express #596,BULK-00596,Pre-Rolls,Sungrown Farms,g,62.00
Northern Lights #597,BULK-00597,Edibles,Kush Co,each,69.00
Runtz #598,BULK-00598,Vapes,Cloud9 Labs,g,21.00
Zkittlez #599,BULK-00599,Concentrates,Nebula Extracts,each,28.00
Blue Dream #600,BULK-00600,Flower,Sungrown Farms,g,35.00
OG Kush #601,BULK-00601,Pre-Rolls,Kush Co,each,42.00
Sour Diesel #602,BULK-00602,Edibles,Cloud9 Labs,g,49.00
Gelato #603,BULK-00603,Vapes,Nebula Extracts,each,56.00
Wedding Cake #604,BULK-00604,Concentrates,Sungrown Farms,g,63.00
GDP #605,BULK-00605,Flower,Kush Co,each,15.00
Pineapple Express #606,BULK-00606,Pre-Rolls,Cloud9 Labs,g,22.00
Northern Lights #607,BULK-00607,Edibles,Nebula Extracts,each,29.00
Runtz #608,BULK-00608,Vapes,Sungrown Farms,g,36.00
Zkittlez #609,BULK-00609,Concentrates,Kush Co,each,43.00
Blue Dream #610,BULK-00610,Flower,Cloud9 Labs,g,50.00
OG Kush #611,BULK-00611,Pre-Rolls,Nebula Extracts,each,57.00
Sour Diesel #612,BULK-00612,Edibles,Sungrown Farms,g,64.00
Gelato #613,BULK-00613,Vapes,Kush Co,each,16.00
Wedding Cake #614,BULK-00614,Concentrates,Cloud9 Labs,g,23.00
GDP #615,BULK-00615,Flower,Nebula Extracts,each,30.00
Pineapple Express #616,BULK-00616,Pre-Rolls,Sungrown Farms,g,37.00
Northern Lights #617,BULK-00617,Edibles,Kush Co,each,44.00
Runtz #618,BULK-00618,Vapes,Cloud9 Labs,g,51.00
Zkittlez #619,BULK-00619,Concentrates,Nebula Extracts,each,58.00
Blue Dream #620,BULK-00620,Flower,Sungrown Farms,g,65.00
OG Kush #621,BULK-00621,Pre-Rolls,Kush Co,each,17.00
Sour Diesel #622,BULK-00622,Edibles,Cloud9 Labs,g,24.00
Gelato #623,BULK-00623,Vapes,Nebula Extracts,each,31.00
Wedding Cake #624,BULK-00624,Concentrates,Sungrown Farms,g,38.00
GDP #625,BULK-00625,Flower,Kush Co,each,45.00
Pineapple Express #626,BULK-00626,Pre-Rolls,Cloud9 Labs,g,52.00
Northern Lights #627,BULK-00627,Edibles,Nebula Extracts,each,59.00
Runtz #628,BULK-00628,Vapes,Sungrown Farms,g,66.00
Zkittlez #629,BULK-00629,Concentrates,Kush Co,each,18.00
Blue Dream #630,BULK-00630,Flower,Cloud9 Labs,g,25.00
OG Kush #631,BULK-00631,Pre-Rolls,Nebula Extracts,each,32.00
Sour Diesel #632,BULK-00632,Edibles,Sungrown Farms,g,39.00
Gelato #633,BULK-00633,Vapes,Kush Co,each,46.00
Wedding Cake #634,BULK-00634,Concentrates,Cloud9 Labs,g,53.00
GDP #635,BULK-00635,Flower,Nebula Extracts,each,60.00
Pineapple Express #636,BULK-00636,Pre-Rolls,Sungrown Farms,g,67.00
Northern Lights #637,BULK-00637,Edibles,Kush Co,each,19.00
Runtz #638,BULK-00638,Vapes,Cloud9 Labs,g,26.00
Zkittlez #639,BULK-00639,Concentrates,Nebula Extracts,each,33.00
Blue Dream #640,BULK-00640,Flower,Sungrown Farms,g,40.00
OG Kush #641,BULK-00641,Pre-Rolls,Kush Co,each,47.00
Sour Diesel #642,BULK-00642,Edibles,Cloud9 Labs,g,54.00
Gelato #643,BULK-00643,Vapes,Nebula Extracts,each,61.00
Wedding Cake #644,BULK-00644,Concentrates,Sungrown Farms,g,68.00
GDP #645,BULK-00645,Flower,Kush Co,each,20.00
Pineapple Express #646,BULK-00646,Pre-Rolls,Cloud9 Labs,g,27.00
Northern Lights #647,BULK-00647,Edibles,Nebula Extracts,each,34.00
Runtz #648,BULK-00648,Vapes,Sungrown Farms,g,41.00
Zkittlez #649,BULK-00649,Concentrates,Kush Co,each,48.00
Blue Dream #650,BULK-00650,Flower,Cloud9 Labs,g,55.00
OG Kush #651,BULK-00651,Pre-Rolls,Nebula Extracts,each,62.00
Sour Diesel #652,BULK-00652,Edibles,Sungrown Farms,g,69.00
Gelato #653,BULK-00653,Vapes,Kush Co,each,21.00
Wedding Cake #654,BULK-00654,Concentrates,Cloud9 Labs,g,28.00
GDP #655,BULK-00655,Flower,Nebula Extracts,each,35.00
Pineapple Express #656,BULK-00656,Pre-Rolls,Sungrown Farms,g,42.00
Northern Lights #657,BULK-00657,Edibles,Kush Co,each,49.00
Runtz #658,BULK-00658,Vapes,Cloud9 Labs,g,56.00
Zkittlez #659,BULK-00659,Concentrates,Nebula Extracts,each,63.00
Blue Dream #660,BULK-00660,Flower,Sungrown Farms,g,15.00
OG Kush #661,BULK-00661,Pre-Rolls,Kush Co,each,22.00
Sour Diesel #662,BULK-00662,Edibles,Cloud9 Labs,g,29.00
Gelato #663,BULK-00663,Vapes,Nebula Extracts,each,36.00
Wedding Cake #664,BULK-00664,Concentrates,Sungrown Farms,g,43.00
GDP #665,BULK-00665,Flower,Kush Co,each,50.00
Pineapple Express #666,BULK-00666,Pre-Rolls,Cloud9 Labs,g,57.00
Northern Lights #667,BULK-00667,Edibles,Nebula Extracts,each,64.00
Runtz #668,BULK-00668,Vapes,Sungrown Farms,g,16.00
Zkittlez #669,BULK-00669,Concentrates,Kush Co,each,23.00
Blue Dream #670,BULK-00670,Flower,Cloud9 Labs,g,30.00
OG Kush #671,BULK-00671,Pre-Rolls,Nebula Extracts,each,37.00
Sour Diesel #672,BULK-00672,Edibles,Sungrown Farms,g,44.00
Gelato #673,BULK-00673,Vapes,Kush Co,each,51.00
Wedding Cake #674,BULK-00674,Concentrates,Cloud9 Labs,g,58.00
GDP #675,BULK-00675,Flower,Nebula Extracts,each,65.00
Pineapple Express #676,BULK-00676,Pre-Rolls,Sungrown Farms,g,17.00
Northern Lights #677,BULK-00677,Edibles,Kush Co,each,24.00
Runtz #678,BULK-00678,Vapes,Cloud9 Labs,g,31.00
Zkittlez #679,BULK-00679,Concentrates,Nebula Extracts,each,38.00
Blue Dream #680,BULK-00680,Flower,Sungrown Farms,g,45.00
OG Kush #681,BULK-00681,Pre-Rolls,Kush Co,each,52.00
Sour Diesel #682,BULK-00682,Edibles,Cloud9 Labs,g,59.00
Gelato #683,BULK-00683,Vapes,Nebula Extracts,each,66.00
Wedding Cake #684,BULK-00684,Concentrates,Sungrown Farms,g,18.00
GDP #685,BULK-00685,Flower,Kush Co,each,25.00
Pineapple Express #686,BULK-00686,Pre-Rolls,Cloud9 Labs,g,32.00
Northern Lights #687,BULK-00687,Edibles,Nebula Extracts,each,39.00
Runtz #688,BULK-00688,Vapes,Sungrown Farms,g,46.00
Zkittlez #689,BULK-00689,Concentrates,Kush Co,each,53.00
Blue Dream #690,BULK-00690,Flower,Cloud9 Labs,g,60.00
OG Kush #691,BULK-00691,Pre-Rolls,Nebula Extracts,each,67.00
Sour Diesel #692,BULK-00692,Edibles,Sungrown Farms,g,19.00
Gelato #693,BULK-00693,Vapes,Kush Co,each,26.00
Wedding Cake #694,BULK-00694,Concentrates,Cloud9 Labs,g,33.00
GDP #695,BULK-00695,Flower,Nebula Extracts,each,40.00
Pineapple Express #696,BULK-00696,Pre-Rolls,Sungrown Farms,g,47.00
Northern Lights #697,BULK-00697,Edibles,Kush Co,each,54.00
Runtz #698,BULK-00698,Vapes,Cloud9 Labs,g,61.00
Zkittlez #699,BULK-00699,Concentrates,Nebula Extracts,each,68.00
Blue Dream #700,BULK-00700,Flower,Sungrown Farms,g,20.00
OG Kush #701,BULK-00701,Pre-Rolls,Kush Co,each,27.00
Sour Diesel #702,BULK-00702,Edibles,Cloud9 Labs,g,34.00
Gelato #703,BULK-00703,Vapes,Nebula Extracts,each,41.00
Wedding Cake #704,BULK-00704,Concentrates,Sungrown Farms,g,48.00
GDP #705,BULK-00705,Flower,Kush Co,each,55.00
Pineapple Express #706,BULK-00706,Pre-Rolls,Cloud9 Labs,g,62.00
Northern Lights #707,BULK-00707,Edibles,Nebula Extracts,each,69.00
Runtz #708,BULK-00708,Vapes,Sungrown Farms,g,21.00
Zkittlez #709,BULK-00709,Concentrates,Kush Co,each,28.00
Blue Dream #710,BULK-00710,Flower,Cloud9 Labs,g,35.00
OG Kush #711,BULK-00711,Pre-Rolls,Nebula Extracts,each,42.00
Sour Diesel #712,BULK-00712,Edibles,Sungrown Farms,g,49.00
Gelato #713,BULK-00713,Vapes,Kush Co,each,56.00
Wedding Cake #714,BULK-00714,Concentrates,Cloud9 Labs,g,63.00
GDP #715,BULK-00715,Flower,Nebula Extracts,each,15.00
Pineapple Express #716,BULK-00716,Pre-Rolls,Sungrown Farms,g,22.00
Northern Lights #717,BULK-00717,Edibles,Kush Co,each,29.00
Runtz #718,BULK-00718,Vapes,Cloud9 Labs,g,36.00
Zkittlez #719,BULK-00719,Concentrates,Nebula Extracts,each,43.00
Blue Dream #720,BULK-00720,Flower,Sungrown Farms,g,50.00
OG Kush #721,BULK-00721,Pre-Rolls,Kush Co,each,57.00
Sour Diesel #722,BULK-00722,Edibles,Cloud9 Labs,g,64.00
Gelato #723,BULK-00723,Vapes,Nebula Extracts,each,16.00
Wedding Cake #724,BULK-00724,Concentrates,Sungrown Farms,g,23.00
GDP #725,BULK-00725,Flower,Kush Co,each,30.00
Pineapple Express #726,BULK-00726,Pre-Rolls,Cloud9 Labs,g,37.00
Northern Lights #727,BULK-00727,Edibles,Nebula Extracts,each,44.00
Runtz #728,BULK-00728,Vapes,Sungrown Farms,g,51.00
Zkittlez #729,BULK-00729,Concentrates,Kush Co,each,58.00
Blue Dream #730,BULK-00730,Flower,Cloud9 Labs,g,65.00
OG Kush #731,BULK-00731,Pre-Rolls,Nebula Extracts,each,17.00
Sour Diesel #732,BULK-00732,Edibles,Sungrown Farms,g,24.00
Gelato #733,BULK-00733,Vapes,Kush Co,each,31.00
Wedding Cake #734,BULK-00734,Concentrates,Cloud9 Labs,g,38.00
GDP #735,BULK-00735,Flower,Nebula Extracts,each,45.00
Pineapple Express #736,BULK-00736,Pre-Rolls,Sungrown Farms,g,52.00
Northern Lights #737,BULK-00737,Edibles,Kush Co,each,59.00
Runtz #738,BULK-00738,Vapes,Cloud9 Labs,g,66.00
Zkittlez #739,BULK-00739,Concentrates,Nebula Extracts,each,18.00
Blue Dream #740,BULK-00740,Flower,Sungrown Farms,g,25.00
OG Kush #741,BULK-00741,Pre-Rolls,Kush Co,each,32.00
Sour Diesel #742,BULK-00742,Edibles,Cloud9 Labs,g,39.00
Gelato #743,BULK-00743,Vapes,Nebula Extracts,each,46.00
Wedding Cake #744,BULK-00744,Concentrates,Sungrown Farms,g,53.00
GDP #745,BULK-00745,Flower,Kush Co,each,60.00
Pineapple Express #746,BULK-00746,Pre-Rolls,Cloud9 Labs,g,67.00
Northern Lights #747,BULK-00747,Edibles,Nebula Extracts,each,19.00
Runtz #748,BULK-00748,Vapes,Sungrown Farms,g,26.00
Zkittlez #749,BULK-00749,Concentrates,Kush Co,each,33.00
Blue Dream #750,BULK-00750,Flower,Cloud9 Labs,g,40.00
OG Kush #751,BULK-00751,Pre-Rolls,Nebula Extracts,each,47.00
Sour Diesel #752,BULK-00752,Edibles,Sungrown Farms,g,54.00
Gelato #753,BULK-00753,Vapes,Kush Co,each,61.00
Wedding Cake #754,BULK-00754,Concentrates,Cloud9 Labs,g,68.00
GDP #755,BULK-00755,Flower,Nebula Extracts,each,20.00
Pineapple Express #756,BULK-00756,Pre-Rolls,Sungrown Farms,g,27.00
Northern Lights #757,BULK-00757,Edibles,Kush Co,each,34.00
Runtz #758,BULK-00758,Vapes,Cloud9 Labs,g,41.00
Zkittlez #759,BULK-00759,Concentrates,Nebula Extracts,each,48.00
Blue Dream #760,BULK-00760,Flower,Sungrown Farms,g,55.00
OG Kush #761,BULK-00761,Pre-Rolls,Kush Co,each,62.00
Sour Diesel #762,BULK-00762,Edibles,Cloud9 Labs,g,69.00
Gelato #763,BULK-00763,Vapes,Nebula Extracts,each,21.00
Wedding Cake #764,BULK-00764,Concentrates,Sungrown Farms,g,28.00
GDP #765,BULK-00765,Flower,Kush Co,each,35.00
Pineapple Express #766,BULK-00766,Pre-Rolls,Cloud9 Labs,g,42.00
Northern Lights #767,BULK-00767,Edibles,Nebula Extracts,each,49.00
Runtz #768,BULK-00768,Vapes,Sungrown Farms,g,56.00
Zkittlez #769,BULK-00769,Concentrates,Kush Co,each,63.00
Blue Dream #770,BULK-00770,Flower,Cloud9 Labs,g,15.00
OG Kush #771,BULK-00771,Pre-Rolls,Nebula Extracts,each,22.00
Sour Diesel #772,BULK-00772,Edibles,Sungrown Farms,g,29.00
Gelato #773,BULK-00773,Vapes,Kush Co,each,36.00
Wedding Cake #774,BULK-00774,Concentrates,Cloud9 Labs,g,43.00
GDP #775,BULK-00775,Flower,Nebula Extracts,each,50.00
Pineapple Express #776,BULK-00776,Pre-Rolls,Sungrown Farms,g,57.00
Northern Lights #777,BULK-00777,Edibles,Kush Co,each,64.00
Runtz #778,BULK-00778,Vapes,Cloud9 Labs,g,16.00
Zkittlez #779,BULK-00779,Concentrates,Nebula Extracts,each,23.00
Blue Dream #780,BULK-00780,Flower,Sungrown Farms,g,30.00
OG Kush #781,BULK-00781,Pre-Rolls,Kush Co,each,37.00
Sour Diesel #782,BULK-00782,Edibles,Cloud9 Labs,g,44.00
Gelato #783,BULK-00783,Vapes,Nebula Extracts,each,51.00
Wedding Cake #784,BULK-00784,Concentrates,Sungrown Farms,g,58.00
GDP #785,BULK-00785,Flower,Kush Co,each,65.00
Pineapple Express #786,BULK-00786,Pre-Rolls,Cloud9 Labs,g,17.00
Northern Lights #787,BULK-00787,Edibles,Nebula Extracts,each,24.00
Runtz #788,BULK-00788,Vapes,Sungrown Farms,g,31.00
Zkittlez #789,BULK-00789,Concentrates,Kush Co,each,38.00
Blue Dream #790,BULK-00790,Flower,Cloud9 Labs,g,45.00
OG Kush #791,BULK-00791,Pre-Rolls,Nebula Extracts,each,52.00
Sour Diesel #792,BULK-00792,Edibles,Sungrown Farms,g,59.00
Gelato #793,BULK-00793,Vapes,Kush Co,each,66.00
Wedding Cake #794,BULK-00794,Concentrates,Cloud9 Labs,g,18.00
GDP #795,BULK-00795,Flower,Nebula Extracts,each,25.00
Pineapple Express #796,BULK-00796,Pre-Rolls,Sungrown Farms,g,32.00
Northern Lights #797,BULK-00797,Edibles,Kush Co,each,39.00
Runtz #798,BULK-00798,Vapes,Cloud9 Labs,g,46.00
Zkittlez #799,BULK-00799,Concentrates,Nebula Extracts,each,53.00
Blue Dream #800,BULK-00800,Flower,Sungrown Farms,g,60.00
OG Kush #801,BULK-00801,Pre-Rolls,Kush Co,each,67.00
Sour Diesel #802,BULK-00802,Edibles,Cloud9 Labs,g,19.00
Gelato #803,BULK-00803,Vapes,Nebula Extracts,each,26.00
Wedding Cake #804,BULK-00804,Concentrates,Sungrown Farms,g,33.00
GDP #805,BULK-00805,Flower,Kush Co,each,40.00
Pineapple Express #806,BULK-00806,Pre-Rolls,Cloud9 Labs,g,47.00
Northern Lights #807,BULK-00807,Edibles,Nebula Extracts,each,54.00
Runtz #808,BULK-00808,Vapes,Sungrown Farms,g,61.00
Zkittlez #809,BULK-00809,Concentrates,Kush Co,each,68.00
Blue Dream #810,BULK-00810,Flower,Cloud9 Labs,g,20.00
OG Kush #811,BULK-00811,Pre-Rolls,Nebula Extracts,each,27.00
Sour Diesel #812,BULK-00812,Edibles,Sungrown Farms,g,34.00
Gelato #813,BULK-00813,Vapes,Kush Co,each,41.00
Wedding Cake #814,BULK-00814,Concentrates,Cloud9 Labs,g,48.00
GDP #815,BULK-00815,Flower,Nebula Extracts,each,55.00
Pineapple Express #816,BULK-00816,Pre-Rolls,Sungrown Farms,g,62.00
Northern Lights #817,BULK-00817,Edibles,Kush Co,each,69.00
Runtz #818,BULK-00818,Vapes,Cloud9 Labs,g,21.00
Zkittlez #819,BULK-00819,Concentrates,Nebula Extracts,each,28.00
Blue Dream #820,BULK-00820,Flower,Sungrown Farms,g,35.00
OG Kush #821,BULK-00821,Pre-Rolls,Kush Co,each,42.00
Sour Diesel #822,BULK-00822,Edibles,Cloud9 Labs,g,49.00
Gelato #823,BULK-00823,Vapes,Nebula Extracts,each,56.00
Wedding Cake #824,BULK-00824,Concentrates,Sungrown Farms,g,63.00
GDP #825,BULK-00825,Flower,Kush Co,each,15.00
Pineapple Express #826,BULK-00826,Pre-Rolls,Cloud9 Labs,g,22.00
Northern Lights #827,BULK-00827,Edibles,Nebula Extracts,each,29.00
Runtz #828,BULK-00828,Vapes,Sungrown Farms,g,36.00
Zkittlez #829,BULK-00829,Concentrates,Kush Co,each,43.00
Blue Dream #830,BULK-00830,Flower,Cloud9 Labs,g,50.00
OG Kush #831,BULK-00831,Pre-Rolls,Nebula Extracts,each,57.00
Sour Diesel #832,BULK-00832,Edibles,Sungrown Farms,g,64.00
Gelato #833,BULK-00833,Vapes,Kush Co,each,16.00
Wedding Cake #834,BULK-00834,Concentrates,Cloud9 Labs,g,23.00
GDP #835,BULK-00835,Flower,Nebula Extracts,each,30.00
Pineapple Express #836,BULK-00836,Pre-Rolls,Sungrown Farms,g,37.00
Northern Lights #837,BULK-00837,Edibles,Kush Co,each,44.00
Runtz #838,BULK-00838,Vapes,Cloud9 Labs,g,51.00
Zkittlez #839,BULK-00839,Concentrates,Nebula Extracts,each,58.00
Blue Dream #840,BULK-00840,Flower,Sungrown Farms,g,65.00
OG Kush #841,BULK-00841,Pre-Rolls,Kush Co,each,17.00
Sour Diesel #842,BULK-00842,Edibles,Cloud9 Labs,g,24.00
Gelato #843,BULK-00843,Vapes,Nebula Extracts,each,31.00
Wedding Cake #844,BULK-00844,Concentrates,Sungrown Farms,g,38.00
GDP #845,BULK-00845,Flower,Kush Co,each,45.00
Pineapple Express #846,BULK-00846,Pre-Rolls,Cloud9 Labs,g,52.00
Northern Lights #847,BULK-00847,Edibles,Nebula Extracts,each,59.00
Runtz #848,BULK-00848,Vapes,Sungrown Farms,g,66.00
Zkittlez #849,BULK-00849,Concentrates,Kush Co,each,18.00
Blue Dream #850,BULK-00850,Flower,Cloud9 Labs,g,25.00
OG Kush #851,BULK-00851,Pre-Rolls,Nebula Extracts,each,32.00
Sour Diesel #852,BULK-00852,Edibles,Sungrown Farms,g,39.00
Gelato #853,BULK-00853,Vapes,Kush Co,each,46.00
Wedding Cake #854,BULK-00854,Concentrates,Cloud9 Labs,g,53.00
GDP #855,BULK-00855,Flower,Nebula Extracts,each,60.00
Pineapple Express #856,BULK-00856,Pre-Rolls,Sungrown Farms,g,67.00
Northern Lights #857,BULK-00857,Edibles,Kush Co,each,19.00
Runtz #858,BULK-00858,Vapes,Cloud9 Labs,g,26.00
Zkittlez #859,BULK-00859,Concentrates,Nebula Extracts,each,33.00
Blue Dream #860,BULK-00860,Flower,Sungrown Farms,g,40.00
OG Kush #861,BULK-00861,Pre-Rolls,Kush Co,each,47.00
Sour Diesel #862,BULK-00862,Edibles,Cloud9 Labs,g,54.00
Gelato #863,BULK-00863,Vapes,Nebula Extracts,each,61.00
Wedding Cake #864,BULK-00864,Concentrates,Sungrown Farms,g,68.00
GDP #865,BULK-00865,Flower,Kush Co,each,20.00
Pineapple Express #866,BULK-00866,Pre-Rolls,Cloud9 Labs,g,27.00
Northern Lights #867,BULK-00867,Edibles,Nebula Extracts,each,34.00
Runtz #868,BULK-00868,Vapes,Sungrown Farms,g,41.00
Zkittlez #869,BULK-00869,Concentrates,Kush Co,each,48.00
Blue Dream #870,BULK-00870,Flower,Cloud9 Labs,g,55.00
OG Kush #871,BULK-00871,Pre-Rolls,Nebula Extracts,each,62.00
Sour Diesel #872,BULK-00872,Edibles,Sungrown Farms,g,69.00
Gelato #873,BULK-00873,Vapes,Kush Co,each,21.00
Wedding Cake #874,BULK-00874,Concentrates,Cloud9 Labs,g,28.00
GDP #875,BULK-00875,Flower,Nebula Extracts,each,35.00
Pineapple Express #876,BULK-00876,Pre-Rolls,Sungrown Farms,g,42.00
Northern Lights #877,BULK-00877,Edibles,Kush Co,each,49.00
Runtz #878,BULK-00878,Vapes,Cloud9 Labs,g,56.00
Zkittlez #879,BULK-00879,Concentrates,Nebula Extracts,each,63.00
Blue Dream #880,BULK-00880,Flower,Sungrown Farms,g,15.00
OG Kush #881,BULK-00881,Pre-Rolls,Kush Co,each,22.00
Sour Diesel #882,BULK-00882,Edibles,Cloud9 Labs,g,29.00
Gelato #883,BULK-00883,Vapes,Nebula Extracts,each,36.00
Wedding Cake #884,BULK-00884,Concentrates,Sungrown Farms,g,43.00
GDP #885,BULK-00885,Flower,Kush Co,each,50.00
Pineapple Express #886,BULK-00886,Pre-Rolls,Cloud9 Labs,g,57.00
Northern Lights #887,BULK-00887,Edibles,Nebula Extracts,each,64.00
Runtz #888,BULK-00888,Vapes,Sungrown Farms,g,16.00
Zkittlez #889,BULK-00889,Concentrates,Kush Co,each,23.00
Blue Dream #890,BULK-00890,Flower,Cloud9 Labs,g,30.00
OG Kush #891,BULK-00891,Pre-Rolls,Nebula Extracts,each,37.00
Sour Diesel #892,BULK-00892,Edibles,Sungrown Farms,g,44.00
Gelato #893,BULK-00893,Vapes,Kush Co,each,51.00
Wedding Cake #894,BULK-00894,Concentrates,Cloud9 Labs,g,58.00
GDP #895,BULK-00895,Flower,Nebula Extracts,each,65.00
Pineapple Express #896,BULK-00896,Pre-Rolls,Sungrown Farms,g,17.00
Northern Lights #897,BULK-00897,Edibles,Kush Co,each,24.00
Runtz #898,BULK-00898,Vapes,Cloud9 Labs,g,31.00
Zkittlez #899,BULK-00899,Concentrates,Nebula Extracts,each,38.00
Blue Dream #900,BULK-00900,Flower,Sungrown Farms,g,45.00
OG Kush #901,BULK-00901,Pre-Rolls,Kush Co,each,52.00
Sour Diesel #902,BULK-00902,Edibles,Cloud9 Labs,g,59.00
Gelato #903,BULK-00903,Vapes,Nebula Extracts,each,66.00
Wedding Cake #904,BULK-00904,Concentrates,Sungrown Farms,g,18.00
GDP #905,BULK-00905,Flower,Kush Co,each,25.00
Pineapple Express #906,BULK-00906,Pre-Rolls,Cloud9 Labs,g,32.00
Northern Lights #907,BULK-00907,Edibles,Nebula Extracts,each,39.00
Runtz #908,BULK-00908,Vapes,Sungrown Farms,g,46.00
Zkittlez #909,BULK-00909,Concentrates,Kush Co,each,53.00
Blue Dream #910,BULK-00910,Flower,Cloud9 Labs,g,60.00
OG Kush #911,BULK-00911,Pre-Rolls,Nebula Extracts,each,67.00
Sour Diesel #912,BULK-00912,Edibles,Sungrown Farms,g,19.00
Gelato #913,BULK-00913,Vapes,Kush Co,each,26.00
Wedding Cake #914,BULK-00914,Concentrates,Cloud9 Labs,g,33.00
GDP #915,BULK-00915,Flower,Nebula Extracts,each,40.00
Pineapple Express #916,BULK-00916,Pre-Rolls,Sungrown Farms,g,47.00
Northern Lights #917,BULK-00917,Edibles,Kush Co,each,54.00
Runtz #918,BULK-00918,Vapes,Cloud9 Labs,g,61.00
Zkittlez #919,BULK-00919,Concentrates,Nebula Extracts,each,68.00
Blue Dream #920,BULK-00920,Flower,Sungrown Farms,g,20.00
OG Kush #921,BULK-00921,Pre-Rolls,Kush Co,each,27.00
Sour Diesel #922,BULK-00922,Edibles,Cloud9 Labs,g,34.00
Gelato #923,BULK-00923,Vapes,Nebula Extracts,each,41.00
Wedding Cake #924,BULK-00924,Concentrates,Sungrown Farms,g,48.00
GDP #925,BULK-00925,Flower,Kush Co,each,55.00
Pineapple Express #926,BULK-00926,Pre-Rolls,Cloud9 Labs,g,62.00
Northern Lights #927,BULK-00927,Edibles,Nebula Extracts,each,69.00
Runtz #928,BULK-00928,Vapes,Sungrown Farms,g,21.00
Zkittlez #929,BULK-00929,Concentrates,Kush Co,each,28.00
Blue Dream #930,BULK-00930,Flower,Cloud9 Labs,g,35.00
OG Kush #931,BULK-00931,Pre-Rolls,Nebula Extracts,each,42.00
Sour Diesel #932,BULK-00932,Edibles,Sungrown Farms,g,49.00
Gelato #933,BULK-00933,Vapes,Kush Co,each,56.00
Wedding Cake #934,BULK-00934,Concentrates,Cloud9 Labs,g,63.00
GDP #935,BULK-00935,Flower,Nebula Extracts,each,15.00
Pineapple Express #936,BULK-00936,Pre-Rolls,Sungrown Farms,g,22.00
Northern Lights #937,BULK-00937,Edibles,Kush Co,each,29.00
Runtz #938,BULK-00938,Vapes,Cloud9 Labs,g,36.00
Zkittlez #939,BULK-00939,Concentrates,Nebula Extracts,each,43.00
Blue Dream #940,BULK-00940,Flower,Sungrown Farms,g,50.00
OG Kush #941,BULK-00941,Pre-Rolls,Kush Co,each,57.00
Sour Diesel #942,BULK-00942,Edibles,Cloud9 Labs,g,64.00
Gelato #943,BULK-00943,Vapes,Nebula Extracts,each,16.00
Wedding Cake #944,BULK-00944,Concentrates,Sungrown Farms,g,23.00
GDP #945,BULK-00945,Flower,Kush Co,each,30.00
Pineapple Express #946,BULK-00946,Pre-Rolls,Cloud9 Labs,g,37.00
Northern Lights #947,BULK-00947,Edibles,Nebula Extracts,each,44.00
Runtz #948,BULK-00948,Vapes,Sungrown Farms,g,51.00
Zkittlez #949,BULK-00949,Concentrates,Kush Co,each,58.00
Blue Dream #950,BULK-00950,Flower,Cloud9 Labs,g,65.00
OG Kush #951,BULK-00951,Pre-Rolls,Nebula Extracts,each,17.00
Sour Diesel #952,BULK-00952,Edibles,Sungrown Farms,g,24.00
Gelato #953,BULK-00953,Vapes,Kush Co,each,31.00
Wedding Cake #954,BULK-00954,Concentrates,Cloud9 Labs,g,38.00
GDP #955,BULK-00955,Flower,Nebula Extracts,each,45.00
Pineapple Express #956,BULK-00956,Pre-Rolls,Sungrown Farms,g,52.00
Northern Lights #957,BULK-00957,Edibles,Kush Co,each,59.00
Runtz #958,BULK-00958,Vapes,Cloud9 Labs,g,66.00
Zkittlez #959,BULK-00959,Concentrates,Nebula Extracts,each,18.00
Blue Dream #960,BULK-00960,Flower,Sungrown Farms,g,25.00
OG Kush #961,BULK-00961,Pre-Rolls,Kush Co,each,32.00
Sour Diesel #962,BULK-00962,Edibles,Cloud9 Labs,g,39.00
Gelato #963,BULK-00963,Vapes,Nebula Extracts,each,46.00
Wedding Cake #964,BULK-00964,Concentrates,Sungrown Farms,g,53.00
GDP #965,BULK-00965,Flower,Kush Co,each,60.00
Pineapple Express #966,BULK-00966,Pre-Rolls,Cloud9 Labs,g,67.00
Northern Lights #967,BULK-00967,Edibles,Nebula Extracts,each,19.00
Runtz #968,BULK-00968,Vapes,Sungrown Farms,g,26.00
Zkittlez #969,BULK-00969,Concentrates,Kush Co,each,33.00
Blue Dream #970,BULK-00970,Flower,Cloud9 Labs,g,40.00
OG Kush #971,BULK-00971,Pre-Rolls,Nebula Extracts,each,47.00
Sour Diesel #972,BULK-00972,Edibles,Sungrown Farms,g,54.00
Gelato #973,BULK-00973,Vapes,Kush Co,each,61.00
Wedding Cake #974,BULK-00974,Concentrates,Cloud9 Labs,g,68.00
GDP #975,BULK-00975,Flower,Nebula Extracts,each,20.00
Pineapple Express #976,BULK-00976,Pre-Rolls,Sungrown Farms,g,27.00
Northern Lights #977,BULK-00977,Edibles,Kush Co,each,34.00
Runtz #978,BULK-00978,Vapes,Cloud9 Labs,g,41.00
Zkittlez #979,BULK-00979,Concentrates,Nebula Extracts,each,48.00
Blue Dream #980,BULK-00980,Flower,Sungrown Farms,g,55.00
OG Kush #981,BULK-00981,Pre-Rolls,Kush Co,each,62.00
Sour Diesel #982,BULK-00982,Edibles,Cloud9 Labs,g,69.00
Gelato #983,BULK-00983,Vapes,Nebula Extracts,each,21.00
Wedding Cake #984,BULK-00984,Concentrates,Sungrown Farms,g,28.00
GDP #985,BULK-00985,Flower,Kush Co,each,35.00
Pineapple Express #986,BULK-00986,Pre-Rolls,Cloud9 Labs,g,42.00
Northern Lights #987,BULK-00987,Edibles,Nebula Extracts,each,49.00
Runtz #988,BULK-00988,Vapes,Sungrown Farms,g,56.00
Zkittlez #989,BULK-00989,Concentrates,Kush Co,each,63.00
Blue Dream #990,BULK-00990,Flower,Cloud9 Labs,g,15.00
OG Kush #991,BULK-00991,Pre-Rolls,Nebula Extracts,each,22.00
Sour Diesel #992,BULK-00992,Edibles,Sungrown Farms,g,29.00
Gelato #993,BULK-00993,Vapes,Kush Co,each,36.00
Wedding Cake #994,BULK-00994,Concentrates,Cloud9 Labs,g,43.00
GDP #995,BULK-00995,Flower,Nebula Extracts,each,50.00
Pineapple Express #996,BULK-00996,Pre-Rolls,Sungrown Farms,g,57.00
Northern Lights #997,BULK-00997,Edibles,Kush Co,each,64.00
Runtz #998,BULK-00998,Vapes,Cloud9 Labs,g,16.00
Zkittlez #999,BULK-00999,Concentrates,Nebula Extracts,each,23.00
Blue Dream #1000,BULK-01000,Flower,Sungrown Farms,g,30.00
OG Kush #1001,BULK-01001,Pre-Rolls,Kush Co,each,37.00
Sour Diesel #1002,BULK-01002,Edibles,Cloud9 Labs,g,44.00
Gelato #1003,BULK-01003,Vapes,Nebula Extracts,each,51.00
Wedding Cake #1004,BULK-01004,Concentrates,Sungrown Farms,g,58.00
GDP #1005,BULK-01005,Flower,Kush Co,each,65.00
Pineapple Express #1006,BULK-01006,Pre-Rolls,Cloud9 Labs,g,17.00
Northern Lights #1007,BULK-01007,Edibles,Nebula Extracts,each,24.00
Runtz #1008,BULK-01008,Vapes,Sungrown Farms,g,31.00
Zkittlez #1009,BULK-01009,Concentrates,Kush Co,each,38.00
Blue Dream #1010,BULK-01010,Flower,Cloud9 Labs,g,45.00
OG Kush #1011,BULK-01011,Pre-Rolls,Nebula Extracts,each,52.00
Sour Diesel #1012,BULK-01012,Edibles,Sungrown Farms,g,59.00
Gelato #1013,BULK-01013,Vapes,Kush Co,each,66.00
Wedding Cake #1014,BULK-01014,Concentrates,Cloud9 Labs,g,18.00
GDP #1015,BULK-01015,Flower,Nebula Extracts,each,25.00
Pineapple Express #1016,BULK-01016,Pre-Rolls,Sungrown Farms,g,32.00
Northern Lights #1017,BULK-01017,Edibles,Kush Co,each,39.00
Runtz #1018,BULK-01018,Vapes,Cloud9 Labs,g,46.00
Zkittlez #1019,BULK-01019,Concentrates,Nebula Extracts,each,53.00
Blue Dream #1020,BULK-01020,Flower,Sungrown Farms,g,60.00
OG Kush #1021,BULK-01021,Pre-Rolls,Kush Co,each,67.00
Sour Diesel #1022,BULK-01022,Edibles,Cloud9 Labs,g,19.00
Gelato #1023,BULK-01023,Vapes,Nebula Extracts,each,26.00
Wedding Cake #1024,BULK-01024,Concentrates,Sungrown Farms,g,33.00
GDP #1025,BULK-01025,Flower,Kush Co,each,40.00
Pineapple Express #1026,BULK-01026,Pre-Rolls,Cloud9 Labs,g,47.00
Northern Lights #1027,BULK-01027,Edibles,Nebula Extracts,each,54.00
Runtz #1028,BULK-01028,Vapes,Sungrown Farms,g,61.00
Zkittlez #1029,BULK-01029,Concentrates,Kush Co,each,68.00
Blue Dream #1030,BULK-01030,Flower,Cloud9 Labs,g,20.00
OG Kush #1031,BULK-01031,Pre-Rolls,Nebula Extracts,each,27.00
Sour Diesel #1032,BULK-01032,Edibles,Sungrown Farms,g,34.00
Gelato #1033,BULK-01033,Vapes,Kush Co,each,41.00
Wedding Cake #1034,BULK-01034,Concentrates,Cloud9 Labs,g,48.00
GDP #1035,BULK-01035,Flower,Nebula Extracts,each,55.00
Pineapple Express #1036,BULK-01036,Pre-Rolls,Sungrown Farms,g,62.00
Northern Lights #1037,BULK-01037,Edibles,Kush Co,each,69.00
Runtz #1038,BULK-01038,Vapes,Cloud9 Labs,g,21.00
Zkittlez #1039,BULK-01039,Concentrates,Nebula Extracts,each,28.00
Blue Dream #1040,BULK-01040,Flower,Sungrown Farms,g,35.00
OG Kush #1041,BULK-01041,Pre-Rolls,Kush Co,each,42.00
Sour Diesel #1042,BULK-01042,Edibles,Cloud9 Labs,g,49.00
Gelato #1043,BULK-01043,Vapes,Nebula Extracts,each,56.00
Wedding Cake #1044,BULK-01044,Concentrates,Sungrown Farms,g,63.00
GDP #1045,BULK-01045,Flower,Kush Co,each,15.00
Pineapple Express #1046,BULK-01046,Pre-Rolls,Cloud9 Labs,g,22.00
Northern Lights #1047,BULK-01047,Edibles,Nebula Extracts,each,29.00
Runtz #1048,BULK-01048,Vapes,Sungrown Farms,g,36.00
Zkittlez #1049,BULK-01049,Concentrates,Kush Co,each,43.00
Blue Dream #1050,BULK-01050,Flower,Cloud9 Labs,g,50.00
OG Kush #1051,BULK-01051,Pre-Rolls,Nebula Extracts,each,57.00
Sour Diesel #1052,BULK-01052,Edibles,Sungrown Farms,g,64.00
Gelato #1053,BULK-01053,Vapes,Kush Co,each,16.00
Wedding Cake #1054,BULK-01054,Concentrates,Cloud9 Labs,g,23.00
GDP #1055,BULK-01055,Flower,Nebula Extracts,each,30.00
Pineapple Express #1056,BULK-01056,Pre-Rolls,Sungrown Farms,g,37.00
Northern Lights #1057,BULK-01057,Edibles,Kush Co,each,44.00
Runtz #1058,BULK-01058,Vapes,Cloud9 Labs,g,51.00
Zkittlez #1059,BULK-01059,Concentrates,Nebula Extracts,each,58.00
Blue Dream #1060,BULK-01060,Flower,Sungrown Farms,g,65.00
OG Kush #1061,BULK-01061,Pre-Rolls,Kush Co,each,17.00
Sour Diesel #1062,BULK-01062,Edibles,Cloud9 Labs,g,24.00
Gelato #1063,BULK-01063,Vapes,Nebula Extracts,each,31.00
Wedding Cake #1064,BULK-01064,Concentrates,Sungrown Farms,g,38.00
GDP #1065,BULK-01065,Flower,Kush Co,each,45.00
Pineapple Express #1066,BULK-01066,Pre-Rolls,Cloud9 Labs,g,52.00
Northern Lights #1067,BULK-01067,Edibles,Nebula Extracts,each,59.00
Runtz #1068,BULK-01068,Vapes,Sungrown Farms,g,66.00
Zkittlez #1069,BULK-01069,Concentrates,Kush Co,each,18.00
Blue Dream #1070,BULK-01070,Flower,Cloud9 Labs,g,25.00
OG Kush #1071,BULK-01071,Pre-Rolls,Nebula Extracts,each,32.00
Sour Diesel #1072,BULK-01072,Edibles,Sungrown Farms,g,39.00
Gelato #1073,BULK-01073,Vapes,Kush Co,each,46.00
Wedding Cake #1074,BULK-01074,Concentrates,Cloud9 Labs,g,53.00
GDP #1075,BULK-01075,Flower,Nebula Extracts,each,60.00
Pineapple Express #1076,BULK-01076,Pre-Rolls,Sungrown Farms,g,67.00
Northern Lights #1077,BULK-01077,Edibles,Kush Co,each,19.00
Runtz #1078,BULK-01078,Vapes,Cloud9 Labs,g,26.00
Zkittlez #1079,BULK-01079,Concentrates,Nebula Extracts,each,33.00
Blue Dream #1080,BULK-01080,Flower,Sungrown Farms,g,40.00
OG Kush #1081,BULK-01081,Pre-Rolls,Kush Co,each,47.00
Sour Diesel #1082,BULK-01082,Edibles,Cloud9 Labs,g,54.00
Gelato #1083,BULK-01083,Vapes,Nebula Extracts,each,61.00
Wedding Cake #1084,BULK-01084,Concentrates,Sungrown Farms,g,68.00
GDP #1085,BULK-01085,Flower,Kush Co,each,20.00
Pineapple Express #1086,BULK-01086,Pre-Rolls,Cloud9 Labs,g,27.00
Northern Lights #1087,BULK-01087,Edibles,Nebula Extracts,each,34.00
Runtz #1088,BULK-01088,Vapes,Sungrown Farms,g,41.00
Zkittlez #1089,BULK-01089,Concentrates,Kush Co,each,48.00
Blue Dream #1090,BULK-01090,Flower,Cloud9 Labs,g,55.00
OG Kush #1091,BULK-01091,Pre-Rolls,Nebula Extracts,each,62.00
Sour Diesel #1092,BULK-01092,Edibles,Sungrown Farms,g,69.00
Gelato #1093,BULK-01093,Vapes,Kush Co,each,21.00
Wedding Cake #1094,BULK-01094,Concentrates,Cloud9 Labs,g,28.00
GDP #1095,BULK-01095,Flower,Nebula Extracts,each,35.00
Pineapple Express #1096,BULK-01096,Pre-Rolls,Sungrown Farms,g,42.00
Northern Lights #1097,BULK-01097,Edibles,Kush Co,each,49.00
Runtz #1098,BULK-01098,Vapes,Cloud9 Labs,g,56.00
Zkittlez #1099,BULK-01099,Concentrates,Nebula Extracts,each,63.00
Blue Dream #1100,BULK-01100,Flower,Sungrown Farms,g,15.00
OG Kush #1101,BULK-01101,Pre-Rolls,Kush Co,each,22.00
Sour Diesel #1102,BULK-01102,Edibles,Cloud9 Labs,g,29.00
Gelato #1103,BULK-01103,Vapes,Nebula Extracts,each,36.00
Wedding Cake #1104,BULK-01104,Concentrates,Sungrown Farms,g,43.00
GDP #1105,BULK-01105,Flower,Kush Co,each,50.00
Pineapple Express #1106,BULK-01106,Pre-Rolls,Cloud9 Labs,g,57.00
Northern Lights #1107,BULK-01107,Edibles,Nebula Extracts,each,64.00
Runtz #1108,BULK-01108,Vapes,Sungrown Farms,g,16.00
Zkittlez #1109,BULK-01109,Concentrates,Kush Co,each,23.00
Blue Dream #1110,BULK-01110,Flower,Cloud9 Labs,g,30.00
OG Kush #1111,BULK-01111,Pre-Rolls,Nebula Extracts,each,37.00
Sour Diesel #1112,BULK-01112,Edibles,Sungrown Farms,g,44.00
Gelato #1113,BULK-01113,Vapes,Kush Co,each,51.00
Wedding Cake #1114,BULK-01114,Concentrates,Cloud9 Labs,g,58.00
GDP #1115,BULK-01115,Flower,Nebula Extracts,each,65.00
Pineapple Express #1116,BULK-01116,Pre-Rolls,Sungrown Farms,g,17.00
Northern Lights #1117,BULK-01117,Edibles,Kush Co,each,24.00
Runtz #1118,BULK-01118,Vapes,Cloud9 Labs,g,31.00
Zkittlez #1119,BULK-01119,Concentrates,Nebula Extracts,each,38.00
Blue Dream #1120,BULK-01120,Flower,Sungrown Farms,g,45.00
OG Kush #1121,BULK-01121,Pre-Rolls,Kush Co,each,52.00
Sour Diesel #1122,BULK-01122,Edibles,Cloud9 Labs,g,59.00
Gelato #1123,BULK-01123,Vapes,Nebula Extracts,each,66.00
Wedding Cake #1124,BULK-01124,Concentrates,Sungrown Farms,g,18.00
GDP #1125,BULK-01125,Flower,Kush Co,each,25.00
Pineapple Express #1126,BULK-01126,Pre-Rolls,Cloud9 Labs,g,32.00
Northern Lights #1127,BULK-01127,Edibles,Nebula Extracts,each,39.00
Runtz #1128,BULK-01128,Vapes,Sungrown Farms,g,46.00
Zkittlez #1129,BULK-01129,Concentrates,Kush Co,each,53.00
Blue Dream #1130,BULK-01130,Flower,Cloud9 Labs,g,60.00
OG Kush #1131,BULK-01131,Pre-Rolls,Nebula Extracts,each,67.00
Sour Diesel #1132,BULK-01132,Edibles,Sungrown Farms,g,19.00
Gelato #1133,BULK-01133,Vapes,Kush Co,each,26.00
Wedding Cake #1134,BULK-01134,Concentrates,Cloud9 Labs,g,33.00
GDP #1135,BULK-01135,Flower,Nebula Extracts,each,40.00
Pineapple Express #1136,BULK-01136,Pre-Rolls,Sungrown Farms,g,47.00
Northern Lights #1137,BULK-01137,Edibles,Kush Co,each,54.00
Runtz #1138,BULK-01138,Vapes,Cloud9 Labs,g,61.00
Zkittlez #1139,BULK-01139,Concentrates,Nebula Extracts,each,68.00
Blue Dream #1140,BULK-01140,Flower,Sungrown Farms,g,20.00
OG Kush #1141,BULK-01141,Pre-Rolls,Kush Co,each,27.00
Sour Diesel #1142,BULK-01142,Edibles,Cloud9 Labs,g,34.00
Gelato #1143,BULK-01143,Vapes,Nebula Extracts,each,41.00
Wedding Cake #1144,BULK-01144,Concentrates,Sungrown Farms,g,48.00
GDP #1145,BULK-01145,Flower,Kush Co,each,55.00
Pineapple Express #1146,BULK-01146,Pre-Rolls,Cloud9 Labs,g,62.00
Northern Lights #1147,BULK-01147,Edibles,Nebula Extracts,each,69.00
Runtz #1148,BULK-01148,Vapes,Sungrown Farms,g,21.00
Zkittlez #1149,BULK-01149,Concentrates,Kush Co,each,28.00
Blue Dream #1150,BULK-01150,Flower,Cloud9 Labs,g,35.00
OG Kush #1151,BULK-01151,Pre-Rolls,Nebula Extracts,each,42.00
Sour Diesel #1152,BULK-01152,Edibles,Sungrown Farms,g,49.00
Gelato #1153,BULK-01153,Vapes,Kush Co,each,56.00
Wedding Cake #1154,BULK-01154,Concentrates,Cloud9 Labs,g,63.00
GDP #1155,BULK-01155,Flower,Nebula Extracts,each,15.00
Pineapple Express #1156,BULK-01156,Pre-Rolls,Sungrown Farms,g,22.00
Northern Lights #1157,BULK-01157,Edibles,Kush Co,each,29.00
Runtz #1158,BULK-01158,Vapes,Cloud9 Labs,g,36.00
Zkittlez #1159,BULK-01159,Concentrates,Nebula Extracts,each,43.00
Blue Dream #1160,BULK-01160,Flower,Sungrown Farms,g,50.00
OG Kush #1161,BULK-01161,Pre-Rolls,Kush Co,each,57.00
Sour Diesel #1162,BULK-01162,Edibles,Cloud9 Labs,g,64.00
Gelato #1163,BULK-01163,Vapes,Nebula Extracts,each,16.00
Wedding Cake #1164,BULK-01164,Concentrates,Sungrown Farms,g,23.00
GDP #1165,BULK-01165,Flower,Kush Co,each,30.00
Pineapple Express #1166,BULK-01166,Pre-Rolls,Cloud9 Labs,g,37.00
Northern Lights #1167,BULK-01167,Edibles,Nebula Extracts,each,44.00
Runtz #1168,BULK-01168,Vapes,Sungrown Farms,g,51.00
Zkittlez #1169,BULK-01169,Concentrates,Kush Co,each,58.00
Blue Dream #1170,BULK-01170,Flower,Cloud9 Labs,g,65.00
OG Kush #1171,BULK-01171,Pre-Rolls,Nebula Extracts,each,17.00
Sour Diesel #1172,BULK-01172,Edibles,Sungrown Farms,g,24.00
Gelato #1173,BULK-01173,Vapes,Kush Co,each,31.00
Wedding Cake #1174,BULK-01174,Concentrates,Cloud9 Labs,g,38.00
GDP #1175,BULK-01175,Flower,Nebula Extracts,each,45.00
Pineapple Express #1176,BULK-01176,Pre-Rolls,Sungrown Farms,g,52.00
Northern Lights #1177,BULK-01177,Edibles,Kush Co,each,59.00
Runtz #1178,BULK-01178,Vapes,Cloud9 Labs,g,66.00
Zkittlez #1179,BULK-01179,Concentrates,Nebula Extracts,each,18.00
Blue Dream #1180,BULK-01180,Flower,Sungrown Farms,g,25.00
OG Kush #1181,BULK-01181,Pre-Rolls,Kush Co,each,32.00
Sour Diesel #1182,BULK-01182,Edibles,Cloud9 Labs,g,39.00
Gelato #1183,BULK-01183,Vapes,Nebula Extracts,each,46.00
Wedding Cake #1184,BULK-01184,Concentrates,Sungrown Farms,g,53.00
GDP #1185,BULK-01185,Flower,Kush Co,each,60.00
Pineapple Express #1186,BULK-01186,Pre-Rolls,Cloud9 Labs,g,67.00
Northern Lights #1187,BULK-01187,Edibles,Nebula Extracts,each,19.00
Runtz #1188,BULK-01188,Vapes,Sungrown Farms,g,26.00
Zkittlez #1189,BULK-01189,Concentrates,Kush Co,each,33.00
Blue Dream #1190,BULK-01190,Flower,Cloud9 Labs,g,40.00
OG Kush #1191,BULK-01191,Pre-Rolls,Nebula Extracts,each,47.00
Sour Diesel #1192,BULK-01192,Edibles,Sungrown Farms,g,54.00
Gelato #1193,BULK-01193,Vapes,Kush Co,each,61.00
Wedding Cake #1194,BULK-01194,Concentrates,Cloud9 Labs,g,68.00
GDP #1195,BULK-01195,Flower,Nebula Extracts,each,20.00
Pineapple Express #1196,BULK-01196,Pre-Rolls,Sungrown Farms,g,27.00
Northern Lights #1197,BULK-01197,Edibles,Kush Co,each,34.00
Runtz #1198,BULK-01198,Vapes,Cloud9 Labs,g,41.00
Zkittlez #1199,BULK-01199,Concentrates,Nebula Extracts,each,48.00
Blue Dream #1200,BULK-01200,Flower,Sungrown Farms,g,55.00
OG Kush #1201,BULK-01201,Pre-Rolls,Kush Co,each,62.00
Sour Diesel #1202,BULK-01202,Edibles,Cloud9 Labs,g,69.00
Gelato #1203,BULK-01203,Vapes,Nebula Extracts,each,21.00
Wedding Cake #1204,BULK-01204,Concentrates,Sungrown Farms,g,28.00
GDP #1205,BULK-01205,Flower,Kush Co,each,35.00
Pineapple Express #1206,BULK-01206,Pre-Rolls,Cloud9 Labs,g,42.00
Northern Lights #1207,BULK-01207,Edibles,Nebula Extracts,each,49.00
Runtz #1208,BULK-01208,Vapes,Sungrown Farms,g,56.00
Zkittlez #1209,BULK-01209,Concentrates,Kush Co,each,63.00
Blue Dream #1210,BULK-01210,Flower,Cloud9 Labs,g,15.00
OG Kush #1211,BULK-01211,Pre-Rolls,Nebula Extracts,each,22.00
Sour Diesel #1212,BULK-01212,Edibles,Sungrown Farms,g,29.00
Gelato #1213,BULK-01213,Vapes,Kush Co,each,36.00
Wedding Cake #1214,BULK-01214,Concentrates,Cloud9 Labs,g,43.00
GDP #1215,BULK-01215,Flower,Nebula Extracts,each,50.00
Pineapple Express #1216,BULK-01216,Pre-Rolls,Sungrown Farms,g,57.00
Northern Lights #1217,BULK-01217,Edibles,Kush Co,each,64.00
Runtz #1218,BULK-01218,Vapes,Cloud9 Labs,g,16.00
Zkittlez #1219,BULK-01219,Concentrates,Nebula Extracts,each,23.00
Blue Dream #1220,BULK-01220,Flower,Sungrown Farms,g,30.00
OG Kush #1221,BULK-01221,Pre-Rolls,Kush Co,each,37.00
Sour Diesel #1222,BULK-01222,Edibles,Cloud9 Labs,g,44.00
Gelato #1223,BULK-01223,Vapes,Nebula Extracts,each,51.00
Wedding Cake #1224,BULK-01224,Concentrates,Sungrown Farms,g,58.00
GDP #1225,BULK-01225,Flower,Kush Co,each,65.00
Pineapple Express #1226,BULK-01226,Pre-Rolls,Cloud9 Labs,g,17.00
Northern Lights #1227,BULK-01227,Edibles,Nebula Extracts,each,24.00
Runtz #1228,BULK-01228,Vapes,Sungrown Farms,g,31.00
Zkittlez #1229,BULK-01229,Concentrates,Kush Co,each,38.00
Blue Dream #1230,BULK-01230,Flower,Cloud9 Labs,g,45.00
OG Kush #1231,BULK-01231,Pre-Rolls,Nebula Extracts,each,52.00
Sour Diesel #1232,BULK-01232,Edibles,Sungrown Farms,g,59.00
Gelato #1233,BULK-01233,Vapes,Kush Co,each,66.00
Wedding Cake #1234,BULK-01234,Concentrates,Cloud9 Labs,g,18.00
GDP #1235,BULK-01235,Flower,Nebula Extracts,each,25.00
Pineapple Express #1236,BULK-01236,Pre-Rolls,Sungrown Farms,g,32.00
Northern Lights #1237,BULK-01237,Edibles,Kush Co,each,39.00
Runtz #1238,BULK-01238,Vapes,Cloud9 Labs,g,46.00
Zkittlez #1239,BULK-01239,Concentrates,Nebula Extracts,each,53.00
Blue Dream #1240,BULK-01240,Flower,Sungrown Farms,g,60.00
OG Kush #1241,BULK-01241,Pre-Rolls,Kush Co,each,67.00
Sour Diesel #1242,BULK-01242,Edibles,Cloud9 Labs,g,19.00
Gelato #1243,BULK-01243,Vapes,Nebula Extracts,each,26.00
Wedding Cake #1244,BULK-01244,Concentrates,Sungrown Farms,g,33.00
GDP #1245,BULK-01245,Flower,Kush Co,each,40.00
Pineapple Express #1246,BULK-01246,Pre-Rolls,Cloud9 Labs,g,47.00
Northern Lights #1247,BULK-01247,Edibles,Nebula Extracts,each,54.00
Runtz #1248,BULK-01248,Vapes,Sungrown Farms,g,61.00
Zkittlez #1249,BULK-01249,Concentrates,Kush Co,each,68.00
Blue Dream #1250,BULK-01250,Flower,Cloud9 Labs,g,20.00
OG Kush #1251,BULK-01251,Pre-Rolls,Nebula Extracts,each,27.00
Sour Diesel #1252,BULK-01252,Edibles,Sungrown Farms,g,34.00
Gelato #1253,BULK-01253,Vapes,Kush Co,each,41.00
Wedding Cake #1254,BULK-01254,Concentrates,Cloud9 Labs,g,48.00
GDP #1255,BULK-01255,Flower,Nebula Extracts,each,55.00
Pineapple Express #1256,BULK-01256,Pre-Rolls,Sungrown Farms,g,62.00
Northern Lights #1257,BULK-01257,Edibles,Kush Co,each,69.00
Runtz #1258,BULK-01258,Vapes,Cloud9 Labs,g,21.00
Zkittlez #1259,BULK-01259,Concentrates,Nebula Extracts,each,28.00
Blue Dream #1260,BULK-01260,Flower,Sungrown Farms,g,35.00
OG Kush #1261,BULK-01261,Pre-Rolls,Kush Co,each,42.00
Sour Diesel #1262,BULK-01262,Edibles,Cloud9 Labs,g,49.00
Gelato #1263,BULK-01263,Vapes,Nebula Extracts,each,56.00
Wedding Cake #1264,BULK-01264,Concentrates,Sungrown Farms,g,63.00
GDP #1265,BULK-01265,Flower,Kush Co,each,15.00
Pineapple Express #1266,BULK-01266,Pre-Rolls,Cloud9 Labs,g,22.00
Northern Lights #1267,BULK-01267,Edibles,Nebula Extracts,each,29.00
Runtz #1268,BULK-01268,Vapes,Sungrown Farms,g,36.00
Zkittlez #1269,BULK-01269,Concentrates,Kush Co,each,43.00
Blue Dream #1270,BULK-01270,Flower,Cloud9 Labs,g,50.00
OG Kush #1271,BULK-01271,Pre-Rolls,Nebula Extracts,each,57.00
Sour Diesel #1272,BULK-01272,Edibles,Sungrown Farms,g,64.00
Gelato #1273,BULK-01273,Vapes,Kush Co,each,16.00
Wedding Cake #1274,BULK-01274,Concentrates,Cloud9 Labs,g,23.00
GDP #1275,BULK-01275,Flower,Nebula Extracts,each,30.00
Pineapple Express #1276,BULK-01276,Pre-Rolls,Sungrown Farms,g,37.00
Northern Lights #1277,BULK-01277,Edibles,Kush Co,each,44.00
Runtz #1278,BULK-01278,Vapes,Cloud9 Labs,g,51.00
Zkittlez #1279,BULK-01279,Concentrates,Nebula Extracts,each,58.00
Blue Dream #1280,BULK-01280,Flower,Sungrown Farms,g,65.00
OG Kush #1281,BULK-01281,Pre-Rolls,Kush Co,each,17.00
Sour Diesel #1282,BULK-01282,Edibles,Cloud9 Labs,g,24.00
Gelato #1283,BULK-01283,Vapes,Nebula Extracts,each,31.00
Wedding Cake #1284,BULK-01284,Concentrates,Sungrown Farms,g,38.00
GDP #1285,BULK-01285,Flower,Kush Co,each,45.00
Pineapple Express #1286,BULK-01286,Pre-Rolls,Cloud9 Labs,g,52.00
Northern Lights #1287,BULK-01287,Edibles,Nebula Extracts,each,59.00
Runtz #1288,BULK-01288,Vapes,Sungrown Farms,g,66.00
Zkittlez #1289,BULK-01289,Concentrates,Kush Co,each,18.00
Blue Dream #1290,BULK-01290,Flower,Cloud9 Labs,g,25.00
OG Kush #1291,BULK-01291,Pre-Rolls,Nebula Extracts,each,32.00
Sour Diesel #1292,BULK-01292,Edibles,Sungrown Farms,g,39.00
Gelato #1293,BULK-01293,Vapes,Kush Co,each,46.00
Wedding Cake #1294,BULK-01294,Concentrates,Cloud9 Labs,g,53.00
GDP #1295,BULK-01295,Flower,Nebula Extracts,each,60.00
Pineapple Express #1296,BULK-01296,Pre-Rolls,Sungrown Farms,g,67.00
Northern Lights #1297,BULK-01297,Edibles,Kush Co,each,19.00
Runtz #1298,BULK-01298,Vapes,Cloud9 Labs,g,26.00
Zkittlez #1299,BULK-01299,Concentrates,Nebula Extracts,each,33.00
Blue Dream #1300,BULK-01300,Flower,Sungrown Farms,g,40.00
OG Kush #1301,BULK-01301,Pre-Rolls,Kush Co,each,47.00
Sour Diesel #1302,BULK-01302,Edibles,Cloud9 Labs,g,54.00
Gelato #1303,BULK-01303,Vapes,Nebula Extracts,each,61.00
Wedding Cake #1304,BULK-01304,Concentrates,Sungrown Farms,g,68.00
GDP #1305,BULK-01305,Flower,Kush Co,each,20.00
Pineapple Express #1306,BULK-01306,Pre-Rolls,Cloud9 Labs,g,27.00
Northern Lights #1307,BULK-01307,Edibles,Nebula Extracts,each,34.00
Runtz #1308,BULK-01308,Vapes,Sungrown Farms,g,41.00
Zkittlez #1309,BULK-01309,Concentrates,Kush Co,each,48.00
Blue Dream #1310,BULK-01310,Flower,Cloud9 Labs,g,55.00
OG Kush #1311,BULK-01311,Pre-Rolls,Nebula Extracts,each,62.00
Sour Diesel #1312,BULK-01312,Edibles,Sungrown Farms,g,69.00
Gelato #1313,BULK-01313,Vapes,Kush Co,each,21.00
Wedding Cake #1314,BULK-01314,Concentrates,Cloud9 Labs,g,28.00
GDP #1315,BULK-01315,Flower,Nebula Extracts,each,35.00
Pineapple Express #1316,BULK-01316,Pre-Rolls,Sungrown Farms,g,42.00
Northern Lights #1317,BULK-01317,Edibles,Kush Co,each,49.00
Runtz #1318,BULK-01318,Vapes,Cloud9 Labs,g,56.00
Zkittlez #1319,BULK-01319,Concentrates,Nebula Extracts,each,63.00
Blue Dream #1320,BULK-01320,Flower,Sungrown Farms,g,15.00
OG Kush #1321,BULK-01321,Pre-Rolls,Kush Co,each,22.00
Sour Diesel #1322,BULK-01322,Edibles,Cloud9 Labs,g,29.00
Gelato #1323,BULK-01323,Vapes,Nebula Extracts,each,36.00
Wedding Cake #1324,BULK-01324,Concentrates,Sungrown Farms,g,43.00
GDP #1325,BULK-01325,Flower,Kush Co,each,50.00
Pineapple Express #1326,BULK-01326,Pre-Rolls,Cloud9 Labs,g,57.00
Northern Lights #1327,BULK-01327,Edibles,Nebula Extracts,each,64.00
Runtz #1328,BULK-01328,Vapes,Sungrown Farms,g,16.00
Zkittlez #1329,BULK-01329,Concentrates,Kush Co,each,23.00
Blue Dream #1330,BULK-01330,Flower,Cloud9 Labs,g,30.00
OG Kush #1331,BULK-01331,Pre-Rolls,Nebula Extracts,each,37.00
Sour Diesel #1332,BULK-01332,Edibles,Sungrown Farms,g,44.00
Gelato #1333,BULK-01333,Vapes,Kush Co,each,51.00
Wedding Cake #1334,BULK-01334,Concentrates,Cloud9 Labs,g,58.00
GDP #1335,BULK-01335,Flower,Nebula Extracts,each,65.00
Pineapple Express #1336,BULK-01336,Pre-Rolls,Sungrown Farms,g,17.00
Northern Lights #1337,BULK-01337,Edibles,Kush Co,each,24.00
Runtz #1338,BULK-01338,Vapes,Cloud9 Labs,g,31.00
Zkittlez #1339,BULK-01339,Concentrates,Nebula Extracts,each,38.00
Blue Dream #1340,BULK-01340,Flower,Sungrown Farms,g,45.00
OG Kush #1341,BULK-01341,Pre-Rolls,Kush Co,each,52.00
Sour Diesel #1342,BULK-01342,Edibles,Cloud9 Labs,g,59.00
Gelato #1343,BULK-01343,Vapes,Nebula Extracts,each,66.00
Wedding Cake #1344,BULK-01344,Concentrates,Sungrown Farms,g,18.00
GDP #1345,BULK-01345,Flower,Kush Co,each,25.00
Pineapple Express #1346,BULK-01346,Pre-Rolls,Cloud9 Labs,g,32.00
Northern Lights #1347,BULK-01347,Edibles,Nebula Extracts,each,39.00
Runtz #1348,BULK-01348,Vapes,Sungrown Farms,g,46.00
Zkittlez #1349,BULK-01349,Concentrates,Kush Co,each,53.00
Blue Dream #1350,BULK-01350,Flower,Cloud9 Labs,g,60.00
OG Kush #1351,BULK-01351,Pre-Rolls,Nebula Extracts,each,67.00
Sour Diesel #1352,BULK-01352,Edibles,Sungrown Farms,g,19.00
Gelato #1353,BULK-01353,Vapes,Kush Co,each,26.00
Wedding Cake #1354,BULK-01354,Concentrates,Cloud9 Labs,g,33.00
GDP #1355,BULK-01355,Flower,Nebula Extracts,each,40.00
Pineapple Express #1356,BULK-01356,Pre-Rolls,Sungrown Farms,g,47.00
Northern Lights #1357,BULK-01357,Edibles,Kush Co,each,54.00
Runtz #1358,BULK-01358,Vapes,Cloud9 Labs,g,61.00
Zkittlez #1359,BULK-01359,Concentrates,Nebula Extracts,each,68.00
Blue Dream #1360,BULK-01360,Flower,Sungrown Farms,g,20.00
OG Kush #1361,BULK-01361,Pre-Rolls,Kush Co,each,27.00
Sour Diesel #1362,BULK-01362,Edibles,Cloud9 Labs,g,34.00
Gelato #1363,BULK-01363,Vapes,Nebula Extracts,each,41.00
Wedding Cake #1364,BULK-01364,Concentrates,Sungrown Farms,g,48.00
GDP #1365,BULK-01365,Flower,Kush Co,each,55.00
Pineapple Express #1366,BULK-01366,Pre-Rolls,Cloud9 Labs,g,62.00
Northern Lights #1367,BULK-01367,Edibles,Nebula Extracts,each,69.00
Runtz #1368,BULK-01368,Vapes,Sungrown Farms,g,21.00
Zkittlez #1369,BULK-01369,Concentrates,Kush Co,each,28.00
Blue Dream #1370,BULK-01370,Flower,Cloud9 Labs,g,35.00
OG Kush #1371,BULK-01371,Pre-Rolls,Nebula Extracts,each,42.00
Sour Diesel #1372,BULK-01372,Edibles,Sungrown Farms,g,49.00
Gelato #1373,BULK-01373,Vapes,Kush Co,each,56.00
Wedding Cake #1374,BULK-01374,Concentrates,Cloud9 Labs,g,63.00
GDP #1375,BULK-01375,Flower,Nebula Extracts,each,15.00
Pineapple Express #1376,BULK-01376,Pre-Rolls,Sungrown Farms,g,22.00
Northern Lights #1377,BULK-01377,Edibles,Kush Co,each,29.00
Runtz #1378,BULK-01378,Vapes,Cloud9 Labs,g,36.00
Zkittlez #1379,BULK-01379,Concentrates,Nebula Extracts,each,43.00
Blue Dream #1380,BULK-01380,Flower,Sungrown Farms,g,50.00
OG Kush #1381,BULK-01381,Pre-Rolls,Kush Co,each,57.00
Sour Diesel #1382,BULK-01382,Edibles,Cloud9 Labs,g,64.00
Gelato #1383,BULK-01383,Vapes,Nebula Extracts,each,16.00
Wedding Cake #1384,BULK-01384,Concentrates,Sungrown Farms,g,23.00
GDP #1385,BULK-01385,Flower,Kush Co,each,30.00
Pineapple Express #1386,BULK-01386,Pre-Rolls,Cloud9 Labs,g,37.00
Northern Lights #1387,BULK-01387,Edibles,Nebula Extracts,each,44.00
Runtz #1388,BULK-01388,Vapes,Sungrown Farms,g,51.00
Zkittlez #1389,BULK-01389,Concentrates,Kush Co,each,58.00
Blue Dream #1390,BULK-01390,Flower,Cloud9 Labs,g,65.00
OG Kush #1391,BULK-01391,Pre-Rolls,Nebula Extracts,each,17.00
Sour Diesel #1392,BULK-01392,Edibles,Sungrown Farms,g,24.00
Gelato #1393,BULK-01393,Vapes,Kush Co,each,31.00
Wedding Cake #1394,BULK-01394,Concentrates,Cloud9 Labs,g,38.00
GDP #1395,BULK-01395,Flower,Nebula Extracts,each,45.00
Pineapple Express #1396,BULK-01396,Pre-Rolls,Sungrown Farms,g,52.00
Northern Lights #1397,BULK-01397,Edibles,Kush Co,each,59.00
Runtz #1398,BULK-01398,Vapes,Cloud9 Labs,g,66.00
Zkittlez #1399,BULK-01399,Concentrates,Nebula Extracts,each,18.00
Blue Dream #1400,BULK-01400,Flower,Sungrown Farms,g,25.00
OG Kush #1401,BULK-01401,Pre-Rolls,Kush Co,each,32.00
Sour Diesel #1402,BULK-01402,Edibles,Cloud9 Labs,g,39.00
Gelato #1403,BULK-01403,Vapes,Nebula Extracts,each,46.00
Wedding Cake #1404,BULK-01404,Concentrates,Sungrown Farms,g,53.00
GDP #1405,BULK-01405,Flower,Kush Co,each,60.00
Pineapple Express #1406,BULK-01406,Pre-Rolls,Cloud9 Labs,g,67.00
Northern Lights #1407,BULK-01407,Edibles,Nebula Extracts,each,19.00
Runtz #1408,BULK-01408,Vapes,Sungrown Farms,g,26.00
Zkittlez #1409,BULK-01409,Concentrates,Kush Co,each,33.00
Blue Dream #1410,BULK-01410,Flower,Cloud9 Labs,g,40.00
OG Kush #1411,BULK-01411,Pre-Rolls,Nebula Extracts,each,47.00
Sour Diesel #1412,BULK-01412,Edibles,Sungrown Farms,g,54.00
Gelato #1413,BULK-01413,Vapes,Kush Co,each,61.00
Wedding Cake #1414,BULK-01414,Concentrates,Cloud9 Labs,g,68.00
GDP #1415,BULK-01415,Flower,Nebula Extracts,each,20.00
Pineapple Express #1416,BULK-01416,Pre-Rolls,Sungrown Farms,g,27.00
Northern Lights #1417,BULK-01417,Edibles,Kush Co,each,34.00
Runtz #1418,BULK-01418,Vapes,Cloud9 Labs,g,41.00
Zkittlez #1419,BULK-01419,Concentrates,Nebula Extracts,each,48.00
Blue Dream #1420,BULK-01420,Flower,Sungrown Farms,g,55.00
OG Kush #1421,BULK-01421,Pre-Rolls,Kush Co,each,62.00
Sour Diesel #1422,BULK-01422,Edibles,Cloud9 Labs,g,69.00
Gelato #1423,BULK-01423,Vapes,Nebula Extracts,each,21.00
Wedding Cake #1424,BULK-01424,Concentrates,Sungrown Farms,g,28.00
GDP #1425,BULK-01425,Flower,Kush Co,each,35.00
Pineapple Express #1426,BULK-01426,Pre-Rolls,Cloud9 Labs,g,42.00
Northern Lights #1427,BULK-01427,Edibles,Nebula Extracts,each,49.00
Runtz #1428,BULK-01428,Vapes,Sungrown Farms,g,56.00
Zkittlez #1429,BULK-01429,Concentrates,Kush Co,each,63.00
Blue Dream #1430,BULK-01430,Flower,Cloud9 Labs,g,15.00
OG Kush #1431,BULK-01431,Pre-Rolls,Nebula Extracts,each,22.00
Sour Diesel #1432,BULK-01432,Edibles,Sungrown Farms,g,29.00
Gelato #1433,BULK-01433,Vapes,Kush Co,each,36.00
Wedding Cake #1434,BULK-01434,Concentrates,Cloud9 Labs,g,43.00
GDP #1435,BULK-01435,Flower,Nebula Extracts,each,50.00
Pineapple Express #1436,BULK-01436,Pre-Rolls,Sungrown Farms,g,57.00
Northern Lights #1437,BULK-01437,Edibles,Kush Co,each,64.00
Runtz #1438,BULK-01438,Vapes,Cloud9 Labs,g,16.00
Zkittlez #1439,BULK-01439,Concentrates,Nebula Extracts,each,23.00
Blue Dream #1440,BULK-01440,Flower,Sungrown Farms,g,30.00
OG Kush #1441,BULK-01441,Pre-Rolls,Kush Co,each,37.00
Sour Diesel #1442,BULK-01442,Edibles,Cloud9 Labs,g,44.00
Gelato #1443,BULK-01443,Vapes,Nebula Extracts,each,51.00
Wedding Cake #1444,BULK-01444,Concentrates,Sungrown Farms,g,58.00
GDP #1445,BULK-01445,Flower,Kush Co,each,65.00
Pineapple Express #1446,BULK-01446,Pre-Rolls,Cloud9 Labs,g,17.00
Northern Lights #1447,BULK-01447,Edibles,Nebula Extracts,each,24.00
Runtz #1448,BULK-01448,Vapes,Sungrown Farms,g,31.00
Zkittlez #1449,BULK-01449,Concentrates,Kush Co,each,38.00
Blue Dream #1450,BULK-01450,Flower,Cloud9 Labs,g,45.00
OG Kush #1451,BULK-01451,Pre-Rolls,Nebula Extracts,each,52.00
Sour Diesel #1452,BULK-01452,Edibles,Sungrown Farms,g,59.00
Gelato #1453,BULK-01453,Vapes,Kush Co,each,66.00
Wedding Cake #1454,BULK-01454,Concentrates,Cloud9 Labs,g,18.00
GDP #1455,BULK-01455,Flower,Nebula Extracts,each,25.00
Pineapple Express #1456,BULK-01456,Pre-Rolls,Sungrown Farms,g,32.00
Northern Lights #1457,BULK-01457,Edibles,Kush Co,each,39.00
Runtz #1458,BULK-01458,Vapes,Cloud9 Labs,g,46.00
Zkittlez #1459,BULK-01459,Concentrates,Nebula Extracts,each,53.00
Blue Dream #1460,BULK-01460,Flower,Sungrown Farms,g,60.00
OG Kush #1461,BULK-01461,Pre-Rolls,Kush Co,each,67.00
Sour Diesel #1462,BULK-01462,Edibles,Cloud9 Labs,g,19.00
Gelato #1463,BULK-01463,Vapes,Nebula Extracts,each,26.00
Wedding Cake #1464,BULK-01464,Concentrates,Sungrown Farms,g,33.00
GDP #1465,BULK-01465,Flower,Kush Co,each,40.00
Pineapple Express #1466,BULK-01466,Pre-Rolls,Cloud9 Labs,g,47.00
Northern Lights #1467,BULK-01467,Edibles,Nebula Extracts,each,54.00
Runtz #1468,BULK-01468,Vapes,Sungrown Farms,g,61.00
Zkittlez #1469,BULK-01469,Concentrates,Kush Co,each,68.00
Blue Dream #1470,BULK-01470,Flower,Cloud9 Labs,g,20.00
OG Kush #1471,BULK-01471,Pre-Rolls,Nebula Extracts,each,27.00
Sour Diesel #1472,BULK-01472,Edibles,Sungrown Farms,g,34.00
Gelato #1473,BULK-01473,Vapes,Kush Co,each,41.00
Wedding Cake #1474,BULK-01474,Concentrates,Cloud9 Labs,g,48.00
GDP #1475,BULK-01475,Flower,Nebula Extracts,each,55.00
Pineapple Express #1476,BULK-01476,Pre-Rolls,Sungrown Farms,g,62.00
Northern Lights #1477,BULK-01477,Edibles,Kush Co,each,69.00
Runtz #1478,BULK-01478,Vapes,Cloud9 Labs,g,21.00
Zkittlez #1479,BULK-01479,Concentrates,Nebula Extracts,each,28.00
Blue Dream #1480,BULK-01480,Flower,Sungrown Farms,g,35.00
OG Kush #1481,BULK-01481,Pre-Rolls,Kush Co,each,42.00
Sour Diesel #1482,BULK-01482,Edibles,Cloud9 Labs,g,49.00
Gelato #1483,BULK-01483,Vapes,Nebula Extracts,each,56.00
Wedding Cake #1484,BULK-01484,Concentrates,Sungrown Farms,g,63.00
GDP #1485,BULK-01485,Flower,Kush Co,each,15.00
Pineapple Express #1486,BULK-01486,Pre-Rolls,Cloud9 Labs,g,22.00
Northern Lights #1487,BULK-01487,Edibles,Nebula Extracts,each,29.00
Runtz #1488,BULK-01488,Vapes,Sungrown Farms,g,36.00
Zkittlez #1489,BULK-01489,Concentrates,Kush Co,each,43.00
Blue Dream #1490,BULK-01490,Flower,Cloud9 Labs,g,50.00
OG Kush #1491,BULK-01491,Pre-Rolls,Nebula Extracts,each,57.00
Sour Diesel #1492,BULK-01492,Edibles,Sungrown Farms,g,64.00
Gelato #1493,BULK-01493,Vapes,Kush Co,each,16.00
Wedding Cake #1494,BULK-01494,Concentrates,Cloud9 Labs,g,23.00
GDP #1495,BULK-01495,Flower,Nebula Extracts,each,30.00
Pineapple Express #1496,BULK-01496,Pre-Rolls,Sungrown Farms,g,37.00
Northern Lights #1497,BULK-01497,Edibles,Kush Co,each,44.00
Runtz #1498,BULK-01498,Vapes,Cloud9 Labs,g,51.00
Zkittlez #1499,BULK-01499,Concentrates,Nebula Extracts,each,58.00
Blue Dream #1500,BULK-01500,Flower,Sungrown Farms,g,65.00
OG Kush #1501,BULK-01501,Pre-Rolls,Kush Co,each,17.00
Sour Diesel #1502,BULK-01502,Edibles,Cloud9 Labs,g,24.00
Gelato #1503,BULK-01503,Vapes,Nebula Extracts,each,31.00
Wedding Cake #1504,BULK-01504,Concentrates,Sungrown Farms,g,38.00
GDP #1505,BULK-01505,Flower,Kush Co,each,45.00
Pineapple Express #1506,BULK-01506,Pre-Rolls,Cloud9 Labs,g,52.00
Northern Lights #1507,BULK-01507,Edibles,Nebula Extracts,each,59.00
Runtz #1508,BULK-01508,Vapes,Sungrown Farms,g,66.00
Zkittlez #1509,BULK-01509,Concentrates,Kush Co,each,18.00
Blue Dream #1510,BULK-01510,Flower,Cloud9 Labs,g,25.00
OG Kush #1511,BULK-01511,Pre-Rolls,Nebula Extracts,each,32.00
Sour Diesel #1512,BULK-01512,Edibles,Sungrown Farms,g,39.00
Gelato #1513,BULK-01513,Vapes,Kush Co,each,46.00
Wedding Cake #1514,BULK-01514,Concentrates,Cloud9 Labs,g,53.00
GDP #1515,BULK-01515,Flower,Nebula Extracts,each,60.00
Pineapple Express #1516,BULK-01516,Pre-Rolls,Sungrown Farms,g,67.00
Northern Lights #1517,BULK-01517,Edibles,Kush Co,each,19.00
Runtz #1518,BULK-01518,Vapes,Cloud9 Labs,g,26.00
Zkittlez #1519,BULK-01519,Concentrates,Nebula Extracts,each,33.00
Blue Dream #1520,BULK-01520,Flower,Sungrown Farms,g,40.00
OG Kush #1521,BULK-01521,Pre-Rolls,Kush Co,each,47.00
Sour Diesel #1522,BULK-01522,Edibles,Cloud9 Labs,g,54.00
Gelato #1523,BULK-01523,Vapes,Nebula Extracts,each,61.00
Wedding Cake #1524,BULK-01524,Concentrates,Sungrown Farms,g,68.00
GDP #1525,BULK-01525,Flower,Kush Co,each,20.00
Pineapple Express #1526,BULK-01526,Pre-Rolls,Cloud9 Labs,g,27.00
Northern Lights #1527,BULK-01527,Edibles,Nebula Extracts,each,34.00
Runtz #1528,BULK-01528,Vapes,Sungrown Farms,g,41.00
Zkittlez #1529,BULK-01529,Concentrates,Kush Co,each,48.00
Blue Dream #1530,BULK-01530,Flower,Cloud9 Labs,g,55.00
OG Kush #1531,BULK-01531,Pre-Rolls,Nebula Extracts,each,62.00
Sour Diesel #1532,BULK-01532,Edibles,Sungrown Farms,g,69.00
Gelato #1533,BULK-01533,Vapes,Kush Co,each,21.00
Wedding Cake #1534,BULK-01534,Concentrates,Cloud9 Labs,g,28.00
GDP #1535,BULK-01535,Flower,Nebula Extracts,each,35.00
Pineapple Express #1536,BULK-01536,Pre-Rolls,Sungrown Farms,g,42.00
Northern Lights #1537,BULK-01537,Edibles,Kush Co,each,49.00
Runtz #1538,BULK-01538,Vapes,Cloud9 Labs,g,56.00
Zkittlez #1539,BULK-01539,Concentrates,Nebula Extracts,each,63.00
Blue Dream #1540,BULK-01540,Flower,Sungrown Farms,g,15.00
OG Kush #1541,BULK-01541,Pre-Rolls,Kush Co,each,22.00
Sour Diesel #1542,BULK-01542,Edibles,Cloud9 Labs,g,29.00
Gelato #1543,BULK-01543,Vapes,Nebula Extracts,each,36.00
Wedding Cake #1544,BULK-01544,Concentrates,Sungrown Farms,g,43.00
GDP #1545,BULK-01545,Flower,Kush Co,each,50.00
Pineapple Express #1546,BULK-01546,Pre-Rolls,Cloud9 Labs,g,57.00
Northern Lights #1547,BULK-01547,Edibles,Nebula Extracts,each,64.00
Runtz #1548,BULK-01548,Vapes,Sungrown Farms,g,16.00
Zkittlez #1549,BULK-01549,Concentrates,Kush Co,each,23.00
Blue Dream #1550,BULK-01550,Flower,Cloud9 Labs,g,30.00
OG Kush #1551,BULK-01551,Pre-Rolls,Nebula Extracts,each,37.00
Sour Diesel #1552,BULK-01552,Edibles,Sungrown Farms,g,44.00
Gelato #1553,BULK-01553,Vapes,Kush Co,each,51.00
Wedding Cake #1554,BULK-01554,Concentrates,Cloud9 Labs,g,58.00
GDP #1555,BULK-01555,Flower,Nebula Extracts,each,65.00
Pineapple Express #1556,BULK-01556,Pre-Rolls,Sungrown Farms,g,17.00
Northern Lights #1557,BULK-01557,Edibles,Kush Co,each,24.00
Runtz #1558,BULK-01558,Vapes,Cloud9 Labs,g,31.00
Zkittlez #1559,BULK-01559,Concentrates,Nebula Extracts,each,38.00
Blue Dream #1560,BULK-01560,Flower,Sungrown Farms,g,45.00
OG Kush #1561,BULK-01561,Pre-Rolls,Kush Co,each,52.00
Sour Diesel #1562,BULK-01562,Edibles,Cloud9 Labs,g,59.00
Gelato #1563,BULK-01563,Vapes,Nebula Extracts,each,66.00
Wedding Cake #1564,BULK-01564,Concentrates,Sungrown Farms,g,18.00
GDP #1565,BULK-01565,Flower,Kush Co,each,25.00
Pineapple Express #1566,BULK-01566,Pre-Rolls,Cloud9 Labs,g,32.00
Northern Lights #1567,BULK-01567,Edibles,Nebula Extracts,each,39.00
Runtz #1568,BULK-01568,Vapes,Sungrown Farms,g,46.00
Zkittlez #1569,BULK-01569,Concentrates,Kush Co,each,53.00
Blue Dream #1570,BULK-01570,Flower,Cloud9 Labs,g,60.00
OG Kush #1571,BULK-01571,Pre-Rolls,Nebula Extracts,each,67.00
Sour Diesel #1572,BULK-01572,Edibles,Sungrown Farms,g,19.00
Gelato #1573,BULK-01573,Vapes,Kush Co,each,26.00
Wedding Cake #1574,BULK-01574,Concentrates,Cloud9 Labs,g,33.00
GDP #1575,BULK-01575,Flower,Nebula Extracts,each,40.00
Pineapple Express #1576,BULK-01576,Pre-Rolls,Sungrown Farms,g,47.00
Northern Lights #1577,BULK-01577,Edibles,Kush Co,each,54.00
Runtz #1578,BULK-01578,Vapes,Cloud9 Labs,g,61.00
Zkittlez #1579,BULK-01579,Concentrates,Nebula Extracts,each,68.00
Blue Dream #1580,BULK-01580,Flower,Sungrown Farms,g,20.00
OG Kush #1581,BULK-01581,Pre-Rolls,Kush Co,each,27.00
Sour Diesel #1582,BULK-01582,Edibles,Cloud9 Labs,g,34.00
Gelato #1583,BULK-01583,Vapes,Nebula Extracts,each,41.00
Wedding Cake #1584,BULK-01584,Concentrates,Sungrown Farms,g,48.00
GDP #1585,BULK-01585,Flower,Kush Co,each,55.00
Pineapple Express #1586,BULK-01586,Pre-Rolls,Cloud9 Labs,g,62.00
Northern Lights #1587,BULK-01587,Edibles,Nebula Extracts,each,69.00
Runtz #1588,BULK-01588,Vapes,Sungrown Farms,g,21.00
Zkittlez #1589,BULK-01589,Concentrates,Kush Co,each,28.00
Blue Dream #1590,BULK-01590,Flower,Cloud9 Labs,g,35.00
OG Kush #1591,BULK-01591,Pre-Rolls,Nebula Extracts,each,42.00
Sour Diesel #1592,BULK-01592,Edibles,Sungrown Farms,g,49.00
Gelato #1593,BULK-01593,Vapes,Kush Co,each,56.00
Wedding Cake #1594,BULK-01594,Concentrates,Cloud9 Labs,g,63.00
GDP #1595,BULK-01595,Flower,Nebula Extracts,each,15.00
Pineapple Express #1596,BULK-01596,Pre-Rolls,Sungrown Farms,g,22.00
Northern Lights #1597,BULK-01597,Edibles,Kush Co,each,29.00
Runtz #1598,BULK-01598,Vapes,Cloud9 Labs,g,36.00
Zkittlez #1599,BULK-01599,Concentrates,Nebula Extracts,each,43.00
Blue Dream #1600,BULK-01600,Flower,Sungrown Farms,g,50.00
OG Kush #1601,BULK-01601,Pre-Rolls,Kush Co,each,57.00
Sour Diesel #1602,BULK-01602,Edibles,Cloud9 Labs,g,64.00
Gelato #1603,BULK-01603,Vapes,Nebula Extracts,each,16.00
Wedding Cake #1604,BULK-01604,Concentrates,Sungrown Farms,g,23.00
GDP #1605,BULK-01605,Flower,Kush Co,each,30.00
Pineapple Express #1606,BULK-01606,Pre-Rolls,Cloud9 Labs,g,37.00
Northern Lights #1607,BULK-01607,Edibles,Nebula Extracts,each,44.00
Runtz #1608,BULK-01608,Vapes,Sungrown Farms,g,51.00
Zkittlez #1609,BULK-01609,Concentrates,Kush Co,each,58.00
Blue Dream #1610,BULK-01610,Flower,Cloud9 Labs,g,65.00
OG Kush #1611,BULK-01611,Pre-Rolls,Nebula Extracts,each,17.00
Sour Diesel #1612,BULK-01612,Edibles,Sungrown Farms,g,24.00
Gelato #1613,BULK-01613,Vapes,Kush Co,each,31.00
Wedding Cake #1614,BULK-01614,Concentrates,Cloud9 Labs,g,38.00
GDP #1615,BULK-01615,Flower,Nebula Extracts,each,45.00
Pineapple Express #1616,BULK-01616,Pre-Rolls,Sungrown Farms,g,52.00
Northern Lights #1617,BULK-01617,Edibles,Kush Co,each,59.00
Runtz #1618,BULK-01618,Vapes,Cloud9 Labs,g,66.00
Zkittlez #1619,BULK-01619,Concentrates,Nebula Extracts,each,18.00
Blue Dream #1620,BULK-01620,Flower,Sungrown Farms,g,25.00
OG Kush #1621,BULK-01621,Pre-Rolls,Kush Co,each,32.00
Sour Diesel #1622,BULK-01622,Edibles,Cloud9 Labs,g,39.00
Gelato #1623,BULK-01623,Vapes,Nebula Extracts,each,46.00
Wedding Cake #1624,BULK-01624,Concentrates,Sungrown Farms,g,53.00
GDP #1625,BULK-01625,Flower,Kush Co,each,60.00
Pineapple Express #1626,BULK-01626,Pre-Rolls,Cloud9 Labs,g,67.00
Northern Lights #1627,BULK-01627,Edibles,Nebula Extracts,each,19.00
Runtz #1628,BULK-01628,Vapes,Sungrown Farms,g,26.00
Zkittlez #1629,BULK-01629,Concentrates,Kush Co,each,33.00
Blue Dream #1630,BULK-01630,Flower,Cloud9 Labs,g,40.00
OG Kush #1631,BULK-01631,Pre-Rolls,Nebula Extracts,each,47.00
Sour Diesel #1632,BULK-01632,Edibles,Sungrown Farms,g,54.00
Gelato #1633,BULK-01633,Vapes,Kush Co,each,61.00
Wedding Cake #1634,BULK-01634,Concentrates,Cloud9 Labs,g,68.00
GDP #1635,BULK-01635,Flower,Nebula Extracts,each,20.00
Pineapple Express #1636,BULK-01636,Pre-Rolls,Sungrown Farms,g,27.00
Northern Lights #1637,BULK-01637,Edibles,Kush Co,each,34.00
Runtz #1638,BULK-01638,Vapes,Cloud9 Labs,g,41.00
Zkittlez #1639,BULK-01639,Concentrates,Nebula Extracts,each,48.00
Blue Dream #1640,BULK-01640,Flower,Sungrown Farms,g,55.00
OG Kush #1641,BULK-01641,Pre-Rolls,Kush Co,each,62.00
Sour Diesel #1642,BULK-01642,Edibles,Cloud9 Labs,g,69.00
Gelato #1643,BULK-01643,Vapes,Nebula Extracts,each,21.00
Wedding Cake #1644,BULK-01644,Concentrates,Sungrown Farms,g,28.00
GDP #1645,BULK-01645,Flower,Kush Co,each,35.00
Pineapple Express #1646,BULK-01646,Pre-Rolls,Cloud9 Labs,g,42.00
Northern Lights #1647,BULK-01647,Edibles,Nebula Extracts,each,49.00
Runtz #1648,BULK-01648,Vapes,Sungrown Farms,g,56.00
Zkittlez #1649,BULK-01649,Concentrates,Kush Co,each,63.00
Blue Dream #1650,BULK-01650,Flower,Cloud9 Labs,g,15.00
OG Kush #1651,BULK-01651,Pre-Rolls,Nebula Extracts,each,22.00
Sour Diesel #1652,BULK-01652,Edibles,Sungrown Farms,g,29.00
Gelato #1653,BULK-01653,Vapes,Kush Co,each,36.00
Wedding Cake #1654,BULK-01654,Concentrates,Cloud9 Labs,g,43.00
GDP #1655,BULK-01655,Flower,Nebula Extracts,each,50.00
Pineapple Express #1656,BULK-01656,Pre-Rolls,Sungrown Farms,g,57.00
Northern Lights #1657,BULK-01657,Edibles,Kush Co,each,64.00
Runtz #1658,BULK-01658,Vapes,Cloud9 Labs,g,16.00
Zkittlez #1659,BULK-01659,Concentrates,Nebula Extracts,each,23.00
Blue Dream #1660,BULK-01660,Flower,Sungrown Farms,g,30.00
OG Kush #1661,BULK-01661,Pre-Rolls,Kush Co,each,37.00
Sour Diesel #1662,BULK-01662,Edibles,Cloud9 Labs,g,44.00
Gelato #1663,BULK-01663,Vapes,Nebula Extracts,each,51.00
Wedding Cake #1664,BULK-01664,Concentrates,Sungrown Farms,g,58.00
GDP #1665,BULK-01665,Flower,Kush Co,each,65.00
Pineapple Express #1666,BULK-01666,Pre-Rolls,Cloud9 Labs,g,17.00
Northern Lights #1667,BULK-01667,Edibles,Nebula Extracts,each,24.00
Runtz #1668,BULK-01668,Vapes,Sungrown Farms,g,31.00
Zkittlez #1669,BULK-01669,Concentrates,Kush Co,each,38.00
Blue Dream #1670,BULK-01670,Flower,Cloud9 Labs,g,45.00
OG Kush #1671,BULK-01671,Pre-Rolls,Nebula Extracts,each,52.00
Sour Diesel #1672,BULK-01672,Edibles,Sungrown Farms,g,59.00
Gelato #1673,BULK-01673,Vapes,Kush Co,each,66.00
Wedding Cake #1674,BULK-01674,Concentrates,Cloud9 Labs,g,18.00
GDP #1675,BULK-01675,Flower,Nebula Extracts,each,25.00
Pineapple Express #1676,BULK-01676,Pre-Rolls,Sungrown Farms,g,32.00
Northern Lights #1677,BULK-01677,Edibles,Kush Co,each,39.00
Runtz #1678,BULK-01678,Vapes,Cloud9 Labs,g,46.00
Zkittlez #1679,BULK-01679,Concentrates,Nebula Extracts,each,53.00
Blue Dream #1680,BULK-01680,Flower,Sungrown Farms,g,60.00
OG Kush #1681,BULK-01681,Pre-Rolls,Kush Co,each,67.00
Sour Diesel #1682,BULK-01682,Edibles,Cloud9 Labs,g,19.00
Gelato #1683,BULK-01683,Vapes,Nebula Extracts,each,26.00
Wedding Cake #1684,BULK-01684,Concentrates,Sungrown Farms,g,33.00
GDP #1685,BULK-01685,Flower,Kush Co,each,40.00
Pineapple Express #1686,BULK-01686,Pre-Rolls,Cloud9 Labs,g,47.00
Northern Lights #1687,BULK-01687,Edibles,Nebula Extracts,each,54.00
Runtz #1688,BULK-01688,Vapes,Sungrown Farms,g,61.00
Zkittlez #1689,BULK-01689,Concentrates,Kush Co,each,68.00
Blue Dream #1690,BULK-01690,Flower,Cloud9 Labs,g,20.00
OG Kush #1691,BULK-01691,Pre-Rolls,Nebula Extracts,each,27.00
Sour Diesel #1692,BULK-01692,Edibles,Sungrown Farms,g,34.00
Gelato #1693,BULK-01693,Vapes,Kush Co,each,41.00
Wedding Cake #1694,BULK-01694,Concentrates,Cloud9 Labs,g,48.00
GDP #1695,BULK-01695,Flower,Nebula Extracts,each,55.00
Pineapple Express #1696,BULK-01696,Pre-Rolls,Sungrown Farms,g,62.00
Northern Lights #1697,BULK-01697,Edibles,Kush Co,each,69.00
Runtz #1698,BULK-01698,Vapes,Cloud9 Labs,g,21.00
Zkittlez #1699,BULK-01699,Concentrates,Nebula Extracts,each,28.00
Blue Dream #1700,BULK-01700,Flower,Sungrown Farms,g,35.00
OG Kush #1701,BULK-01701,Pre-Rolls,Kush Co,each,42.00
Sour Diesel #1702,BULK-01702,Edibles,Cloud9 Labs,g,49.00
Gelato #1703,BULK-01703,Vapes,Nebula Extracts,each,56.00
Wedding Cake #1704,BULK-01704,Concentrates,Sungrown Farms,g,63.00
GDP #1705,BULK-01705,Flower,Kush Co,each,15.00
Pineapple Express #1706,BULK-01706,Pre-Rolls,Cloud9 Labs,g,22.00
Northern Lights #1707,BULK-01707,Edibles,Nebula Extracts,each,29.00
Runtz #1708,BULK-01708,Vapes,Sungrown Farms,g,36.00
Zkittlez #1709,BULK-01709,Concentrates,Kush Co,each,43.00
Blue Dream #1710,BULK-01710,Flower,Cloud9 Labs,g,50.00
OG Kush #1711,BULK-01711,Pre-Rolls,Nebula Extracts,each,57.00
Sour Diesel #1712,BULK-01712,Edibles,Sungrown Farms,g,64.00
Gelato #1713,BULK-01713,Vapes,Kush Co,each,16.00
Wedding Cake #1714,BULK-01714,Concentrates,Cloud9 Labs,g,23.00
GDP #1715,BULK-01715,Flower,Nebula Extracts,each,30.00
Pineapple Express #1716,BULK-01716,Pre-Rolls,Sungrown Farms,g,37.00
Northern Lights #1717,BULK-01717,Edibles,Kush Co,each,44.00
Runtz #1718,BULK-01718,Vapes,Cloud9 Labs,g,51.00
Zkittlez #1719,BULK-01719,Concentrates,Nebula Extracts,each,58.00
Blue Dream #1720,BULK-01720,Flower,Sungrown Farms,g,65.00
OG Kush #1721,BULK-01721,Pre-Rolls,Kush Co,each,17.00
Sour Diesel #1722,BULK-01722,Edibles,Cloud9 Labs,g,24.00
Gelato #1723,BULK-01723,Vapes,Nebula Extracts,each,31.00
Wedding Cake #1724,BULK-01724,Concentrates,Sungrown Farms,g,38.00
GDP #1725,BULK-01725,Flower,Kush Co,each,45.00
Pineapple Express #1726,BULK-01726,Pre-Rolls,Cloud9 Labs,g,52.00
Northern Lights #1727,BULK-01727,Edibles,Nebula Extracts,each,59.00
Runtz #1728,BULK-01728,Vapes,Sungrown Farms,g,66.00
Zkittlez #1729,BULK-01729,Concentrates,Kush Co,each,18.00
Blue Dream #1730,BULK-01730,Flower,Cloud9 Labs,g,25.00
OG Kush #1731,BULK-01731,Pre-Rolls,Nebula Extracts,each,32.00
Sour Diesel #1732,BULK-01732,Edibles,Sungrown Farms,g,39.00
Gelato #1733,BULK-01733,Vapes,Kush Co,each,46.00
Wedding Cake #1734,BULK-01734,Concentrates,Cloud9 Labs,g,53.00
GDP #1735,BULK-01735,Flower,Nebula Extracts,each,60.00
Pineapple Express #1736,BULK-01736,Pre-Rolls,Sungrown Farms,g,67.00
Northern Lights #1737,BULK-01737,Edibles,Kush Co,each,19.00
Runtz #1738,BULK-01738,Vapes,Cloud9 Labs,g,26.00
Zkittlez #1739,BULK-01739,Concentrates,Nebula Extracts,each,33.00
Blue Dream #1740,BULK-01740,Flower,Sungrown Farms,g,40.00
OG Kush #1741,BULK-01741,Pre-Rolls,Kush Co,each,47.00
Sour Diesel #1742,BULK-01742,Edibles,Cloud9 Labs,g,54.00
Gelato #1743,BULK-01743,Vapes,Nebula Extracts,each,61.00
Wedding Cake #1744,BULK-01744,Concentrates,Sungrown Farms,g,68.00
GDP #1745,BULK-01745,Flower,Kush Co,each,20.00
Pineapple Express #1746,BULK-01746,Pre-Rolls,Cloud9 Labs,g,27.00
Northern Lights #1747,BULK-01747,Edibles,Nebula Extracts,each,34.00
Runtz #1748,BULK-01748,Vapes,Sungrown Farms,g,41.00
Zkittlez #1749,BULK-01749,Concentrates,Kush Co,each,48.00
Blue Dream #1750,BULK-01750,Flower,Cloud9 Labs,g,55.00
OG Kush #1751,BULK-01751,Pre-Rolls,Nebula Extracts,each,62.00
Sour Diesel #1752,BULK-01752,Edibles,Sungrown Farms,g,69.00
Gelato #1753,BULK-01753,Vapes,Kush Co,each,21.00
Wedding Cake #1754,BULK-01754,Concentrates,Cloud9 Labs,g,28.00
GDP #1755,BULK-01755,Flower,Nebula Extracts,each,35.00
Pineapple Express #1756,BULK-01756,Pre-Rolls,Sungrown Farms,g,42.00
Northern Lights #1757,BULK-01757,Edibles,Kush Co,each,49.00
Runtz #1758,BULK-01758,Vapes,Cloud9 Labs,g,56.00
Zkittlez #1759,BULK-01759,Concentrates,Nebula Extracts,each,63.00
Blue Dream #1760,BULK-01760,Flower,Sungrown Farms,g,15.00
OG Kush #1761,BULK-01761,Pre-Rolls,Kush Co,each,22.00
Sour Diesel #1762,BULK-01762,Edibles,Cloud9 Labs,g,29.00
Gelato #1763,BULK-01763,Vapes,Nebula Extracts,each,36.00
Wedding Cake #1764,BULK-01764,Concentrates,Sungrown Farms,g,43.00
GDP #1765,BULK-01765,Flower,Kush Co,each,50.00
Pineapple Express #1766,BULK-01766,Pre-Rolls,Cloud9 Labs,g,57.00
Northern Lights #1767,BULK-01767,Edibles,Nebula Extracts,each,64.00
Runtz #1768,BULK-01768,Vapes,Sungrown Farms,g,16.00
Zkittlez #1769,BULK-01769,Concentrates,Kush Co,each,23.00
Blue Dream #1770,BULK-01770,Flower,Cloud9 Labs,g,30.00
OG Kush #1771,BULK-01771,Pre-Rolls,Nebula Extracts,each,37.00
Sour Diesel #1772,BULK-01772,Edibles,Sungrown Farms,g,44.00
Gelato #1773,BULK-01773,Vapes,Kush Co,each,51.00
Wedding Cake #1774,BULK-01774,Concentrates,Cloud9 Labs,g,58.00
GDP #1775,BULK-01775,Flower,Nebula Extracts,each,65.00
Pineapple Express #1776,BULK-01776,Pre-Rolls,Sungrown Farms,g,17.00
Northern Lights #1777,BULK-01777,Edibles,Kush Co,each,24.00
Runtz #1778,BULK-01778,Vapes,Cloud9 Labs,g,31.00
Zkittlez #1779,BULK-01779,Concentrates,Nebula Extracts,each,38.00
Blue Dream #1780,BULK-01780,Flower,Sungrown Farms,g,45.00
OG Kush #1781,BULK-01781,Pre-Rolls,Kush Co,each,52.00
Sour Diesel #1782,BULK-01782,Edibles,Cloud9 Labs,g,59.00
Gelato #1783,BULK-01783,Vapes,Nebula Extracts,each,66.00
Wedding Cake #1784,BULK-01784,Concentrates,Sungrown Farms,g,18.00
GDP #1785,BULK-01785,Flower,Kush Co,each,25.00
Pineapple Express #1786,BULK-01786,Pre-Rolls,Cloud9 Labs,g,32.00
Northern Lights #1787,BULK-01787,Edibles,Nebula Extracts,each,39.00
Runtz #1788,BULK-01788,Vapes,Sungrown Farms,g,46.00
Zkittlez #1789,BULK-01789,Concentrates,Kush Co,each,53.00
Blue Dream #1790,BULK-01790,Flower,Cloud9 Labs,g,60.00
OG Kush #1791,BULK-01791,Pre-Rolls,Nebula Extracts,each,67.00
Sour Diesel #1792,BULK-01792,Edibles,Sungrown Farms,g,19.00
Gelato #1793,BULK-01793,Vapes,Kush Co,each,26.00
Wedding Cake #1794,BULK-01794,Concentrates,Cloud9 Labs,g,33.00
GDP #1795,BULK-01795,Flower,Nebula Extracts,each,40.00
Pineapple Express #1796,BULK-01796,Pre-Rolls,Sungrown Farms,g,47.00
Northern Lights #1797,BULK-01797,Edibles,Kush Co,each,54.00
Runtz #1798,BULK-01798,Vapes,Cloud9 Labs,g,61.00
Zkittlez #1799,BULK-01799,Concentrates,Nebula Extracts,each,68.00
Blue Dream #1800,BULK-01800,Flower,Sungrown Farms,g,20.00
OG Kush #1801,BULK-01801,Pre-Rolls,Kush Co,each,27.00
Sour Diesel #1802,BULK-01802,Edibles,Cloud9 Labs,g,34.00
Gelato #1803,BULK-01803,Vapes,Nebula Extracts,each,41.00
Wedding Cake #1804,BULK-01804,Concentrates,Sungrown Farms,g,48.00
GDP #1805,BULK-01805,Flower,Kush Co,each,55.00
Pineapple Express #1806,BULK-01806,Pre-Rolls,Cloud9 Labs,g,62.00
Northern Lights #1807,BULK-01807,Edibles,Nebula Extracts,each,69.00
Runtz #1808,BULK-01808,Vapes,Sungrown Farms,g,21.00
Zkittlez #1809,BULK-01809,Concentrates,Kush Co,each,28.00
Blue Dream #1810,BULK-01810,Flower,Cloud9 Labs,g,35.00
OG Kush #1811,BULK-01811,Pre-Rolls,Nebula Extracts,each,42.00
Sour Diesel #1812,BULK-01812,Edibles,Sungrown Farms,g,49.00
Gelato #1813,BULK-01813,Vapes,Kush Co,each,56.00
Wedding Cake #1814,BULK-01814,Concentrates,Cloud9 Labs,g,63.00
GDP #1815,BULK-01815,Flower,Nebula Extracts,each,15.00
Pineapple Express #1816,BULK-01816,Pre-Rolls,Sungrown Farms,g,22.00
Northern Lights #1817,BULK-01817,Edibles,Kush Co,each,29.00
Runtz #1818,BULK-01818,Vapes,Cloud9 Labs,g,36.00
Zkittlez #1819,BULK-01819,Concentrates,Nebula Extracts,each,43.00
Blue Dream #1820,BULK-01820,Flower,Sungrown Farms,g,50.00
OG Kush #1821,BULK-01821,Pre-Rolls,Kush Co,each,57.00
Sour Diesel #1822,BULK-01822,Edibles,Cloud9 Labs,g,64.00
Gelato #1823,BULK-01823,Vapes,Nebula Extracts,each,16.00
Wedding Cake #1824,BULK-01824,Concentrates,Sungrown Farms,g,23.00
GDP #1825,BULK-01825,Flower,Kush Co,each,30.00
Pineapple Express #1826,BULK-01826,Pre-Rolls,Cloud9 Labs,g,37.00
Northern Lights #1827,BULK-01827,Edibles,Nebula Extracts,each,44.00
Runtz #1828,BULK-01828,Vapes,Sungrown Farms,g,51.00
Zkittlez #1829,BULK-01829,Concentrates,Kush Co,each,58.00
Blue Dream #1830,BULK-01830,Flower,Cloud9 Labs,g,65.00
OG Kush #1831,BULK-01831,Pre-Rolls,Nebula Extracts,each,17.00
Sour Diesel #1832,BULK-01832,Edibles,Sungrown Farms,g,24.00
Gelato #1833,BULK-01833,Vapes,Kush Co,each,31.00
Wedding Cake #1834,BULK-01834,Concentrates,Cloud9 Labs,g,38.00
GDP #1835,BULK-01835,Flower,Nebula Extracts,each,45.00
Pineapple Express #1836,BULK-01836,Pre-Rolls,Sungrown Farms,g,52.00
Northern Lights #1837,BULK-01837,Edibles,Kush Co,each,59.00
Runtz #1838,BULK-01838,Vapes,Cloud9 Labs,g,66.00
Zkittlez #1839,BULK-01839,Concentrates,Nebula Extracts,each,18.00
Blue Dream #1840,BULK-01840,Flower,Sungrown Farms,g,25.00
OG Kush #1841,BULK-01841,Pre-Rolls,Kush Co,each,32.00
Sour Diesel #1842,BULK-01842,Edibles,Cloud9 Labs,g,39.00
Gelato #1843,BULK-01843,Vapes,Nebula Extracts,each,46.00
Wedding Cake #1844,BULK-01844,Concentrates,Sungrown Farms,g,53.00
GDP #1845,BULK-01845,Flower,Kush Co,each,60.00
Pineapple Express #1846,BULK-01846,Pre-Rolls,Cloud9 Labs,g,67.00
Northern Lights #1847,BULK-01847,Edibles,Nebula Extracts,each,19.00
Runtz #1848,BULK-01848,Vapes,Sungrown Farms,g,26.00
Zkittlez #1849,BULK-01849,Concentrates,Kush Co,each,33.00
Blue Dream #1850,BULK-01850,Flower,Cloud9 Labs,g,40.00
OG Kush #1851,BULK-01851,Pre-Rolls,Nebula Extracts,each,47.00
Sour Diesel #1852,BULK-01852,Edibles,Sungrown Farms,g,54.00
Gelato #1853,BULK-01853,Vapes,Kush Co,each,61.00
Wedding Cake #1854,BULK-01854,Concentrates,Cloud9 Labs,g,68.00
GDP #1855,BULK-01855,Flower,Nebula Extracts,each,20.00
Pineapple Express #1856,BULK-01856,Pre-Rolls,Sungrown Farms,g,27.00
Northern Lights #1857,BULK-01857,Edibles,Kush Co,each,34.00
Runtz #1858,BULK-01858,Vapes,Cloud9 Labs,g,41.00
Zkittlez #1859,BULK-01859,Concentrates,Nebula Extracts,each,48.00
Blue Dream #1860,BULK-01860,Flower,Sungrown Farms,g,55.00
OG Kush #1861,BULK-01861,Pre-Rolls,Kush Co,each,62.00
Sour Diesel #1862,BULK-01862,Edibles,Cloud9 Labs,g,69.00
Gelato #1863,BULK-01863,Vapes,Nebula Extracts,each,21.00
Wedding Cake #1864,BULK-01864,Concentrates,Sungrown Farms,g,28.00
GDP #1865,BULK-01865,Flower,Kush Co,each,35.00
Pineapple Express #1866,BULK-01866,Pre-Rolls,Cloud9 Labs,g,42.00
Northern Lights #1867,BULK-01867,Edibles,Nebula Extracts,each,49.00
Runtz #1868,BULK-01868,Vapes,Sungrown Farms,g,56.00
Zkittlez #1869,BULK-01869,Concentrates,Kush Co,each,63.00
Blue Dream #1870,BULK-01870,Flower,Cloud9 Labs,g,15.00
OG Kush #1871,BULK-01871,Pre-Rolls,Nebula Extracts,each,22.00
Sour Diesel #1872,BULK-01872,Edibles,Sungrown Farms,g,29.00
Gelato #1873,BULK-01873,Vapes,Kush Co,each,36.00
Wedding Cake #1874,BULK-01874,Concentrates,Cloud9 Labs,g,43.00
GDP #1875,BULK-01875,Flower,Nebula Extracts,each,50.00
Pineapple Express #1876,BULK-01876,Pre-Rolls,Sungrown Farms,g,57.00
Northern Lights #1877,BULK-01877,Edibles,Kush Co,each,64.00
Runtz #1878,BULK-01878,Vapes,Cloud9 Labs,g,16.00
Zkittlez #1879,BULK-01879,Concentrates,Nebula Extracts,each,23.00
Blue Dream #1880,BULK-01880,Flower,Sungrown Farms,g,30.00
OG Kush #1881,BULK-01881,Pre-Rolls,Kush Co,each,37.00
Sour Diesel #1882,BULK-01882,Edibles,Cloud9 Labs,g,44.00
Gelato #1883,BULK-01883,Vapes,Nebula Extracts,each,51.00
Wedding Cake #1884,BULK-01884,Concentrates,Sungrown Farms,g,58.00
GDP #1885,BULK-01885,Flower,Kush Co,each,65.00
Pineapple Express #1886,BULK-01886,Pre-Rolls,Cloud9 Labs,g,17.00
Northern Lights #1887,BULK-01887,Edibles,Nebula Extracts,each,24.00
Runtz #1888,BULK-01888,Vapes,Sungrown Farms,g,31.00
Zkittlez #1889,BULK-01889,Concentrates,Kush Co,each,38.00
Blue Dream #1890,BULK-01890,Flower,Cloud9 Labs,g,45.00
OG Kush #1891,BULK-01891,Pre-Rolls,Nebula Extracts,each,52.00
Sour Diesel #1892,BULK-01892,Edibles,Sungrown Farms,g,59.00
Gelato #1893,BULK-01893,Vapes,Kush Co,each,66.00
Wedding Cake #1894,BULK-01894,Concentrates,Cloud9 Labs,g,18.00
GDP #1895,BULK-01895,Flower,Nebula Extracts,each,25.00
Pineapple Express #1896,BULK-01896,Pre-Rolls,Sungrown Farms,g,32.00
Northern Lights #1897,BULK-01897,Edibles,Kush Co,each,39.00
Runtz #1898,BULK-01898,Vapes,Cloud9 Labs,g,46.00
Zkittlez #1899,BULK-01899,Concentrates,Nebula Extracts,each,53.00
Blue Dream #1900,BULK-01900,Flower,Sungrown Farms,g,60.00
OG Kush #1901,BULK-01901,Pre-Rolls,Kush Co,each,67.00
Sour Diesel #1902,BULK-01902,Edibles,Cloud9 Labs,g,19.00
Gelato #1903,BULK-01903,Vapes,Nebula Extracts,each,26.00
Wedding Cake #1904,BULK-01904,Concentrates,Sungrown Farms,g,33.00
GDP #1905,BULK-01905,Flower,Kush Co,each,40.00
Pineapple Express #1906,BULK-01906,Pre-Rolls,Cloud9 Labs,g,47.00
Northern Lights #1907,BULK-01907,Edibles,Nebula Extracts,each,54.00
Runtz #1908,BULK-01908,Vapes,Sungrown Farms,g,61.00
Zkittlez #1909,BULK-01909,Concentrates,Kush Co,each,68.00
Blue Dream #1910,BULK-01910,Flower,Cloud9 Labs,g,20.00
OG Kush #1911,BULK-01911,Pre-Rolls,Nebula Extracts,each,27.00
Sour Diesel #1912,BULK-01912,Edibles,Sungrown Farms,g,34.00
Gelato #1913,BULK-01913,Vapes,Kush Co,each,41.00
Wedding Cake #1914,BULK-01914,Concentrates,Cloud9 Labs,g,48.00
GDP #1915,BULK-01915,Flower,Nebula Extracts,each,55.00
Pineapple Express #1916,BULK-01916,Pre-Rolls,Sungrown Farms,g,62.00
Northern Lights #1917,BULK-01917,Edibles,Kush Co,each,69.00
Runtz #1918,BULK-01918,Vapes,Cloud9 Labs,g,21.00
Zkittlez #1919,BULK-01919,Concentrates,Nebula Extracts,each,28.00
Blue Dream #1920,BULK-01920,Flower,Sungrown Farms,g,35.00
OG Kush #1921,BULK-01921,Pre-Rolls,Kush Co,each,42.00
Sour Diesel #1922,BULK-01922,Edibles,Cloud9 Labs,g,49.00
Gelato #1923,BULK-01923,Vapes,Nebula Extracts,each,56.00
Wedding Cake #1924,BULK-01924,Concentrates,Sungrown Farms,g,63.00
GDP #1925,BULK-01925,Flower,Kush Co,each,15.00
Pineapple Express #1926,BULK-01926,Pre-Rolls,Cloud9 Labs,g,22.00
Northern Lights #1927,BULK-01927,Edibles,Nebula Extracts,each,29.00
Runtz #1928,BULK-01928,Vapes,Sungrown Farms,g,36.00
Zkittlez #1929,BULK-01929,Concentrates,Kush Co,each,43.00
Blue Dream #1930,BULK-01930,Flower,Cloud9 Labs,g,50.00
OG Kush #1931,BULK-01931,Pre-Rolls,Nebula Extracts,each,57.00
Sour Diesel #1932,BULK-01932,Edibles,Sungrown Farms,g,64.00
Gelato #1933,BULK-01933,Vapes,Kush Co,each,16.00
Wedding Cake #1934,BULK-01934,Concentrates,Cloud9 Labs,g,23.00
GDP #1935,BULK-01935,Flower,Nebula Extracts,each,30.00
Pineapple Express #1936,BULK-01936,Pre-Rolls,Sungrown Farms,g,37.00
Northern Lights #1937,BULK-01937,Edibles,Kush Co,each,44.00
Runtz #1938,BULK-01938,Vapes,Cloud9 Labs,g,51.00
Zkittlez #1939,BULK-01939,Concentrates,Nebula Extracts,each,58.00
Blue Dream #1940,BULK-01940,Flower,Sungrown Farms,g,65.00
OG Kush #1941,BULK-01941,Pre-Rolls,Kush Co,each,17.00
Sour Diesel #1942,BULK-01942,Edibles,Cloud9 Labs,g,24.00
Gelato #1943,BULK-01943,Vapes,Nebula Extracts,each,31.00
Wedding Cake #1944,BULK-01944,Concentrates,Sungrown Farms,g,38.00
GDP #1945,BULK-01945,Flower,Kush Co,each,45.00
Pineapple Express #1946,BULK-01946,Pre-Rolls,Cloud9 Labs,g,52.00
Northern Lights #1947,BULK-01947,Edibles,Nebula Extracts,each,59.00
Runtz #1948,BULK-01948,Vapes,Sungrown Farms,g,66.00
Zkittlez #1949,BULK-01949,Concentrates,Kush Co,each,18.00
Blue Dream #1950,BULK-01950,Flower,Cloud9 Labs,g,25.00
OG Kush #1951,BULK-01951,Pre-Rolls,Nebula Extracts,each,32.00
Sour Diesel #1952,BULK-01952,Edibles,Sungrown Farms,g,39.00
Gelato #1953,BULK-01953,Vapes,Kush Co,each,46.00
Wedding Cake #1954,BULK-01954,Concentrates,Cloud9 Labs,g,53.00
GDP #1955,BULK-01955,Flower,Nebula Extracts,each,60.00
Pineapple Express #1956,BULK-01956,Pre-Rolls,Sungrown Farms,g,67.00
Northern Lights #1957,BULK-01957,Edibles,Kush Co,each,19.00
Runtz #1958,BULK-01958,Vapes,Cloud9 Labs,g,26.00
Zkittlez #1959,BULK-01959,Concentrates,Nebula Extracts,each,33.00
Blue Dream #1960,BULK-01960,Flower,Sungrown Farms,g,40.00
OG Kush #1961,BULK-01961,Pre-Rolls,Kush Co,each,47.00
Sour Diesel #1962,BULK-01962,Edibles,Cloud9 Labs,g,54.00
Gelato #1963,BULK-01963,Vapes,Nebula Extracts,each,61.00
Wedding Cake #1964,BULK-01964,Concentrates,Sungrown Farms,g,68.00
GDP #1965,BULK-01965,Flower,Kush Co,each,20.00
Pineapple Express #1966,BULK-01966,Pre-Rolls,Cloud9 Labs,g,27.00
Northern Lights #1967,BULK-01967,Edibles,Nebula Extracts,each,34.00
Runtz #1968,BULK-01968,Vapes,Sungrown Farms,g,41.00
Zkittlez #1969,BULK-01969,Concentrates,Kush Co,each,48.00
Blue Dream #1970,BULK-01970,Flower,Cloud9 Labs,g,55.00
OG Kush #1971,BULK-01971,Pre-Rolls,Nebula Extracts,each,62.00
Sour Diesel #1972,BULK-01972,Edibles,Sungrown Farms,g,69.00
Gelato #1973,BULK-01973,Vapes,Kush Co,each,21.00
Wedding Cake #1974,BULK-01974,Concentrates,Cloud9 Labs,g,28.00
GDP #1975,BULK-01975,Flower,Nebula Extracts,each,35.00
Pineapple Express #1976,BULK-01976,Pre-Rolls,Sungrown Farms,g,42.00
Northern Lights #1977,BULK-01977,Edibles,Kush Co,each,49.00
Runtz #1978,BULK-01978,Vapes,Cloud9 Labs,g,56.00
Zkittlez #1979,BULK-01979,Concentrates,Nebula Extracts,each,63.00
Blue Dream #1980,BULK-01980,Flower,Sungrown Farms,g,15.00
OG Kush #1981,BULK-01981,Pre-Rolls,Kush Co,each,22.00
Sour Diesel #1982,BULK-01982,Edibles,Cloud9 Labs,g,29.00
Gelato #1983,BULK-01983,Vapes,Nebula Extracts,each,36.00
Wedding Cake #1984,BULK-01984,Concentrates,Sungrown Farms,g,43.00
GDP #1985,BULK-01985,Flower,Kush Co,each,50.00
Pineapple Express #1986,BULK-01986,Pre-Rolls,Cloud9 Labs,g,57.00
Northern Lights #1987,BULK-01987,Edibles,Nebula Extracts,each,64.00
Runtz #1988,BULK-01988,Vapes,Sungrown Farms,g,16.00
Zkittlez #1989,BULK-01989,Concentrates,Kush Co,each,23.00
Blue Dream #1990,BULK-01990,Flower,Cloud9 Labs,g,30.00
OG Kush #1991,BULK-01991,Pre-Rolls,Nebula Extracts,each,37.00
Sour Diesel #1992,BULK-01992,Edibles,Sungrown Farms,g,44.00
Gelato #1993,BULK-01993,Vapes,Kush Co,each,51.00
Wedding Cake #1994,BULK-01994,Concentrates,Cloud9 Labs,g,58.00
GDP #1995,BULK-01995,Flower,Nebula Extracts,each,65.00
Pineapple Express #1996,BULK-01996,Pre-Rolls,Sungrown Farms,g,17.00
Northern Lights #1997,BULK-01997,Edibles,Kush Co,each,24.00
Runtz #1998,BULK-01998,Vapes,Cloud9 Labs,g,31.00
Zkittlez #1999,BULK-01999,Concentrates,Nebula Extracts,each,38.00
Blue Dream #2000,BULK-02000,Flower,Sungrown Farms,g,45.00
OG Kush #2001,BULK-02001,Pre-Rolls,Kush Co,each,52.00
Sour Diesel #2002,BULK-02002,Edibles,Cloud9 Labs,g,59.00
Gelato #2003,BULK-02003,Vapes,Nebula Extracts,each,66.00
Wedding Cake #2004,BULK-02004,Concentrates,Sungrown Farms,g,18.00
GDP #2005,BULK-02005,Flower,Kush Co,each,25.00
Pineapple Express #2006,BULK-02006,Pre-Rolls,Cloud9 Labs,g,32.00
Northern Lights #2007,BULK-02007,Edibles,Nebula Extracts,each,39.00
Runtz #2008,BULK-02008,Vapes,Sungrown Farms,g,46.00
Zkittlez #2009,BULK-02009,Concentrates,Kush Co,each,53.00
Blue Dream #2010,BULK-02010,Flower,Cloud9 Labs,g,60.00
OG Kush #2011,BULK-02011,Pre-Rolls,Nebula Extracts,each,67.00
Sour Diesel #2012,BULK-02012,Edibles,Sungrown Farms,g,19.00
Gelato #2013,BULK-02013,Vapes,Kush Co,each,26.00
Wedding Cake #2014,BULK-02014,Concentrates,Cloud9 Labs,g,33.00
GDP #2015,BULK-02015,Flower,Nebula Extracts,each,40.00
Pineapple Express #2016,BULK-02016,Pre-Rolls,Sungrown Farms,g,47.00
Northern Lights #2017,BULK-02017,Edibles,Kush Co,each,54.00
Runtz #2018,BULK-02018,Vapes,Cloud9 Labs,g,61.00
Zkittlez #2019,BULK-02019,Concentrates,Nebula Extracts,each,68.00
Blue Dream #2020,BULK-02020,Flower,Sungrown Farms,g,20.00
OG Kush #2021,BULK-02021,Pre-Rolls,Kush Co,each,27.00
Sour Diesel #2022,BULK-02022,Edibles,Cloud9 Labs,g,34.00
Gelato #2023,BULK-02023,Vapes,Nebula Extracts,each,41.00
Wedding Cake #2024,BULK-02024,Concentrates,Sungrown Farms,g,48.00
GDP #2025,BULK-02025,Flower,Kush Co,each,55.00
Pineapple Express #2026,BULK-02026,Pre-Rolls,Cloud9 Labs,g,62.00
Northern Lights #2027,BULK-02027,Edibles,Nebula Extracts,each,69.00
Runtz #2028,BULK-02028,Vapes,Sungrown Farms,g,21.00
Zkittlez #2029,BULK-02029,Concentrates,Kush Co,each,28.00
Blue Dream #2030,BULK-02030,Flower,Cloud9 Labs,g,35.00
OG Kush #2031,BULK-02031,Pre-Rolls,Nebula Extracts,each,42.00
Sour Diesel #2032,BULK-02032,Edibles,Sungrown Farms,g,49.00
Gelato #2033,BULK-02033,Vapes,Kush Co,each,56.00
Wedding Cake #2034,BULK-02034,Concentrates,Cloud9 Labs,g,63.00
GDP #2035,BULK-02035,Flower,Nebula Extracts,each,15.00
Pineapple Express #2036,BULK-02036,Pre-Rolls,Sungrown Farms,g,22.00
Northern Lights #2037,BULK-02037,Edibles,Kush Co,each,29.00
Runtz #2038,BULK-02038,Vapes,Cloud9 Labs,g,36.00
Zkittlez #2039,BULK-02039,Concentrates,Nebula Extracts,each,43.00
Blue Dream #2040,BULK-02040,Flower,Sungrown Farms,g,50.00
OG Kush #2041,BULK-02041,Pre-Rolls,Kush Co,each,57.00
Sour Diesel #2042,BULK-02042,Edibles,Cloud9 Labs,g,64.00
Gelato #2043,BULK-02043,Vapes,Nebula Extracts,each,16.00
Wedding Cake #2044,BULK-02044,Concentrates,Sungrown Farms,g,23.00
GDP #2045,BULK-02045,Flower,Kush Co,each,30.00
Pineapple Express #2046,BULK-02046,Pre-Rolls,Cloud9 Labs,g,37.00
Northern Lights #2047,BULK-02047,Edibles,Nebula Extracts,each,44.00
Runtz #2048,BULK-02048,Vapes,Sungrown Farms,g,51.00
Zkittlez #2049,BULK-02049,Concentrates,Kush Co,each,58.00
Blue Dream #2050,BULK-02050,Flower,Cloud9 Labs,g,65.00
OG Kush #2051,BULK-02051,Pre-Rolls,Nebula Extracts,each,17.00
Sour Diesel #2052,BULK-02052,Edibles,Sungrown Farms,g,24.00
Gelato #2053,BULK-02053,Vapes,Kush Co,each,31.00
Wedding Cake #2054,BULK-02054,Concentrates,Cloud9 Labs,g,38.00
GDP #2055,BULK-02055,Flower,Nebula Extracts,each,45.00
Pineapple Express #2056,BULK-02056,Pre-Rolls,Sungrown Farms,g,52.00
Northern Lights #2057,BULK-02057,Edibles,Kush Co,each,59.00
Runtz #2058,BULK-02058,Vapes,Cloud9 Labs,g,66.00
Zkittlez #2059,BULK-02059,Concentrates,Nebula Extracts,each,18.00
Blue Dream #2060,BULK-02060,Flower,Sungrown Farms,g,25.00
OG Kush #2061,BULK-02061,Pre-Rolls,Kush Co,each,32.00
Sour Diesel #2062,BULK-02062,Edibles,Cloud9 Labs,g,39.00
Gelato #2063,BULK-02063,Vapes,Nebula Extracts,each,46.00
Wedding Cake #2064,BULK-02064,Concentrates,Sungrown Farms,g,53.00
GDP #2065,BULK-02065,Flower,Kush Co,each,60.00
Pineapple Express #2066,BULK-02066,Pre-Rolls,Cloud9 Labs,g,67.00
Northern Lights #2067,BULK-02067,Edibles,Nebula Extracts,each,19.00
Runtz #2068,BULK-02068,Vapes,Sungrown Farms,g,26.00
Zkittlez #2069,BULK-02069,Concentrates,Kush Co,each,33.00
Blue Dream #2070,BULK-02070,Flower,Cloud9 Labs,g,40.00
OG Kush #2071,BULK-02071,Pre-Rolls,Nebula Extracts,each,47.00
Sour Diesel #2072,BULK-02072,Edibles,Sungrown Farms,g,54.00
Gelato #2073,BULK-02073,Vapes,Kush Co,each,61.00
Wedding Cake #2074,BULK-02074,Concentrates,Cloud9 Labs,g,68.00
GDP #2075,BULK-02075,Flower,Nebula Extracts,each,20.00
Pineapple Express #2076,BULK-02076,Pre-Rolls,Sungrown Farms,g,27.00
Northern Lights #2077,BULK-02077,Edibles,Kush Co,each,34.00
Runtz #2078,BULK-02078,Vapes,Cloud9 Labs,g,41.00
Zkittlez #2079,BULK-02079,Concentrates,Nebula Extracts,each,48.00
Blue Dream #2080,BULK-02080,Flower,Sungrown Farms,g,55.00
OG Kush #2081,BULK-02081,Pre-Rolls,Kush Co,each,62.00
Sour Diesel #2082,BULK-02082,Edibles,Cloud9 Labs,g,69.00
Gelato #2083,BULK-02083,Vapes,Nebula Extracts,each,21.00
Wedding Cake #2084,BULK-02084,Concentrates,Sungrown Farms,g,28.00
GDP #2085,BULK-02085,Flower,Kush Co,each,35.00
Pineapple Express #2086,BULK-02086,Pre-Rolls,Cloud9 Labs,g,42.00
Northern Lights #2087,BULK-02087,Edibles,Nebula Extracts,each,49.00
Runtz #2088,BULK-02088,Vapes,Sungrown Farms,g,56.00
Zkittlez #2089,BULK-02089,Concentrates,Kush Co,each,63.00
Blue Dream #2090,BULK-02090,Flower,Cloud9 Labs,g,15.00
OG Kush #2091,BULK-02091,Pre-Rolls,Nebula Extracts,each,22.00
Sour Diesel #2092,BULK-02092,Edibles,Sungrown Farms,g,29.00
Gelato #2093,BULK-02093,Vapes,Kush Co,each,36.00
Wedding Cake #2094,BULK-02094,Concentrates,Cloud9 Labs,g,43.00
GDP #2095,BULK-02095,Flower,Nebula Extracts,each,50.00
Pineapple Express #2096,BULK-02096,Pre-Rolls,Sungrown Farms,g,57.00
Northern Lights #2097,BULK-02097,Edibles,Kush Co,each,64.00
Runtz #2098,BULK-02098,Vapes,Cloud9 Labs,g,16.00
Zkittlez #2099,BULK-02099,Concentrates,Nebula Extracts,each,23.00
Blue Dream #2100,BULK-02100,Flower,Sungrown Farms,g,30.00
OG Kush #2101,BULK-02101,Pre-Rolls,Kush Co,each,37.00
Sour Diesel #2102,BULK-02102,Edibles,Cloud9 Labs,g,44.00
Gelato #2103,BULK-02103,Vapes,Nebula Extracts,each,51.00
Wedding Cake #2104,BULK-02104,Concentrates,Sungrown Farms,g,58.00
GDP #2105,BULK-02105,Flower,Kush Co,each,65.00
Pineapple Express #2106,BULK-02106,Pre-Rolls,Cloud9 Labs,g,17.00
Northern Lights #2107,BULK-02107,Edibles,Nebula Extracts,each,24.00
Runtz #2108,BULK-02108,Vapes,Sungrown Farms,g,31.00
Zkittlez #2109,BULK-02109,Concentrates,Kush Co,each,38.00
Blue Dream #2110,BULK-02110,Flower,Cloud9 Labs,g,45.00
OG Kush #2111,BULK-02111,Pre-Rolls,Nebula Extracts,each,52.00
Sour Diesel #2112,BULK-02112,Edibles,Sungrown Farms,g,59.00
Gelato #2113,BULK-02113,Vapes,Kush Co,each,66.00
Wedding Cake #2114,BULK-02114,Concentrates,Cloud9 Labs,g,18.00
GDP #2115,BULK-02115,Flower,Nebula Extracts,each,25.00
Pineapple Express #2116,BULK-02116,Pre-Rolls,Sungrown Farms,g,32.00
Northern Lights #2117,BULK-02117,Edibles,Kush Co,each,39.00
Runtz #2118,BULK-02118,Vapes,Cloud9 Labs,g,46.00
Zkittlez #2119,BULK-02119,Concentrates,Nebula Extracts,each,53.00
Blue Dream #2120,BULK-02120,Flower,Sungrown Farms,g,60.00
OG Kush #2121,BULK-02121,Pre-Rolls,Kush Co,each,67.00
Sour Diesel #2122,BULK-02122,Edibles,Cloud9 Labs,g,19.00
Gelato #2123,BULK-02123,Vapes,Nebula Extracts,each,26.00
Wedding Cake #2124,BULK-02124,Concentrates,Sungrown Farms,g,33.00
GDP #2125,BULK-02125,Flower,Kush Co,each,40.00
Pineapple Express #2126,BULK-02126,Pre-Rolls,Cloud9 Labs,g,47.00
Northern Lights #2127,BULK-02127,Edibles,Nebula Extracts,each,54.00
Runtz #2128,BULK-02128,Vapes,Sungrown Farms,g,61.00
Zkittlez #2129,BULK-02129,Concentrates,Kush Co,each,68.00
Blue Dream #2130,BULK-02130,Flower,Cloud9 Labs,g,20.00
OG Kush #2131,BULK-02131,Pre-Rolls,Nebula Extracts,each,27.00
Sour Diesel #2132,BULK-02132,Edibles,Sungrown Farms,g,34.00
Gelato #2133,BULK-02133,Vapes,Kush Co,each,41.00
Wedding Cake #2134,BULK-02134,Concentrates,Cloud9 Labs,g,48.00
GDP #2135,BULK-02135,Flower,Nebula Extracts,each,55.00
Pineapple Express #2136,BULK-02136,Pre-Rolls,Sungrown Farms,g,62.00
Northern Lights #2137,BULK-02137,Edibles,Kush Co,each,69.00
Runtz #2138,BULK-02138,Vapes,Cloud9 Labs,g,21.00
Zkittlez #2139,BULK-02139,Concentrates,Nebula Extracts,each,28.00
Blue Dream #2140,BULK-02140,Flower,Sungrown Farms,g,35.00
OG Kush #2141,BULK-02141,Pre-Rolls,Kush Co,each,42.00
Sour Diesel #2142,BULK-02142,Edibles,Cloud9 Labs,g,49.00
Gelato #2143,BULK-02143,Vapes,Nebula Extracts,each,56.00
Wedding Cake #2144,BULK-02144,Concentrates,Sungrown Farms,g,63.00
GDP #2145,BULK-02145,Flower,Kush Co,each,15.00
Pineapple Express #2146,BULK-02146,Pre-Rolls,Cloud9 Labs,g,22.00
Northern Lights #2147,BULK-02147,Edibles,Nebula Extracts,each,29.00
Runtz #2148,BULK-02148,Vapes,Sungrown Farms,g,36.00
Zkittlez #2149,BULK-02149,Concentrates,Kush Co,each,43.00
Blue Dream #2150,BULK-02150,Flower,Cloud9 Labs,g,50.00
OG Kush #2151,BULK-02151,Pre-Rolls,Nebula Extracts,each,57.00
Sour Diesel #2152,BULK-02152,Edibles,Sungrown Farms,g,64.00
Gelato #2153,BULK-02153,Vapes,Kush Co,each,16.00
Wedding Cake #2154,BULK-02154,Concentrates,Cloud9 Labs,g,23.00
GDP #2155,BULK-02155,Flower,Nebula Extracts,each,30.00
Pineapple Express #2156,BULK-02156,Pre-Rolls,Sungrown Farms,g,37.00
Northern Lights #2157,BULK-02157,Edibles,Kush Co,each,44.00
Runtz #2158,BULK-02158,Vapes,Cloud9 Labs,g,51.00
Zkittlez #2159,BULK-02159,Concentrates,Nebula Extracts,each,58.00
Blue Dream #2160,BULK-02160,Flower,Sungrown Farms,g,65.00
OG Kush #2161,BULK-02161,Pre-Rolls,Kush Co,each,17.00
Sour Diesel #2162,BULK-02162,Edibles,Cloud9 Labs,g,24.00
Gelato #2163,BULK-02163,Vapes,Nebula Extracts,each,31.00
Wedding Cake #2164,BULK-02164,Concentrates,Sungrown Farms,g,38.00
GDP #2165,BULK-02165,Flower,Kush Co,each,45.00
Pineapple Express #2166,BULK-02166,Pre-Rolls,Cloud9 Labs,g,52.00
Northern Lights #2167,BULK-02167,Edibles,Nebula Extracts,each,59.00
Runtz #2168,BULK-02168,Vapes,Sungrown Farms,g,66.00
Zkittlez #2169,BULK-02169,Concentrates,Kush Co,each,18.00
Blue Dream #2170,BULK-02170,Flower,Cloud9 Labs,g,25.00
OG Kush #2171,BULK-02171,Pre-Rolls,Nebula Extracts,each,32.00
Sour Diesel #2172,BULK-02172,Edibles,Sungrown Farms,g,39.00
Gelato #2173,BULK-02173,Vapes,Kush Co,each,46.00
Wedding Cake #2174,BULK-02174,Concentrates,Cloud9 Labs,g,53.00
GDP #2175,BULK-02175,Flower,Nebula Extracts,each,60.00
Pineapple Express #2176,BULK-02176,Pre-Rolls,Sungrown Farms,g,67.00
Northern Lights #2177,BULK-02177,Edibles,Kush Co,each,19.00
Runtz #2178,BULK-02178,Vapes,Cloud9 Labs,g,26.00
Zkittlez #2179,BULK-02179,Concentrates,Nebula Extracts,each,33.00
Blue Dream #2180,BULK-02180,Flower,Sungrown Farms,g,40.00
OG Kush #2181,BULK-02181,Pre-Rolls,Kush Co,each,47.00
Sour Diesel #2182,BULK-02182,Edibles,Cloud9 Labs,g,54.00
Gelato #2183,BULK-02183,Vapes,Nebula Extracts,each,61.00
Wedding Cake #2184,BULK-02184,Concentrates,Sungrown Farms,g,68.00
GDP #2185,BULK-02185,Flower,Kush Co,each,20.00
Pineapple Express #2186,BULK-02186,Pre-Rolls,Cloud9 Labs,g,27.00
Northern Lights #2187,BULK-02187,Edibles,Nebula Extracts,each,34.00
Runtz #2188,BULK-02188,Vapes,Sungrown Farms,g,41.00
Zkittlez #2189,BULK-02189,Concentrates,Kush Co,each,48.00
Blue Dream #2190,BULK-02190,Flower,Cloud9 Labs,g,55.00
OG Kush #2191,BULK-02191,Pre-Rolls,Nebula Extracts,each,62.00
Sour Diesel #2192,BULK-02192,Edibles,Sungrown Farms,g,69.00
Gelato #2193,BULK-02193,Vapes,Kush Co,each,21.00
Wedding Cake #2194,BULK-02194,Concentrates,Cloud9 Labs,g,28.00
GDP #2195,BULK-02195,Flower,Nebula Extracts,each,35.00
Pineapple Express #2196,BULK-02196,Pre-Rolls,Sungrown Farms,g,42.00
Northern Lights #2197,BULK-02197,Edibles,Kush Co,each,49.00
Runtz #2198,BULK-02198,Vapes,Cloud9 Labs,g,56.00
Zkittlez #2199,BULK-02199,Concentrates,Nebula Extracts,each,63.00
Blue Dream #2200,BULK-02200,Flower,Sungrown Farms,g,15.00
OG Kush #2201,BULK-02201,Pre-Rolls,Kush Co,each,22.00
Sour Diesel #2202,BULK-02202,Edibles,Cloud9 Labs,g,29.00
Gelato #2203,BULK-02203,Vapes,Nebula Extracts,each,36.00
Wedding Cake #2204,BULK-02204,Concentrates,Sungrown Farms,g,43.00
GDP #2205,BULK-02205,Flower,Kush Co,each,50.00
Pineapple Express #2206,BULK-02206,Pre-Rolls,Cloud9 Labs,g,57.00
Northern Lights #2207,BULK-02207,Edibles,Nebula Extracts,each,64.00
Runtz #2208,BULK-02208,Vapes,Sungrown Farms,g,16.00
Zkittlez #2209,BULK-02209,Concentrates,Kush Co,each,23.00
Blue Dream #2210,BULK-02210,Flower,Cloud9 Labs,g,30.00
OG Kush #2211,BULK-02211,Pre-Rolls,Nebula Extracts,each,37.00
Sour Diesel #2212,BULK-02212,Edibles,Sungrown Farms,g,44.00
Gelato #2213,BULK-02213,Vapes,Kush Co,each,51.00
Wedding Cake #2214,BULK-02214,Concentrates,Cloud9 Labs,g,58.00
GDP #2215,BULK-02215,Flower,Nebula Extracts,each,65.00
Pineapple Express #2216,BULK-02216,Pre-Rolls,Sungrown Farms,g,17.00
Northern Lights #2217,BULK-02217,Edibles,Kush Co,each,24.00
Runtz #2218,BULK-02218,Vapes,Cloud9 Labs,g,31.00
Zkittlez #2219,BULK-02219,Concentrates,Nebula Extracts,each,38.00
Blue Dream #2220,BULK-02220,Flower,Sungrown Farms,g,45.00
OG Kush #2221,BULK-02221,Pre-Rolls,Kush Co,each,52.00
Sour Diesel #2222,BULK-02222,Edibles,Cloud9 Labs,g,59.00
Gelato #2223,BULK-02223,Vapes,Nebula Extracts,each,66.00
Wedding Cake #2224,BULK-02224,Concentrates,Sungrown Farms,g,18.00
GDP #2225,BULK-02225,Flower,Kush Co,each,25.00
Pineapple Express #2226,BULK-02226,Pre-Rolls,Cloud9 Labs,g,32.00
Northern Lights #2227,BULK-02227,Edibles,Nebula Extracts,each,39.00
Runtz #2228,BULK-02228,Vapes,Sungrown Farms,g,46.00
Zkittlez #2229,BULK-02229,Concentrates,Kush Co,each,53.00
Blue Dream #2230,BULK-02230,Flower,Cloud9 Labs,g,60.00
OG Kush #2231,BULK-02231,Pre-Rolls,Nebula Extracts,each,67.00
Sour Diesel #2232,BULK-02232,Edibles,Sungrown Farms,g,19.00
Gelato #2233,BULK-02233,Vapes,Kush Co,each,26.00
Wedding Cake #2234,BULK-02234,Concentrates,Cloud9 Labs,g,33.00
GDP #2235,BULK-02235,Flower,Nebula Extracts,each,40.00
Pineapple Express #2236,BULK-02236,Pre-Rolls,Sungrown Farms,g,47.00
Northern Lights #2237,BULK-02237,Edibles,Kush Co,each,54.00
Runtz #2238,BULK-02238,Vapes,Cloud9 Labs,g,61.00
Zkittlez #2239,BULK-02239,Concentrates,Nebula Extracts,each,68.00
Blue Dream #2240,BULK-02240,Flower,Sungrown Farms,g,20.00
OG Kush #2241,BULK-02241,Pre-Rolls,Kush Co,each,27.00
Sour Diesel #2242,BULK-02242,Edibles,Cloud9 Labs,g,34.00
Gelato #2243,BULK-02243,Vapes,Nebula Extracts,each,41.00
Wedding Cake #2244,BULK-02244,Concentrates,Sungrown Farms,g,48.00
GDP #2245,BULK-02245,Flower,Kush Co,each,55.00
Pineapple Express #2246,BULK-02246,Pre-Rolls,Cloud9 Labs,g,62.00
Northern Lights #2247,BULK-02247,Edibles,Nebula Extracts,each,69.00
Runtz #2248,BULK-02248,Vapes,Sungrown Farms,g,21.00
Zkittlez #2249,BULK-02249,Concentrates,Kush Co,each,28.00
Blue Dream #2250,BULK-02250,Flower,Cloud9 Labs,g,35.00
OG Kush #2251,BULK-02251,Pre-Rolls,Nebula Extracts,each,42.00
Sour Diesel #2252,BULK-02252,Edibles,Sungrown Farms,g,49.00
Gelato #2253,BULK-02253,Vapes,Kush Co,each,56.00
Wedding Cake #2254,BULK-02254,Concentrates,Cloud9 Labs,g,63.00
GDP #2255,BULK-02255,Flower,Nebula Extracts,each,15.00
Pineapple Express #2256,BULK-02256,Pre-Rolls,Sungrown Farms,g,22.00
Northern Lights #2257,BULK-02257,Edibles,Kush Co,each,29.00
Runtz #2258,BULK-02258,Vapes,Cloud9 Labs,g,36.00
Zkittlez #2259,BULK-02259,Concentrates,Nebula Extracts,each,43.00
Blue Dream #2260,BULK-02260,Flower,Sungrown Farms,g,50.00
OG Kush #2261,BULK-02261,Pre-Rolls,Kush Co,each,57.00
Sour Diesel #2262,BULK-02262,Edibles,Cloud9 Labs,g,64.00
Gelato #2263,BULK-02263,Vapes,Nebula Extracts,each,16.00
Wedding Cake #2264,BULK-02264,Concentrates,Sungrown Farms,g,23.00
GDP #2265,BULK-02265,Flower,Kush Co,each,30.00
Pineapple Express #2266,BULK-02266,Pre-Rolls,Cloud9 Labs,g,37.00
Northern Lights #2267,BULK-02267,Edibles,Nebula Extracts,each,44.00
Runtz #2268,BULK-02268,Vapes,Sungrown Farms,g,51.00
Zkittlez #2269,BULK-02269,Concentrates,Kush Co,each,58.00
Blue Dream #2270,BULK-02270,Flower,Cloud9 Labs,g,65.00
OG Kush #2271,BULK-02271,Pre-Rolls,Nebula Extracts,each,17.00
Sour Diesel #2272,BULK-02272,Edibles,Sungrown Farms,g,24.00
Gelato #2273,BULK-02273,Vapes,Kush Co,each,31.00
Wedding Cake #2274,BULK-02274,Concentrates,Cloud9 Labs,g,38.00
GDP #2275,BULK-02275,Flower,Nebula Extracts,each,45.00
Pineapple Express #2276,BULK-02276,Pre-Rolls,Sungrown Farms,g,52.00
Northern Lights #2277,BULK-02277,Edibles,Kush Co,each,59.00
Runtz #2278,BULK-02278,Vapes,Cloud9 Labs,g,66.00
Zkittlez #2279,BULK-02279,Concentrates,Nebula Extracts,each,18.00
Blue Dream #2280,BULK-02280,Flower,Sungrown Farms,g,25.00
OG Kush #2281,BULK-02281,Pre-Rolls,Kush Co,each,32.00
Sour Diesel #2282,BULK-02282,Edibles,Cloud9 Labs,g,39.00
Gelato #2283,BULK-02283,Vapes,Nebula Extracts,each,46.00
Wedding Cake #2284,BULK-02284,Concentrates,Sungrown Farms,g,53.00
GDP #2285,BULK-02285,Flower,Kush Co,each,60.00
Pineapple Express #2286,BULK-02286,Pre-Rolls,Cloud9 Labs,g,67.00
Northern Lights #2287,BULK-02287,Edibles,Nebula Extracts,each,19.00
Runtz #2288,BULK-02288,Vapes,Sungrown Farms,g,26.00
Zkittlez #2289,BULK-02289,Concentrates,Kush Co,each,33.00
Blue Dream #2290,BULK-02290,Flower,Cloud9 Labs,g,40.00
OG Kush #2291,BULK-02291,Pre-Rolls,Nebula Extracts,each,47.00
Sour Diesel #2292,BULK-02292,Edibles,Sungrown Farms,g,54.00
Gelato #2293,BULK-02293,Vapes,Kush Co,each,61.00
Wedding Cake #2294,BULK-02294,Concentrates,Cloud9 Labs,g,68.00
GDP #2295,BULK-02295,Flower,Nebula Extracts,each,20.00
Pineapple Express #2296,BULK-02296,Pre-Rolls,Sungrown Farms,g,27.00
Northern Lights #2297,BULK-02297,Edibles,Kush Co,each,34.00
Runtz #2298,BULK-02298,Vapes,Cloud9 Labs,g,41.00
Zkittlez #2299,BULK-02299,Concentrates,Nebula Extracts,each,48.00
Blue Dream #2300,BULK-02300,Flower,Sungrown Farms,g,55.00
OG Kush #2301,BULK-02301,Pre-Rolls,Kush Co,each,62.00
Sour Diesel #2302,BULK-02302,Edibles,Cloud9 Labs,g,69.00
Gelato #2303,BULK-02303,Vapes,Nebula Extracts,each,21.00
Wedding Cake #2304,BULK-02304,Concentrates,Sungrown Farms,g,28.00
GDP #2305,BULK-02305,Flower,Kush Co,each,35.00
Pineapple Express #2306,BULK-02306,Pre-Rolls,Cloud9 Labs,g,42.00
Northern Lights #2307,BULK-02307,Edibles,Nebula Extracts,each,49.00
Runtz #2308,BULK-02308,Vapes,Sungrown Farms,g,56.00
Zkittlez #2309,BULK-02309,Concentrates,Kush Co,each,63.00
Blue Dream #2310,BULK-02310,Flower,Cloud9 Labs,g,15.00
OG Kush #2311,BULK-02311,Pre-Rolls,Nebula Extracts,each,22.00
Sour Diesel #2312,BULK-02312,Edibles,Sungrown Farms,g,29.00
Gelato #2313,BULK-02313,Vapes,Kush Co,each,36.00
Wedding Cake #2314,BULK-02314,Concentrates,Cloud9 Labs,g,43.00
GDP #2315,BULK-02315,Flower,Nebula Extracts,each,50.00
Pineapple Express #2316,BULK-02316,Pre-Rolls,Sungrown Farms,g,57.00
Northern Lights #2317,BULK-02317,Edibles,Kush Co,each,64.00
Runtz #2318,BULK-02318,Vapes,Cloud9 Labs,g,16.00
Zkittlez #2319,BULK-02319,Concentrates,Nebula Extracts,each,23.00
Blue Dream #2320,BULK-02320,Flower,Sungrown Farms,g,30.00
OG Kush #2321,BULK-02321,Pre-Rolls,Kush Co,each,37.00
Sour Diesel #2322,BULK-02322,Edibles,Cloud9 Labs,g,44.00
Gelato #2323,BULK-02323,Vapes,Nebula Extracts,each,51.00
Wedding Cake #2324,BULK-02324,Concentrates,Sungrown Farms,g,58.00
GDP #2325,BULK-02325,Flower,Kush Co,each,65.00
Pineapple Express #2326,BULK-02326,Pre-Rolls,Cloud9 Labs,g,17.00
Northern Lights #2327,BULK-02327,Edibles,Nebula Extracts,each,24.00
Runtz #2328,BULK-02328,Vapes,Sungrown Farms,g,31.00
Zkittlez #2329,BULK-02329,Concentrates,Kush Co,each,38.00
Blue Dream #2330,BULK-02330,Flower,Cloud9 Labs,g,45.00
OG Kush #2331,BULK-02331,Pre-Rolls,Nebula Extracts,each,52.00
Sour Diesel #2332,BULK-02332,Edibles,Sungrown Farms,g,59.00
Gelato #2333,BULK-02333,Vapes,Kush Co,each,66.00
Wedding Cake #2334,BULK-02334,Concentrates,Cloud9 Labs,g,18.00
GDP #2335,BULK-02335,Flower,Nebula Extracts,each,25.00
Pineapple Express #2336,BULK-02336,Pre-Rolls,Sungrown Farms,g,32.00
Northern Lights #2337,BULK-02337,Edibles,Kush Co,each,39.00
Runtz #2338,BULK-02338,Vapes,Cloud9 Labs,g,46.00
Zkittlez #2339,BULK-02339,Concentrates,Nebula Extracts,each,53.00
Blue Dream #2340,BULK-02340,Flower,Sungrown Farms,g,60.00
OG Kush #2341,BULK-02341,Pre-Rolls,Kush Co,each,67.00
Sour Diesel #2342,BULK-02342,Edibles,Cloud9 Labs,g,19.00
Gelato #2343,BULK-02343,Vapes,Nebula Extracts,each,26.00
Wedding Cake #2344,BULK-02344,Concentrates,Sungrown Farms,g,33.00
GDP #2345,BULK-02345,Flower,Kush Co,each,40.00
Pineapple Express #2346,BULK-02346,Pre-Rolls,Cloud9 Labs,g,47.00
Northern Lights #2347,BULK-02347,Edibles,Nebula Extracts,each,54.00
Runtz #2348,BULK-02348,Vapes,Sungrown Farms,g,61.00
Zkittlez #2349,BULK-02349,Concentrates,Kush Co,each,68.00
Blue Dream #2350,BULK-02350,Flower,Cloud9 Labs,g,20.00
OG Kush #2351,BULK-02351,Pre-Rolls,Nebula Extracts,each,27.00
Sour Diesel #2352,BULK-02352,Edibles,Sungrown Farms,g,34.00
Gelato #2353,BULK-02353,Vapes,Kush Co,each,41.00
Wedding Cake #2354,BULK-02354,Concentrates,Cloud9 Labs,g,48.00
GDP #2355,BULK-02355,Flower,Nebula Extracts,each,55.00
Pineapple Express #2356,BULK-02356,Pre-Rolls,Sungrown Farms,g,62.00
Northern Lights #2357,BULK-02357,Edibles,Kush Co,each,69.00
Runtz #2358,BULK-02358,Vapes,Cloud9 Labs,g,21.00
Zkittlez #2359,BULK-02359,Concentrates,Nebula Extracts,each,28.00
Blue Dream #2360,BULK-02360,Flower,Sungrown Farms,g,35.00
OG Kush #2361,BULK-02361,Pre-Rolls,Kush Co,each,42.00
Sour Diesel #2362,BULK-02362,Edibles,Cloud9 Labs,g,49.00
Gelato #2363,BULK-02363,Vapes,Nebula Extracts,each,56.00
Wedding Cake #2364,BULK-02364,Concentrates,Sungrown Farms,g,63.00
GDP #2365,BULK-02365,Flower,Kush Co,each,15.00
Pineapple Express #2366,BULK-02366,Pre-Rolls,Cloud9 Labs,g,22.00
Northern Lights #2367,BULK-02367,Edibles,Nebula Extracts,each,29.00
Runtz #2368,BULK-02368,Vapes,Sungrown Farms,g,36.00
Zkittlez #2369,BULK-02369,Concentrates,Kush Co,each,43.00
Blue Dream #2370,BULK-02370,Flower,Cloud9 Labs,g,50.00
OG Kush #2371,BULK-02371,Pre-Rolls,Nebula Extracts,each,57.00
Sour Diesel #2372,BULK-02372,Edibles,Sungrown Farms,g,64.00
Gelato #2373,BULK-02373,Vapes,Kush Co,each,16.00
Wedding Cake #2374,BULK-02374,Concentrates,Cloud9 Labs,g,23.00
GDP #2375,BULK-02375,Flower,Nebula Extracts,each,30.00
Pineapple Express #2376,BULK-02376,Pre-Rolls,Sungrown Farms,g,37.00
Northern Lights #2377,BULK-02377,Edibles,Kush Co,each,44.00
Runtz #2378,BULK-02378,Vapes,Cloud9 Labs,g,51.00
Zkittlez #2379,BULK-02379,Concentrates,Nebula Extracts,each,58.00
Blue Dream #2380,BULK-02380,Flower,Sungrown Farms,g,65.00
OG Kush #2381,BULK-02381,Pre-Rolls,Kush Co,each,17.00
Sour Diesel #2382,BULK-02382,Edibles,Cloud9 Labs,g,24.00
Gelato #2383,BULK-02383,Vapes,Nebula Extracts,each,31.00
Wedding Cake #2384,BULK-02384,Concentrates,Sungrown Farms,g,38.00
GDP #2385,BULK-02385,Flower,Kush Co,each,45.00
Pineapple Express #2386,BULK-02386,Pre-Rolls,Cloud9 Labs,g,52.00
Northern Lights #2387,BULK-02387,Edibles,Nebula Extracts,each,59.00
Runtz #2388,BULK-02388,Vapes,Sungrown Farms,g,66.00
Zkittlez #2389,BULK-02389,Concentrates,Kush Co,each,18.00
Blue Dream #2390,BULK-02390,Flower,Cloud9 Labs,g,25.00
OG Kush #2391,BULK-02391,Pre-Rolls,Nebula Extracts,each,32.00
Sour Diesel #2392,BULK-02392,Edibles,Sungrown Farms,g,39.00
Gelato #2393,BULK-02393,Vapes,Kush Co,each,46.00
Wedding Cake #2394,BULK-02394,Concentrates,Cloud9 Labs,g,53.00
GDP #2395,BULK-02395,Flower,Nebula Extracts,each,60.00
Pineapple Express #2396,BULK-02396,Pre-Rolls,Sungrown Farms,g,67.00
Northern Lights #2397,BULK-02397,Edibles,Kush Co,each,19.00
Runtz #2398,BULK-02398,Vapes,Cloud9 Labs,g,26.00
Zkittlez #2399,BULK-02399,Concentrates,Nebula Extracts,each,33.00
Blue Dream #2400,BULK-02400,Flower,Sungrown Farms,g,40.00
OG Kush #2401,BULK-02401,Pre-Rolls,Kush Co,each,47.00
Sour Diesel #2402,BULK-02402,Edibles,Cloud9 Labs,g,54.00
Gelato #2403,BULK-02403,Vapes,Nebula Extracts,each,61.00
Wedding Cake #2404,BULK-02404,Concentrates,Sungrown Farms,g,68.00
GDP #2405,BULK-02405,Flower,Kush Co,each,20.00
Pineapple Express #2406,BULK-02406,Pre-Rolls,Cloud9 Labs,g,27.00
Northern Lights #2407,BULK-02407,Edibles,Nebula Extracts,each,34.00
Runtz #2408,BULK-02408,Vapes,Sungrown Farms,g,41.00
Zkittlez #2409,BULK-02409,Concentrates,Kush Co,each,48.00
Blue Dream #2410,BULK-02410,Flower,Cloud9 Labs,g,55.00
OG Kush #2411,BULK-02411,Pre-Rolls,Nebula Extracts,each,62.00
Sour Diesel #2412,BULK-02412,Edibles,Sungrown Farms,g,69.00
Gelato #2413,BULK-02413,Vapes,Kush Co,each,21.00
Wedding Cake #2414,BULK-02414,Concentrates,Cloud9 Labs,g,28.00
GDP #2415,BULK-02415,Flower,Nebula Extracts,each,35.00
Pineapple Express #2416,BULK-02416,Pre-Rolls,Sungrown Farms,g,42.00
Northern Lights #2417,BULK-02417,Edibles,Kush Co,each,49.00
Runtz #2418,BULK-02418,Vapes,Cloud9 Labs,g,56.00
Zkittlez #2419,BULK-02419,Concentrates,Nebula Extracts,each,63.00
Blue Dream #2420,BULK-02420,Flower,Sungrown Farms,g,15.00
OG Kush #2421,BULK-02421,Pre-Rolls,Kush Co,each,22.00
Sour Diesel #2422,BULK-02422,Edibles,Cloud9 Labs,g,29.00
Gelato #2423,BULK-02423,Vapes,Nebula Extracts,each,36.00
Wedding Cake #2424,BULK-02424,Concentrates,Sungrown Farms,g,43.00
GDP #2425,BULK-02425,Flower,Kush Co,each,50.00
Pineapple Express #2426,BULK-02426,Pre-Rolls,Cloud9 Labs,g,57.00
Northern Lights #2427,BULK-02427,Edibles,Nebula Extracts,each,64.00
Runtz #2428,BULK-02428,Vapes,Sungrown Farms,g,16.00
Zkittlez #2429,BULK-02429,Concentrates,Kush Co,each,23.00
Blue Dream #2430,BULK-02430,Flower,Cloud9 Labs,g,30.00
OG Kush #2431,BULK-02431,Pre-Rolls,Nebula Extracts,each,37.00
Sour Diesel #2432,BULK-02432,Edibles,Sungrown Farms,g,44.00
Gelato #2433,BULK-02433,Vapes,Kush Co,each,51.00
Wedding Cake #2434,BULK-02434,Concentrates,Cloud9 Labs,g,58.00
GDP #2435,BULK-02435,Flower,Nebula Extracts,each,65.00
Pineapple Express #2436,BULK-02436,Pre-Rolls,Sungrown Farms,g,17.00
Northern Lights #2437,BULK-02437,Edibles,Kush Co,each,24.00
Runtz #2438,BULK-02438,Vapes,Cloud9 Labs,g,31.00
Zkittlez #2439,BULK-02439,Concentrates,Nebula Extracts,each,38.00
Blue Dream #2440,BULK-02440,Flower,Sungrown Farms,g,45.00
OG Kush #2441,BULK-02441,Pre-Rolls,Kush Co,each,52.00
Sour Diesel #2442,BULK-02442,Edibles,Cloud9 Labs,g,59.00
Gelato #2443,BULK-02443,Vapes,Nebula Extracts,each,66.00
Wedding Cake #2444,BULK-02444,Concentrates,Sungrown Farms,g,18.00
GDP #2445,BULK-02445,Flower,Kush Co,each,25.00
Pineapple Express #2446,BULK-02446,Pre-Rolls,Cloud9 Labs,g,32.00
Northern Lights #2447,BULK-02447,Edibles,Nebula Extracts,each,39.00
Runtz #2448,BULK-02448,Vapes,Sungrown Farms,g,46.00
Zkittlez #2449,BULK-02449,Concentrates,Kush Co,each,53.00
Blue Dream #2450,BULK-02450,Flower,Cloud9 Labs,g,60.00
OG Kush #2451,BULK-02451,Pre-Rolls,Nebula Extracts,each,67.00
Sour Diesel #2452,BULK-02452,Edibles,Sungrown Farms,g,19.00
Gelato #2453,BULK-02453,Vapes,Kush Co,each,26.00
Wedding Cake #2454,BULK-02454,Concentrates,Cloud9 Labs,g,33.00
GDP #2455,BULK-02455,Flower,Nebula Extracts,each,40.00
Pineapple Express #2456,BULK-02456,Pre-Rolls,Sungrown Farms,g,47.00
Northern Lights #2457,BULK-02457,Edibles,Kush Co,each,54.00
Runtz #2458,BULK-02458,Vapes,Cloud9 Labs,g,61.00
Zkittlez #2459,BULK-02459,Concentrates,Nebula Extracts,each,68.00
Blue Dream #2460,BULK-02460,Flower,Sungrown Farms,g,20.00
OG Kush #2461,BULK-02461,Pre-Rolls,Kush Co,each,27.00
Sour Diesel #2462,BULK-02462,Edibles,Cloud9 Labs,g,34.00
Gelato #2463,BULK-02463,Vapes,Nebula Extracts,each,41.00
Wedding Cake #2464,BULK-02464,Concentrates,Sungrown Farms,g,48.00
GDP #2465,BULK-02465,Flower,Kush Co,each,55.00
Pineapple Express #2466,BULK-02466,Pre-Rolls,Cloud9 Labs,g,62.00
Northern Lights #2467,BULK-02467,Edibles,Nebula Extracts,each,69.00
Runtz #2468,BULK-02468,Vapes,Sungrown Farms,g,21.00
Zkittlez #2469,BULK-02469,Concentrates,Kush Co,each,28.00
Blue Dream #2470,BULK-02470,Flower,Cloud9 Labs,g,35.00
OG Kush #2471,BULK-02471,Pre-Rolls,Nebula Extracts,each,42.00
Sour Diesel #2472,BULK-02472,Edibles,Sungrown Farms,g,49.00
Gelato #2473,BULK-02473,Vapes,Kush Co,each,56.00
Wedding Cake #2474,BULK-02474,Concentrates,Cloud9 Labs,g,63.00
GDP #2475,BULK-02475,Flower,Nebula Extracts,each,15.00
Pineapple Express #2476,BULK-02476,Pre-Rolls,Sungrown Farms,g,22.00
Northern Lights #2477,BULK-02477,Edibles,Kush Co,each,29.00
Runtz #2478,BULK-02478,Vapes,Cloud9 Labs,g,36.00
Zkittlez #2479,BULK-02479,Concentrates,Nebula Extracts,each,43.00
Blue Dream #2480,BULK-02480,Flower,Sungrown Farms,g,50.00
OG Kush #2481,BULK-02481,Pre-Rolls,Kush Co,each,57.00
Sour Diesel #2482,BULK-02482,Edibles,Cloud9 Labs,g,64.00
Gelato #2483,BULK-02483,Vapes,Nebula Extracts,each,16.00
Wedding Cake #2484,BULK-02484,Concentrates,Sungrown Farms,g,23.00
GDP #2485,BULK-02485,Flower,Kush Co,each,30.00
Pineapple Express #2486,BULK-02486,Pre-Rolls,Cloud9 Labs,g,37.00
Northern Lights #2487,BULK-02487,Edibles,Nebula Extracts,each,44.00
Runtz #2488,BULK-02488,Vapes,Sungrown Farms,g,51.00
Zkittlez #2489,BULK-02489,Concentrates,Kush Co,each,58.00
Blue Dream #2490,BULK-02490,Flower,Cloud9 Labs,g,65.00
OG Kush #2491,BULK-02491,Pre-Rolls,Nebula Extracts,each,17.00
Sour Diesel #2492,BULK-02492,Edibles,Sungrown Farms,g,24.00
Gelato #2493,BULK-02493,Vapes,Kush Co,each,31.00
Wedding Cake #2494,BULK-02494,Concentrates,Cloud9 Labs,g,38.00
GDP #2495,BULK-02495,Flower,Nebula Extracts,each,45.00
Pineapple Express #2496,BULK-02496,Pre-Rolls,Sungrown Farms,g,52.00
Northern Lights #2497,BULK-02497,Edibles,Kush Co,each,59.00
Runtz #2498,BULK-02498,Vapes,Cloud9 Labs,g,66.00
Zkittlez #2499,BULK-02499,Concentrates,Nebula Extracts,each,18.00
Blue Dream #2500,BULK-02500,Flower,Sungrown Farms,g,25.00
OG Kush #2501,BULK-02501,Pre-Rolls,Kush Co,each,32.00
Sour Diesel #2502,BULK-02502,Edibles,Cloud9 Labs,g,39.00
Gelato #2503,BULK-02503,Vapes,Nebula Extracts,each,46.00
Wedding Cake #2504,BULK-02504,Concentrates,Sungrown Farms,g,53.00
GDP #2505,BULK-02505,Flower,Kush Co,each,60.00
Pineapple Express #2506,BULK-02506,Pre-Rolls,Cloud9 Labs,g,67.00
Northern Lights #2507,BULK-02507,Edibles,Nebula Extracts,each,19.00
Runtz #2508,BULK-02508,Vapes,Sungrown Farms,g,26.00
Zkittlez #2509,BULK-02509,Concentrates,Kush Co,each,33.00
Blue Dream #2510,BULK-02510,Flower,Cloud9 Labs,g,40.00
OG Kush #2511,BULK-02511,Pre-Rolls,Nebula Extracts,each,47.00
Sour Diesel #2512,BULK-02512,Edibles,Sungrown Farms,g,54.00
Gelato #2513,BULK-02513,Vapes,Kush Co,each,61.00
Wedding Cake #2514,BULK-02514,Concentrates,Cloud9 Labs,g,68.00
GDP #2515,BULK-02515,Flower,Nebula Extracts,each,20.00
Pineapple Express #2516,BULK-02516,Pre-Rolls,Sungrown Farms,g,27.00
Northern Lights #2517,BULK-02517,Edibles,Kush Co,each,34.00
Runtz #2518,BULK-02518,Vapes,Cloud9 Labs,g,41.00
Zkittlez #2519,BULK-02519,Concentrates,Nebula Extracts,each,48.00
Blue Dream #2520,BULK-02520,Flower,Sungrown Farms,g,55.00
OG Kush #2521,BULK-02521,Pre-Rolls,Kush Co,each,62.00
Sour Diesel #2522,BULK-02522,Edibles,Cloud9 Labs,g,69.00
Gelato #2523,BULK-02523,Vapes,Nebula Extracts,each,21.00
Wedding Cake #2524,BULK-02524,Concentrates,Sungrown Farms,g,28.00
GDP #2525,BULK-02525,Flower,Kush Co,each,35.00
Pineapple Express #2526,BULK-02526,Pre-Rolls,Cloud9 Labs,g,42.00
Northern Lights #2527,BULK-02527,Edibles,Nebula Extracts,each,49.00
Runtz #2528,BULK-02528,Vapes,Sungrown Farms,g,56.00
Zkittlez #2529,BULK-02529,Concentrates,Kush Co,each,63.00
Blue Dream #2530,BULK-02530,Flower,Cloud9 Labs,g,15.00
OG Kush #2531,BULK-02531,Pre-Rolls,Nebula Extracts,each,22.00
Sour Diesel #2532,BULK-02532,Edibles,Sungrown Farms,g,29.00
Gelato #2533,BULK-02533,Vapes,Kush Co,each,36.00
Wedding Cake #2534,BULK-02534,Concentrates,Cloud9 Labs,g,43.00
GDP #2535,BULK-02535,Flower,Nebula Extracts,each,50.00
Pineapple Express #2536,BULK-02536,Pre-Rolls,Sungrown Farms,g,57.00
Northern Lights #2537,BULK-02537,Edibles,Kush Co,each,64.00
Runtz #2538,BULK-02538,Vapes,Cloud9 Labs,g,16.00
Zkittlez #2539,BULK-02539,Concentrates,Nebula Extracts,each,23.00
Blue Dream #2540,BULK-02540,Flower,Sungrown Farms,g,30.00
OG Kush #2541,BULK-02541,Pre-Rolls,Kush Co,each,37.00
Sour Diesel #2542,BULK-02542,Edibles,Cloud9 Labs,g,44.00
Gelato #2543,BULK-02543,Vapes,Nebula Extracts,each,51.00
Wedding Cake #2544,BULK-02544,Concentrates,Sungrown Farms,g,58.00
GDP #2545,BULK-02545,Flower,Kush Co,each,65.00
Pineapple Express #2546,BULK-02546,Pre-Rolls,Cloud9 Labs,g,17.00
Northern Lights #2547,BULK-02547,Edibles,Nebula Extracts,each,24.00
Runtz #2548,BULK-02548,Vapes,Sungrown Farms,g,31.00
Zkittlez #2549,BULK-02549,Concentrates,Kush Co,each,38.00
Blue Dream #2550,BULK-02550,Flower,Cloud9 Labs,g,45.00
OG Kush #2551,BULK-02551,Pre-Rolls,Nebula Extracts,each,52.00
Sour Diesel #2552,BULK-02552,Edibles,Sungrown Farms,g,59.00
Gelato #2553,BULK-02553,Vapes,Kush Co,each,66.00
Wedding Cake #2554,BULK-02554,Concentrates,Cloud9 Labs,g,18.00
GDP #2555,BULK-02555,Flower,Nebula Extracts,each,25.00
Pineapple Express #2556,BULK-02556,Pre-Rolls,Sungrown Farms,g,32.00
Northern Lights #2557,BULK-02557,Edibles,Kush Co,each,39.00
Runtz #2558,BULK-02558,Vapes,Cloud9 Labs,g,46.00
Zkittlez #2559,BULK-02559,Concentrates,Nebula Extracts,each,53.00
Blue Dream #2560,BULK-02560,Flower,Sungrown Farms,g,60.00
OG Kush #2561,BULK-02561,Pre-Rolls,Kush Co,each,67.00
Sour Diesel #2562,BULK-02562,Edibles,Cloud9 Labs,g,19.00
Gelato #2563,BULK-02563,Vapes,Nebula Extracts,each,26.00
Wedding Cake #2564,BULK-02564,Concentrates,Sungrown Farms,g,33.00
GDP #2565,BULK-02565,Flower,Kush Co,each,40.00
Pineapple Express #2566,BULK-02566,Pre-Rolls,Cloud9 Labs,g,47.00
Northern Lights #2567,BULK-02567,Edibles,Nebula Extracts,each,54.00
Runtz #2568,BULK-02568,Vapes,Sungrown Farms,g,61.00
Zkittlez #2569,BULK-02569,Concentrates,Kush Co,each,68.00
Blue Dream #2570,BULK-02570,Flower,Cloud9 Labs,g,20.00
OG Kush #2571,BULK-02571,Pre-Rolls,Nebula Extracts,each,27.00
Sour Diesel #2572,BULK-02572,Edibles,Sungrown Farms,g,34.00
Gelato #2573,BULK-02573,Vapes,Kush Co,each,41.00
Wedding Cake #2574,BULK-02574,Concentrates,Cloud9 Labs,g,48.00
GDP #2575,BULK-02575,Flower,Nebula Extracts,each,55.00
Pineapple Express #2576,BULK-02576,Pre-Rolls,Sungrown Farms,g,62.00
Northern Lights #2577,BULK-02577,Edibles,Kush Co,each,69.00
Runtz #2578,BULK-02578,Vapes,Cloud9 Labs,g,21.00
Zkittlez #2579,BULK-02579,Concentrates,Nebula Extracts,each,28.00
Blue Dream #2580,BULK-02580,Flower,Sungrown Farms,g,35.00
OG Kush #2581,BULK-02581,Pre-Rolls,Kush Co,each,42.00
Sour Diesel #2582,BULK-02582,Edibles,Cloud9 Labs,g,49.00
Gelato #2583,BULK-02583,Vapes,Nebula Extracts,each,56.00
Wedding Cake #2584,BULK-02584,Concentrates,Sungrown Farms,g,63.00
GDP #2585,BULK-02585,Flower,Kush Co,each,15.00
Pineapple Express #2586,BULK-02586,Pre-Rolls,Cloud9 Labs,g,22.00
Northern Lights #2587,BULK-02587,Edibles,Nebula Extracts,each,29.00
Runtz #2588,BULK-02588,Vapes,Sungrown Farms,g,36.00
Zkittlez #2589,BULK-02589,Concentrates,Kush Co,each,43.00
Blue Dream #2590,BULK-02590,Flower,Cloud9 Labs,g,50.00
OG Kush #2591,BULK-02591,Pre-Rolls,Nebula Extracts,each,57.00
Sour Diesel #2592,BULK-02592,Edibles,Sungrown Farms,g,64.00
Gelato #2593,BULK-02593,Vapes,Kush Co,each,16.00
Wedding Cake #2594,BULK-02594,Concentrates,Cloud9 Labs,g,23.00
GDP #2595,BULK-02595,Flower,Nebula Extracts,each,30.00
Pineapple Express #2596,BULK-02596,Pre-Rolls,Sungrown Farms,g,37.00
Northern Lights #2597,BULK-02597,Edibles,Kush Co,each,44.00
Runtz #2598,BULK-02598,Vapes,Cloud9 Labs,g,51.00
Zkittlez #2599,BULK-02599,Concentrates,Nebula Extracts,each,58.00
Blue Dream #2600,BULK-02600,Flower,Sungrown Farms,g,65.00
OG Kush #2601,BULK-02601,Pre-Rolls,Kush Co,each,17.00
Sour Diesel #2602,BULK-02602,Edibles,Cloud9 Labs,g,24.00
Gelato #2603,BULK-02603,Vapes,Nebula Extracts,each,31.00
Wedding Cake #2604,BULK-02604,Concentrates,Sungrown Farms,g,38.00
GDP #2605,BULK-02605,Flower,Kush Co,each,45.00
Pineapple Express #2606,BULK-02606,Pre-Rolls,Cloud9 Labs,g,52.00
Northern Lights #2607,BULK-02607,Edibles,Nebula Extracts,each,59.00
Runtz #2608,BULK-02608,Vapes,Sungrown Farms,g,66.00
Zkittlez #2609,BULK-02609,Concentrates,Kush Co,each,18.00
Blue Dream #2610,BULK-02610,Flower,Cloud9 Labs,g,25.00
OG Kush #2611,BULK-02611,Pre-Rolls,Nebula Extracts,each,32.00
Sour Diesel #2612,BULK-02612,Edibles,Sungrown Farms,g,39.00
Gelato #2613,BULK-02613,Vapes,Kush Co,each,46.00
Wedding Cake #2614,BULK-02614,Concentrates,Cloud9 Labs,g,53.00
GDP #2615,BULK-02615,Flower,Nebula Extracts,each,60.00
Pineapple Express #2616,BULK-02616,Pre-Rolls,Sungrown Farms,g,67.00
Northern Lights #2617,BULK-02617,Edibles,Kush Co,each,19.00
Runtz #2618,BULK-02618,Vapes,Cloud9 Labs,g,26.00
Zkittlez #2619,BULK-02619,Concentrates,Nebula Extracts,each,33.00
Blue Dream #2620,BULK-02620,Flower,Sungrown Farms,g,40.00
OG Kush #2621,BULK-02621,Pre-Rolls,Kush Co,each,47.00
Sour Diesel #2622,BULK-02622,Edibles,Cloud9 Labs,g,54.00
Gelato #2623,BULK-02623,Vapes,Nebula Extracts,each,61.00
Wedding Cake #2624,BULK-02624,Concentrates,Sungrown Farms,g,68.00
GDP #2625,BULK-02625,Flower,Kush Co,each,20.00
Pineapple Express #2626,BULK-02626,Pre-Rolls,Cloud9 Labs,g,27.00
Northern Lights #2627,BULK-02627,Edibles,Nebula Extracts,each,34.00
Runtz #2628,BULK-02628,Vapes,Sungrown Farms,g,41.00
Zkittlez #2629,BULK-02629,Concentrates,Kush Co,each,48.00
Blue Dream #2630,BULK-02630,Flower,Cloud9 Labs,g,55.00
OG Kush #2631,BULK-02631,Pre-Rolls,Nebula Extracts,each,62.00
Sour Diesel #2632,BULK-02632,Edibles,Sungrown Farms,g,69.00
Gelato #2633,BULK-02633,Vapes,Kush Co,each,21.00
Wedding Cake #2634,BULK-02634,Concentrates,Cloud9 Labs,g,28.00
GDP #2635,BULK-02635,Flower,Nebula Extracts,each,35.00
Pineapple Express #2636,BULK-02636,Pre-Rolls,Sungrown Farms,g,42.00
Northern Lights #2637,BULK-02637,Edibles,Kush Co,each,49.00
Runtz #2638,BULK-02638,Vapes,Cloud9 Labs,g,56.00
Zkittlez #2639,BULK-02639,Concentrates,Nebula Extracts,each,63.00
Blue Dream #2640,BULK-02640,Flower,Sungrown Farms,g,15.00
OG Kush #2641,BULK-02641,Pre-Rolls,Kush Co,each,22.00
Sour Diesel #2642,BULK-02642,Edibles,Cloud9 Labs,g,29.00
Gelato #2643,BULK-02643,Vapes,Nebula Extracts,each,36.00
Wedding Cake #2644,BULK-02644,Concentrates,Sungrown Farms,g,43.00
GDP #2645,BULK-02645,Flower,Kush Co,each,50.00
Pineapple Express #2646,BULK-02646,Pre-Rolls,Cloud9 Labs,g,57.00
Northern Lights #2647,BULK-02647,Edibles,Nebula Extracts,each,64.00
Runtz #2648,BULK-02648,Vapes,Sungrown Farms,g,16.00
Zkittlez #2649,BULK-02649,Concentrates,Kush Co,each,23.00
Blue Dream #2650,BULK-02650,Flower,Cloud9 Labs,g,30.00
OG Kush #2651,BULK-02651,Pre-Rolls,Nebula Extracts,each,37.00
Sour Diesel #2652,BULK-02652,Edibles,Sungrown Farms,g,44.00
Gelato #2653,BULK-02653,Vapes,Kush Co,each,51.00
Wedding Cake #2654,BULK-02654,Concentrates,Cloud9 Labs,g,58.00
GDP #2655,BULK-02655,Flower,Nebula Extracts,each,65.00
Pineapple Express #2656,BULK-02656,Pre-Rolls,Sungrown Farms,g,17.00
Northern Lights #2657,BULK-02657,Edibles,Kush Co,each,24.00
Runtz #2658,BULK-02658,Vapes,Cloud9 Labs,g,31.00
Zkittlez #2659,BULK-02659,Concentrates,Nebula Extracts,each,38.00
Blue Dream #2660,BULK-02660,Flower,Sungrown Farms,g,45.00
OG Kush #2661,BULK-02661,Pre-Rolls,Kush Co,each,52.00
Sour Diesel #2662,BULK-02662,Edibles,Cloud9 Labs,g,59.00
Gelato #2663,BULK-02663,Vapes,Nebula Extracts,each,66.00
Wedding Cake #2664,BULK-02664,Concentrates,Sungrown Farms,g,18.00
GDP #2665,BULK-02665,Flower,Kush Co,each,25.00
Pineapple Express #2666,BULK-02666,Pre-Rolls,Cloud9 Labs,g,32.00
Northern Lights #2667,BULK-02667,Edibles,Nebula Extracts,each,39.00
Runtz #2668,BULK-02668,Vapes,Sungrown Farms,g,46.00
Zkittlez #2669,BULK-02669,Concentrates,Kush Co,each,53.00
Blue Dream #2670,BULK-02670,Flower,Cloud9 Labs,g,60.00
OG Kush #2671,BULK-02671,Pre-Rolls,Nebula Extracts,each,67.00
Sour Diesel #2672,BULK-02672,Edibles,Sungrown Farms,g,19.00
Gelato #2673,BULK-02673,Vapes,Kush Co,each,26.00
Wedding Cake #2674,BULK-02674,Concentrates,Cloud9 Labs,g,33.00
GDP #2675,BULK-02675,Flower,Nebula Extracts,each,40.00
Pineapple Express #2676,BULK-02676,Pre-Rolls,Sungrown Farms,g,47.00
Northern Lights #2677,BULK-02677,Edibles,Kush Co,each,54.00
Runtz #2678,BULK-02678,Vapes,Cloud9 Labs,g,61.00
Zkittlez #2679,BULK-02679,Concentrates,Nebula Extracts,each,68.00
Blue Dream #2680,BULK-02680,Flower,Sungrown Farms,g,20.00
OG Kush #2681,BULK-02681,Pre-Rolls,Kush Co,each,27.00
Sour Diesel #2682,BULK-02682,Edibles,Cloud9 Labs,g,34.00
Gelato #2683,BULK-02683,Vapes,Nebula Extracts,each,41.00
Wedding Cake #2684,BULK-02684,Concentrates,Sungrown Farms,g,48.00
GDP #2685,BULK-02685,Flower,Kush Co,each,55.00
Pineapple Express #2686,BULK-02686,Pre-Rolls,Cloud9 Labs,g,62.00
Northern Lights #2687,BULK-02687,Edibles,Nebula Extracts,each,69.00
Runtz #2688,BULK-02688,Vapes,Sungrown Farms,g,21.00
Zkittlez #2689,BULK-02689,Concentrates,Kush Co,each,28.00
Blue Dream #2690,BULK-02690,Flower,Cloud9 Labs,g,35.00
OG Kush #2691,BULK-02691,Pre-Rolls,Nebula Extracts,each,42.00
Sour Diesel #2692,BULK-02692,Edibles,Sungrown Farms,g,49.00
Gelato #2693,BULK-02693,Vapes,Kush Co,each,56.00
Wedding Cake #2694,BULK-02694,Concentrates,Cloud9 Labs,g,63.00
GDP #2695,BULK-02695,Flower,Nebula Extracts,each,15.00
Pineapple Express #2696,BULK-02696,Pre-Rolls,Sungrown Farms,g,22.00
Northern Lights #2697,BULK-02697,Edibles,Kush Co,each,29.00
Runtz #2698,BULK-02698,Vapes,Cloud9 Labs,g,36.00
Zkittlez #2699,BULK-02699,Concentrates,Nebula Extracts,each,43.00
Blue Dream #2700,BULK-02700,Flower,Sungrown Farms,g,50.00
OG Kush #2701,BULK-02701,Pre-Rolls,Kush Co,each,57.00
Sour Diesel #2702,BULK-02702,Edibles,Cloud9 Labs,g,64.00
Gelato #2703,BULK-02703,Vapes,Nebula Extracts,each,16.00
Wedding Cake #2704,BULK-02704,Concentrates,Sungrown Farms,g,23.00
GDP #2705,BULK-02705,Flower,Kush Co,each,30.00
Pineapple Express #2706,BULK-02706,Pre-Rolls,Cloud9 Labs,g,37.00
Northern Lights #2707,BULK-02707,Edibles,Nebula Extracts,each,44.00
Runtz #2708,BULK-02708,Vapes,Sungrown Farms,g,51.00
Zkittlez #2709,BULK-02709,Concentrates,Kush Co,each,58.00
Blue Dream #2710,BULK-02710,Flower,Cloud9 Labs,g,65.00
OG Kush #2711,BULK-02711,Pre-Rolls,Nebula Extracts,each,17.00
Sour Diesel #2712,BULK-02712,Edibles,Sungrown Farms,g,24.00
Gelato #2713,BULK-02713,Vapes,Kush Co,each,31.00
Wedding Cake #2714,BULK-02714,Concentrates,Cloud9 Labs,g,38.00
GDP #2715,BULK-02715,Flower,Nebula Extracts,each,45.00
Pineapple Express #2716,BULK-02716,Pre-Rolls,Sungrown Farms,g,52.00
Northern Lights #2717,BULK-02717,Edibles,Kush Co,each,59.00
Runtz #2718,BULK-02718,Vapes,Cloud9 Labs,g,66.00
Zkittlez #2719,BULK-02719,Concentrates,Nebula Extracts,each,18.00
Blue Dream #2720,BULK-02720,Flower,Sungrown Farms,g,25.00
OG Kush #2721,BULK-02721,Pre-Rolls,Kush Co,each,32.00
Sour Diesel #2722,BULK-02722,Edibles,Cloud9 Labs,g,39.00
Gelato #2723,BULK-02723,Vapes,Nebula Extracts,each,46.00
Wedding Cake #2724,BULK-02724,Concentrates,Sungrown Farms,g,53.00
GDP #2725,BULK-02725,Flower,Kush Co,each,60.00
Pineapple Express #2726,BULK-02726,Pre-Rolls,Cloud9 Labs,g,67.00
Northern Lights #2727,BULK-02727,Edibles,Nebula Extracts,each,19.00
Runtz #2728,BULK-02728,Vapes,Sungrown Farms,g,26.00
Zkittlez #2729,BULK-02729,Concentrates,Kush Co,each,33.00
Blue Dream #2730,BULK-02730,Flower,Cloud9 Labs,g,40.00
OG Kush #2731,BULK-02731,Pre-Rolls,Nebula Extracts,each,47.00
Sour Diesel #2732,BULK-02732,Edibles,Sungrown Farms,g,54.00
Gelato #2733,BULK-02733,Vapes,Kush Co,each,61.00
Wedding Cake #2734,BULK-02734,Concentrates,Cloud9 Labs,g,68.00
GDP #2735,BULK-02735,Flower,Nebula Extracts,each,20.00
Pineapple Express #2736,BULK-02736,Pre-Rolls,Sungrown Farms,g,27.00
Northern Lights #2737,BULK-02737,Edibles,Kush Co,each,34.00
Runtz #2738,BULK-02738,Vapes,Cloud9 Labs,g,41.00
Zkittlez #2739,BULK-02739,Concentrates,Nebula Extracts,each,48.00
Blue Dream #2740,BULK-02740,Flower,Sungrown Farms,g,55.00
OG Kush #2741,BULK-02741,Pre-Rolls,Kush Co,each,62.00
Sour Diesel #2742,BULK-02742,Edibles,Cloud9 Labs,g,69.00
Gelato #2743,BULK-02743,Vapes,Nebula Extracts,each,21.00
Wedding Cake #2744,BULK-02744,Concentrates,Sungrown Farms,g,28.00
GDP #2745,BULK-02745,Flower,Kush Co,each,35.00
Pineapple Express #2746,BULK-02746,Pre-Rolls,Cloud9 Labs,g,42.00
Northern Lights #2747,BULK-02747,Edibles,Nebula Extracts,each,49.00
Runtz #2748,BULK-02748,Vapes,Sungrown Farms,g,56.00
Zkittlez #2749,BULK-02749,Concentrates,Kush Co,each,63.00
Blue Dream #2750,BULK-02750,Flower,Cloud9 Labs,g,15.00
OG Kush #2751,BULK-02751,Pre-Rolls,Nebula Extracts,each,22.00
Sour Diesel #2752,BULK-02752,Edibles,Sungrown Farms,g,29.00
Gelato #2753,BULK-02753,Vapes,Kush Co,each,36.00
Wedding Cake #2754,BULK-02754,Concentrates,Cloud9 Labs,g,43.00
GDP #2755,BULK-02755,Flower,Nebula Extracts,each,50.00
Pineapple Express #2756,BULK-02756,Pre-Rolls,Sungrown Farms,g,57.00
Northern Lights #2757,BULK-02757,Edibles,Kush Co,each,64.00
Runtz #2758,BULK-02758,Vapes,Cloud9 Labs,g,16.00
Zkittlez #2759,BULK-02759,Concentrates,Nebula Extracts,each,23.00
Blue Dream #2760,BULK-02760,Flower,Sungrown Farms,g,30.00
OG Kush #2761,BULK-02761,Pre-Rolls,Kush Co,each,37.00
Sour Diesel #2762,BULK-02762,Edibles,Cloud9 Labs,g,44.00
Gelato #2763,BULK-02763,Vapes,Nebula Extracts,each,51.00
Wedding Cake #2764,BULK-02764,Concentrates,Sungrown Farms,g,58.00
GDP #2765,BULK-02765,Flower,Kush Co,each,65.00
Pineapple Express #2766,BULK-02766,Pre-Rolls,Cloud9 Labs,g,17.00
Northern Lights #2767,BULK-02767,Edibles,Nebula Extracts,each,24.00
Runtz #2768,BULK-02768,Vapes,Sungrown Farms,g,31.00
Zkittlez #2769,BULK-02769,Concentrates,Kush Co,each,38.00
Blue Dream #2770,BULK-02770,Flower,Cloud9 Labs,g,45.00
OG Kush #2771,BULK-02771,Pre-Rolls,Nebula Extracts,each,52.00
Sour Diesel #2772,BULK-02772,Edibles,Sungrown Farms,g,59.00
Gelato #2773,BULK-02773,Vapes,Kush Co,each,66.00
Wedding Cake #2774,BULK-02774,Concentrates,Cloud9 Labs,g,18.00
GDP #2775,BULK-02775,Flower,Nebula Extracts,each,25.00
Pineapple Express #2776,BULK-02776,Pre-Rolls,Sungrown Farms,g,32.00
Northern Lights #2777,BULK-02777,Edibles,Kush Co,each,39.00
Runtz #2778,BULK-02778,Vapes,Cloud9 Labs,g,46.00
Zkittlez #2779,BULK-02779,Concentrates,Nebula Extracts,each,53.00
Blue Dream #2780,BULK-02780,Flower,Sungrown Farms,g,60.00
OG Kush #2781,BULK-02781,Pre-Rolls,Kush Co,each,67.00
Sour Diesel #2782,BULK-02782,Edibles,Cloud9 Labs,g,19.00
Gelato #2783,BULK-02783,Vapes,Nebula Extracts,each,26.00
Wedding Cake #2784,BULK-02784,Concentrates,Sungrown Farms,g,33.00
GDP #2785,BULK-02785,Flower,Kush Co,each,40.00
Pineapple Express #2786,BULK-02786,Pre-Rolls,Cloud9 Labs,g,47.00
Northern Lights #2787,BULK-02787,Edibles,Nebula Extracts,each,54.00
Runtz #2788,BULK-02788,Vapes,Sungrown Farms,g,61.00
Zkittlez #2789,BULK-02789,Concentrates,Kush Co,each,68.00
Blue Dream #2790,BULK-02790,Flower,Cloud9 Labs,g,20.00
OG Kush #2791,BULK-02791,Pre-Rolls,Nebula Extracts,each,27.00
Sour Diesel #2792,BULK-02792,Edibles,Sungrown Farms,g,34.00
Gelato #2793,BULK-02793,Vapes,Kush Co,each,41.00
Wedding Cake #2794,BULK-02794,Concentrates,Cloud9 Labs,g,48.00
GDP #2795,BULK-02795,Flower,Nebula Extracts,each,55.00
Pineapple Express #2796,BULK-02796,Pre-Rolls,Sungrown Farms,g,62.00
Northern Lights #2797,BULK-02797,Edibles,Kush Co,each,69.00
Runtz #2798,BULK-02798,Vapes,Cloud9 Labs,g,21.00
Zkittlez #2799,BULK-02799,Concentrates,Nebula Extracts,each,28.00
Blue Dream #2800,BULK-02800,Flower,Sungrown Farms,g,35.00
OG Kush #2801,BULK-02801,Pre-Rolls,Kush Co,each,42.00
Sour Diesel #2802,BULK-02802,Edibles,Cloud9 Labs,g,49.00
Gelato #2803,BULK-02803,Vapes,Nebula Extracts,each,56.00
Wedding Cake #2804,BULK-02804,Concentrates,Sungrown Farms,g,63.00
GDP #2805,BULK-02805,Flower,Kush Co,each,15.00
Pineapple Express #2806,BULK-02806,Pre-Rolls,Cloud9 Labs,g,22.00
Northern Lights #2807,BULK-02807,Edibles,Nebula Extracts,each,29.00
Runtz #2808,BULK-02808,Vapes,Sungrown Farms,g,36.00
Zkittlez #2809,BULK-02809,Concentrates,Kush Co,each,43.00
Blue Dream #2810,BULK-02810,Flower,Cloud9 Labs,g,50.00
OG Kush #2811,BULK-02811,Pre-Rolls,Nebula Extracts,each,57.00
Sour Diesel #2812,BULK-02812,Edibles,Sungrown Farms,g,64.00
Gelato #2813,BULK-02813,Vapes,Kush Co,each,16.00
Wedding Cake #2814,BULK-02814,Concentrates,Cloud9 Labs,g,23.00
GDP #2815,BULK-02815,Flower,Nebula Extracts,each,30.00
Pineapple Express #2816,BULK-02816,Pre-Rolls,Sungrown Farms,g,37.00
Northern Lights #2817,BULK-02817,Edibles,Kush Co,each,44.00
Runtz #2818,BULK-02818,Vapes,Cloud9 Labs,g,51.00
Zkittlez #2819,BULK-02819,Concentrates,Nebula Extracts,each,58.00
Blue Dream #2820,BULK-02820,Flower,Sungrown Farms,g,65.00
OG Kush #2821,BULK-02821,Pre-Rolls,Kush Co,each,17.00
Sour Diesel #2822,BULK-02822,Edibles,Cloud9 Labs,g,24.00
Gelato #2823,BULK-02823,Vapes,Nebula Extracts,each,31.00
Wedding Cake #2824,BULK-02824,Concentrates,Sungrown Farms,g,38.00
GDP #2825,BULK-02825,Flower,Kush Co,each,45.00
Pineapple Express #2826,BULK-02826,Pre-Rolls,Cloud9 Labs,g,52.00
Northern Lights #2827,BULK-02827,Edibles,Nebula Extracts,each,59.00
Runtz #2828,BULK-02828,Vapes,Sungrown Farms,g,66.00
Zkittlez #2829,BULK-02829,Concentrates,Kush Co,each,18.00
Blue Dream #2830,BULK-02830,Flower,Cloud9 Labs,g,25.00
OG Kush #2831,BULK-02831,Pre-Rolls,Nebula Extracts,each,32.00
Sour Diesel #2832,BULK-02832,Edibles,Sungrown Farms,g,39.00
Gelato #2833,BULK-02833,Vapes,Kush Co,each,46.00
Wedding Cake #2834,BULK-02834,Concentrates,Cloud9 Labs,g,53.00
GDP #2835,BULK-02835,Flower,Nebula Extracts,each,60.00
Pineapple Express #2836,BULK-02836,Pre-Rolls,Sungrown Farms,g,67.00
Northern Lights #2837,BULK-02837,Edibles,Kush Co,each,19.00
Runtz #2838,BULK-02838,Vapes,Cloud9 Labs,g,26.00
Zkittlez #2839,BULK-02839,Concentrates,Nebula Extracts,each,33.00
Blue Dream #2840,BULK-02840,Flower,Sungrown Farms,g,40.00
OG Kush #2841,BULK-02841,Pre-Rolls,Kush Co,each,47.00
Sour Diesel #2842,BULK-02842,Edibles,Cloud9 Labs,g,54.00
Gelato #2843,BULK-02843,Vapes,Nebula Extracts,each,61.00
Wedding Cake #2844,BULK-02844,Concentrates,Sungrown Farms,g,68.00
GDP #2845,BULK-02845,Flower,Kush Co,each,20.00
Pineapple Express #2846,BULK-02846,Pre-Rolls,Cloud9 Labs,g,27.00
Northern Lights #2847,BULK-02847,Edibles,Nebula Extracts,each,34.00
Runtz #2848,BULK-02848,Vapes,Sungrown Farms,g,41.00
Zkittlez #2849,BULK-02849,Concentrates,Kush Co,each,48.00
Blue Dream #2850,BULK-02850,Flower,Cloud9 Labs,g,55.00
OG Kush #2851,BULK-02851,Pre-Rolls,Nebula Extracts,each,62.00
Sour Diesel #2852,BULK-02852,Edibles,Sungrown Farms,g,69.00
Gelato #2853,BULK-02853,Vapes,Kush Co,each,21.00
Wedding Cake #2854,BULK-02854,Concentrates,Cloud9 Labs,g,28.00
GDP #2855,BULK-02855,Flower,Nebula Extracts,each,35.00
Pineapple Express #2856,BULK-02856,Pre-Rolls,Sungrown Farms,g,42.00
Northern Lights #2857,BULK-02857,Edibles,Kush Co,each,49.00
Runtz #2858,BULK-02858,Vapes,Cloud9 Labs,g,56.00
Zkittlez #2859,BULK-02859,Concentrates,Nebula Extracts,each,63.00
Blue Dream #2860,BULK-02860,Flower,Sungrown Farms,g,15.00
OG Kush #2861,BULK-02861,Pre-Rolls,Kush Co,each,22.00
Sour Diesel #2862,BULK-02862,Edibles,Cloud9 Labs,g,29.00
Gelato #2863,BULK-02863,Vapes,Nebula Extracts,each,36.00
Wedding Cake #2864,BULK-02864,Concentrates,Sungrown Farms,g,43.00
GDP #2865,BULK-02865,Flower,Kush Co,each,50.00
Pineapple Express #2866,BULK-02866,Pre-Rolls,Cloud9 Labs,g,57.00
Northern Lights #2867,BULK-02867,Edibles,Nebula Extracts,each,64.00
Runtz #2868,BULK-02868,Vapes,Sungrown Farms,g,16.00
Zkittlez #2869,BULK-02869,Concentrates,Kush Co,each,23.00
Blue Dream #2870,BULK-02870,Flower,Cloud9 Labs,g,30.00
OG Kush #2871,BULK-02871,Pre-Rolls,Nebula Extracts,each,37.00
Sour Diesel #2872,BULK-02872,Edibles,Sungrown Farms,g,44.00
Gelato #2873,BULK-02873,Vapes,Kush Co,each,51.00
Wedding Cake #2874,BULK-02874,Concentrates,Cloud9 Labs,g,58.00
GDP #2875,BULK-02875,Flower,Nebula Extracts,each,65.00
Pineapple Express #2876,BULK-02876,Pre-Rolls,Sungrown Farms,g,17.00
Northern Lights #2877,BULK-02877,Edibles,Kush Co,each,24.00
Runtz #2878,BULK-02878,Vapes,Cloud9 Labs,g,31.00
Zkittlez #2879,BULK-02879,Concentrates,Nebula Extracts,each,38.00
Blue Dream #2880,BULK-02880,Flower,Sungrown Farms,g,45.00
OG Kush #2881,BULK-02881,Pre-Rolls,Kush Co,each,52.00
Sour Diesel #2882,BULK-02882,Edibles,Cloud9 Labs,g,59.00
Gelato #2883,BULK-02883,Vapes,Nebula Extracts,each,66.00
Wedding Cake #2884,BULK-02884,Concentrates,Sungrown Farms,g,18.00
GDP #2885,BULK-02885,Flower,Kush Co,each,25.00
Pineapple Express #2886,BULK-02886,Pre-Rolls,Cloud9 Labs,g,32.00
Northern Lights #2887,BULK-02887,Edibles,Nebula Extracts,each,39.00
Runtz #2888,BULK-02888,Vapes,Sungrown Farms,g,46.00
Zkittlez #2889,BULK-02889,Concentrates,Kush Co,each,53.00
Blue Dream #2890,BULK-02890,Flower,Cloud9 Labs,g,60.00
OG Kush #2891,BULK-02891,Pre-Rolls,Nebula Extracts,each,67.00
Sour Diesel #2892,BULK-02892,Edibles,Sungrown Farms,g,19.00
Gelato #2893,BULK-02893,Vapes,Kush Co,each,26.00
Wedding Cake #2894,BULK-02894,Concentrates,Cloud9 Labs,g,33.00
GDP #2895,BULK-02895,Flower,Nebula Extracts,each,40.00
Pineapple Express #2896,BULK-02896,Pre-Rolls,Sungrown Farms,g,47.00
Northern Lights #2897,BULK-02897,Edibles,Kush Co,each,54.00
Runtz #2898,BULK-02898,Vapes,Cloud9 Labs,g,61.00
Zkittlez #2899,BULK-02899,Concentrates,Nebula Extracts,each,68.00
Blue Dream #2900,BULK-02900,Flower,Sungrown Farms,g,20.00
OG Kush #2901,BULK-02901,Pre-Rolls,Kush Co,each,27.00
Sour Diesel #2902,BULK-02902,Edibles,Cloud9 Labs,g,34.00
Gelato #2903,BULK-02903,Vapes,Nebula Extracts,each,41.00
Wedding Cake #2904,BULK-02904,Concentrates,Sungrown Farms,g,48.00
GDP #2905,BULK-02905,Flower,Kush Co,each,55.00
Pineapple Express #2906,BULK-02906,Pre-Rolls,Cloud9 Labs,g,62.00
Northern Lights #2907,BULK-02907,Edibles,Nebula Extracts,each,69.00
Runtz #2908,BULK-02908,Vapes,Sungrown Farms,g,21.00
Zkittlez #2909,BULK-02909,Concentrates,Kush Co,each,28.00
Blue Dream #2910,BULK-02910,Flower,Cloud9 Labs,g,35.00
OG Kush #2911,BULK-02911,Pre-Rolls,Nebula Extracts,each,42.00
Sour Diesel #2912,BULK-02912,Edibles,Sungrown Farms,g,49.00
Gelato #2913,BULK-02913,Vapes,Kush Co,each,56.00
Wedding Cake #2914,BULK-02914,Concentrates,Cloud9 Labs,g,63.00
GDP #2915,BULK-02915,Flower,Nebula Extracts,each,15.00
Pineapple Express #2916,BULK-02916,Pre-Rolls,Sungrown Farms,g,22.00
Northern Lights #2917,BULK-02917,Edibles,Kush Co,each,29.00
Runtz #2918,BULK-02918,Vapes,Cloud9 Labs,g,36.00
Zkittlez #2919,BULK-02919,Concentrates,Nebula Extracts,each,43.00
Blue Dream #2920,BULK-02920,Flower,Sungrown Farms,g,50.00
OG Kush #2921,BULK-02921,Pre-Rolls,Kush Co,each,57.00
Sour Diesel #2922,BULK-02922,Edibles,Cloud9 Labs,g,64.00
Gelato #2923,BULK-02923,Vapes,Nebula Extracts,each,16.00
Wedding Cake #2924,BULK-02924,Concentrates,Sungrown Farms,g,23.00
GDP #2925,BULK-02925,Flower,Kush Co,each,30.00
Pineapple Express #2926,BULK-02926,Pre-Rolls,Cloud9 Labs,g,37.00
Northern Lights #2927,BULK-02927,Edibles,Nebula Extracts,each,44.00
Runtz #2928,BULK-02928,Vapes,Sungrown Farms,g,51.00
Zkittlez #2929,BULK-02929,Concentrates,Kush Co,each,58.00
Blue Dream #2930,BULK-02930,Flower,Cloud9 Labs,g,65.00
OG Kush #2931,BULK-02931,Pre-Rolls,Nebula Extracts,each,17.00
Sour Diesel #2932,BULK-02932,Edibles,Sungrown Farms,g,24.00
Gelato #2933,BULK-02933,Vapes,Kush Co,each,31.00
Wedding Cake #2934,BULK-02934,Concentrates,Cloud9 Labs,g,38.00
GDP #2935,BULK-02935,Flower,Nebula Extracts,each,45.00
Pineapple Express #2936,BULK-02936,Pre-Rolls,Sungrown Farms,g,52.00
Northern Lights #2937,BULK-02937,Edibles,Kush Co,each,59.00
Runtz #2938,BULK-02938,Vapes,Cloud9 Labs,g,66.00
Zkittlez #2939,BULK-02939,Concentrates,Nebula Extracts,each,18.00
Blue Dream #2940,BULK-02940,Flower,Sungrown Farms,g,25.00
OG Kush #2941,BULK-02941,Pre-Rolls,Kush Co,each,32.00
Sour Diesel #2942,BULK-02942,Edibles,Cloud9 Labs,g,39.00
Gelato #2943,BULK-02943,Vapes,Nebula Extracts,each,46.00
Wedding Cake #2944,BULK-02944,Concentrates,Sungrown Farms,g,53.00
GDP #2945,BULK-02945,Flower,Kush Co,each,60.00
Pineapple Express #2946,BULK-02946,Pre-Rolls,Cloud9 Labs,g,67.00
Northern Lights #2947,BULK-02947,Edibles,Nebula Extracts,each,19.00
Runtz #2948,BULK-02948,Vapes,Sungrown Farms,g,26.00
Zkittlez #2949,BULK-02949,Concentrates,Kush Co,each,33.00
Blue Dream #2950,BULK-02950,Flower,Cloud9 Labs,g,40.00
OG Kush #2951,BULK-02951,Pre-Rolls,Nebula Extracts,each,47.00
Sour Diesel #2952,BULK-02952,Edibles,Sungrown Farms,g,54.00
Gelato #2953,BULK-02953,Vapes,Kush Co,each,61.00
Wedding Cake #2954,BULK-02954,Concentrates,Cloud9 Labs,g,68.00
GDP #2955,BULK-02955,Flower,Nebula Extracts,each,20.00
Pineapple Express #2956,BULK-02956,Pre-Rolls,Sungrown Farms,g,27.00
Northern Lights #2957,BULK-02957,Edibles,Kush Co,each,34.00
Runtz #2958,BULK-02958,Vapes,Cloud9 Labs,g,41.00
Zkittlez #2959,BULK-02959,Concentrates,Nebula Extracts,each,48.00
Blue Dream #2960,BULK-02960,Flower,Sungrown Farms,g,55.00
OG Kush #2961,BULK-02961,Pre-Rolls,Kush Co,each,62.00
Sour Diesel #2962,BULK-02962,Edibles,Cloud9 Labs,g,69.00
Gelato #2963,BULK-02963,Vapes,Nebula Extracts,each,21.00
Wedding Cake #2964,BULK-02964,Concentrates,Sungrown Farms,g,28.00
GDP #2965,BULK-02965,Flower,Kush Co,each,35.00
Pineapple Express #2966,BULK-02966,Pre-Rolls,Cloud9 Labs,g,42.00
Northern Lights #2967,BULK-02967,Edibles,Nebula Extracts,each,49.00
Runtz #2968,BULK-02968,Vapes,Sungrown Farms,g,56.00
Zkittlez #2969,BULK-02969,Concentrates,Kush Co,each,63.00
Blue Dream #2970,BULK-02970,Flower,Cloud9 Labs,g,15.00
OG Kush #2971,BULK-02971,Pre-Rolls,Nebula Extracts,each,22.00
Sour Diesel #2972,BULK-02972,Edibles,Sungrown Farms,g,29.00
Gelato #2973,BULK-02973,Vapes,Kush Co,each,36.00
Wedding Cake #2974,BULK-02974,Concentrates,Cloud9 Labs,g,43.00
GDP #2975,BULK-02975,Flower,Nebula Extracts,each,50.00
Pineapple Express #2976,BULK-02976,Pre-Rolls,Sungrown Farms,g,57.00
Northern Lights #2977,BULK-02977,Edibles,Kush Co,each,64.00
Runtz #2978,BULK-02978,Vapes,Cloud9 Labs,g,16.00
Zkittlez #2979,BULK-02979,Concentrates,Nebula Extracts,each,23.00
Blue Dream #2980,BULK-02980,Flower,Sungrown Farms,g,30.00
OG Kush #2981,BULK-02981,Pre-Rolls,Kush Co,each,37.00
Sour Diesel #2982,BULK-02982,Edibles,Cloud9 Labs,g,44.00
Gelato #2983,BULK-02983,Vapes,Nebula Extracts,each,51.00
Wedding Cake #2984,BULK-02984,Concentrates,Sungrown Farms,g,58.00
GDP #2985,BULK-02985,Flower,Kush Co,each,65.00
Pineapple Express #2986,BULK-02986,Pre-Rolls,Cloud9 Labs,g,17.00
Northern Lights #2987,BULK-02987,Edibles,Nebula Extracts,each,24.00
Runtz #2988,BULK-02988,Vapes,Sungrown Farms,g,31.00
Zkittlez #2989,BULK-02989,Concentrates,Kush Co,each,38.00
Blue Dream #2990,BULK-02990,Flower,Cloud9 Labs,g,45.00
OG Kush #2991,BULK-02991,Pre-Rolls,Nebula Extracts,each,52.00
Sour Diesel #2992,BULK-02992,Edibles,Sungrown Farms,g,59.00
Gelato #2993,BULK-02993,Vapes,Kush Co,each,66.00
Wedding Cake #2994,BULK-02994,Concentrates,Cloud9 Labs,g,18.00
GDP #2995,BULK-02995,Flower,Nebula Extracts,each,25.00
Pineapple Express #2996,BULK-02996,Pre-Rolls,Sungrown Farms,g,32.00
Northern Lights #2997,BULK-02997,Edibles,Kush Co,each,39.00
Runtz #2998,BULK-02998,Vapes,Cloud9 Labs,g,46.00
Zkittlez #2999,BULK-02999,Concentrates,Nebula Extracts,each,53.00
Blue Dream #3000,BULK-03000,Flower,Sungrown Farms,g,60.00
OG Kush #3001,BULK-03001,Pre-Rolls,Kush Co,each,67.00
Sour Diesel #3002,BULK-03002,Edibles,Cloud9 Labs,g,19.00
Gelato #3003,BULK-03003,Vapes,Nebula Extracts,each,26.00
Wedding Cake #3004,BULK-03004,Concentrates,Sungrown Farms,g,33.00
GDP #3005,BULK-03005,Flower,Kush Co,each,40.00
Pineapple Express #3006,BULK-03006,Pre-Rolls,Cloud9 Labs,g,47.00
Northern Lights #3007,BULK-03007,Edibles,Nebula Extracts,each,54.00
Runtz #3008,BULK-03008,Vapes,Sungrown Farms,g,61.00
Zkittlez #3009,BULK-03009,Concentrates,Kush Co,each,68.00
Blue Dream #3010,BULK-03010,Flower,Cloud9 Labs,g,20.00
OG Kush #3011,BULK-03011,Pre-Rolls,Nebula Extracts,each,27.00
Sour Diesel #3012,BULK-03012,Edibles,Sungrown Farms,g,34.00
Gelato #3013,BULK-03013,Vapes,Kush Co,each,41.00
Wedding Cake #3014,BULK-03014,Concentrates,Cloud9 Labs,g,48.00
GDP #3015,BULK-03015,Flower,Nebula Extracts,each,55.00
Pineapple Express #3016,BULK-03016,Pre-Rolls,Sungrown Farms,g,62.00
Northern Lights #3017,BULK-03017,Edibles,Kush Co,each,69.00
Runtz #3018,BULK-03018,Vapes,Cloud9 Labs,g,21.00
Zkittlez #3019,BULK-03019,Concentrates,Nebula Extracts,each,28.00
Blue Dream #3020,BULK-03020,Flower,Sungrown Farms,g,35.00
OG Kush #3021,BULK-03021,Pre-Rolls,Kush Co,each,42.00
Sour Diesel #3022,BULK-03022,Edibles,Cloud9 Labs,g,49.00
Gelato #3023,BULK-03023,Vapes,Nebula Extracts,each,56.00
Wedding Cake #3024,BULK-03024,Concentrates,Sungrown Farms,g,63.00
GDP #3025,BULK-03025,Flower,Kush Co,each,15.00
Pineapple Express #3026,BULK-03026,Pre-Rolls,Cloud9 Labs,g,22.00
Northern Lights #3027,BULK-03027,Edibles,Nebula Extracts,each,29.00
Runtz #3028,BULK-03028,Vapes,Sungrown Farms,g,36.00
Zkittlez #3029,BULK-03029,Concentrates,Kush Co,each,43.00
Blue Dream #3030,BULK-03030,Flower,Cloud9 Labs,g,50.00
OG Kush #3031,BULK-03031,Pre-Rolls,Nebula Extracts,each,57.00
Sour Diesel #3032,BULK-03032,Edibles,Sungrown Farms,g,64.00
Gelato #3033,BULK-03033,Vapes,Kush Co,each,16.00
Wedding Cake #3034,BULK-03034,Concentrates,Cloud9 Labs,g,23.00
GDP #3035,BULK-03035,Flower,Nebula Extracts,each,30.00
Pineapple Express #3036,BULK-03036,Pre-Rolls,Sungrown Farms,g,37.00
Northern Lights #3037,BULK-03037,Edibles,Kush Co,each,44.00
Runtz #3038,BULK-03038,Vapes,Cloud9 Labs,g,51.00
Zkittlez #3039,BULK-03039,Concentrates,Nebula Extracts,each,58.00
Blue Dream #3040,BULK-03040,Flower,Sungrown Farms,g,65.00
OG Kush #3041,BULK-03041,Pre-Rolls,Kush Co,each,17.00
Sour Diesel #3042,BULK-03042,Edibles,Cloud9 Labs,g,24.00
Gelato #3043,BULK-03043,Vapes,Nebula Extracts,each,31.00
Wedding Cake #3044,BULK-03044,Concentrates,Sungrown Farms,g,38.00
GDP #3045,BULK-03045,Flower,Kush Co,each,45.00
Pineapple Express #3046,BULK-03046,Pre-Rolls,Cloud9 Labs,g,52.00
Northern Lights #3047,BULK-03047,Edibles,Nebula Extracts,each,59.00
Runtz #3048,BULK-03048,Vapes,Sungrown Farms,g,66.00
Zkittlez #3049,BULK-03049,Concentrates,Kush Co,each,18.00
Blue Dream #3050,BULK-03050,Flower,Cloud9 Labs,g,25.00
OG Kush #3051,BULK-03051,Pre-Rolls,Nebula Extracts,each,32.00
Sour Diesel #3052,BULK-03052,Edibles,Sungrown Farms,g,39.00
Gelato #3053,BULK-03053,Vapes,Kush Co,each,46.00
Wedding Cake #3054,BULK-03054,Concentrates,Cloud9 Labs,g,53.00
GDP #3055,BULK-03055,Flower,Nebula Extracts,each,60.00
Pineapple Express #3056,BULK-03056,Pre-Rolls,Sungrown Farms,g,67.00
Northern Lights #3057,BULK-03057,Edibles,Kush Co,each,19.00
Runtz #3058,BULK-03058,Vapes,Cloud9 Labs,g,26.00
Zkittlez #3059,BULK-03059,Concentrates,Nebula Extracts,each,33.00
Blue Dream #3060,BULK-03060,Flower,Sungrown Farms,g,40.00
OG Kush #3061,BULK-03061,Pre-Rolls,Kush Co,each,47.00
Sour Diesel #3062,BULK-03062,Edibles,Cloud9 Labs,g,54.00
Gelato #3063,BULK-03063,Vapes,Nebula Extracts,each,61.00
Wedding Cake #3064,BULK-03064,Concentrates,Sungrown Farms,g,68.00
GDP #3065,BULK-03065,Flower,Kush Co,each,20.00
Pineapple Express #3066,BULK-03066,Pre-Rolls,Cloud9 Labs,g,27.00
Northern Lights #3067,BULK-03067,Edibles,Nebula Extracts,each,34.00
Runtz #3068,BULK-03068,Vapes,Sungrown Farms,g,41.00
Zkittlez #3069,BULK-03069,Concentrates,Kush Co,each,48.00
Blue Dream #3070,BULK-03070,Flower,Cloud9 Labs,g,55.00
OG Kush #3071,BULK-03071,Pre-Rolls,Nebula Extracts,each,62.00
Sour Diesel #3072,BULK-03072,Edibles,Sungrown Farms,g,69.00
Gelato #3073,BULK-03073,Vapes,Kush Co,each,21.00
Wedding Cake #3074,BULK-03074,Concentrates,Cloud9 Labs,g,28.00
GDP #3075,BULK-03075,Flower,Nebula Extracts,each,35.00
Pineapple Express #3076,BULK-03076,Pre-Rolls,Sungrown Farms,g,42.00
Northern Lights #3077,BULK-03077,Edibles,Kush Co,each,49.00
Runtz #3078,BULK-03078,Vapes,Cloud9 Labs,g,56.00
Zkittlez #3079,BULK-03079,Concentrates,Nebula Extracts,each,63.00
Blue Dream #3080,BULK-03080,Flower,Sungrown Farms,g,15.00
OG Kush #3081,BULK-03081,Pre-Rolls,Kush Co,each,22.00
Sour Diesel #3082,BULK-03082,Edibles,Cloud9 Labs,g,29.00
Gelato #3083,BULK-03083,Vapes,Nebula Extracts,each,36.00
Wedding Cake #3084,BULK-03084,Concentrates,Sungrown Farms,g,43.00
GDP #3085,BULK-03085,Flower,Kush Co,each,50.00
Pineapple Express #3086,BULK-03086,Pre-Rolls,Cloud9 Labs,g,57.00
Northern Lights #3087,BULK-03087,Edibles,Nebula Extracts,each,64.00
Runtz #3088,BULK-03088,Vapes,Sungrown Farms,g,16.00
Zkittlez #3089,BULK-03089,Concentrates,Kush Co,each,23.00
Blue Dream #3090,BULK-03090,Flower,Cloud9 Labs,g,30.00
OG Kush #3091,BULK-03091,Pre-Rolls,Nebula Extracts,each,37.00
Sour Diesel #3092,BULK-03092,Edibles,Sungrown Farms,g,44.00
Gelato #3093,BULK-03093,Vapes,Kush Co,each,51.00
Wedding Cake #3094,BULK-03094,Concentrates,Cloud9 Labs,g,58.00
GDP #3095,BULK-03095,Flower,Nebula Extracts,each,65.00
Pineapple Express #3096,BULK-03096,Pre-Rolls,Sungrown Farms,g,17.00
Northern Lights #3097,BULK-03097,Edibles,Kush Co,each,24.00
Runtz #3098,BULK-03098,Vapes,Cloud9 Labs,g,31.00
Zkittlez #3099,BULK-03099,Concentrates,Nebula Extracts,each,38.00
Blue Dream #3100,BULK-03100,Flower,Sungrown Farms,g,45.00
OG Kush #3101,BULK-03101,Pre-Rolls,Kush Co,each,52.00
Sour Diesel #3102,BULK-03102,Edibles,Cloud9 Labs,g,59.00
Gelato #3103,BULK-03103,Vapes,Nebula Extracts,each,66.00
Wedding Cake #3104,BULK-03104,Concentrates,Sungrown Farms,g,18.00
GDP #3105,BULK-03105,Flower,Kush Co,each,25.00
Pineapple Express #3106,BULK-03106,Pre-Rolls,Cloud9 Labs,g,32.00
Northern Lights #3107,BULK-03107,Edibles,Nebula Extracts,each,39.00
Runtz #3108,BULK-03108,Vapes,Sungrown Farms,g,46.00
Zkittlez #3109,BULK-03109,Concentrates,Kush Co,each,53.00
Blue Dream #3110,BULK-03110,Flower,Cloud9 Labs,g,60.00
OG Kush #3111,BULK-03111,Pre-Rolls,Nebula Extracts,each,67.00
Sour Diesel #3112,BULK-03112,Edibles,Sungrown Farms,g,19.00
Gelato #3113,BULK-03113,Vapes,Kush Co,each,26.00
Wedding Cake #3114,BULK-03114,Concentrates,Cloud9 Labs,g,33.00
GDP #3115,BULK-03115,Flower,Nebula Extracts,each,40.00
Pineapple Express #3116,BULK-03116,Pre-Rolls,Sungrown Farms,g,47.00
Northern Lights #3117,BULK-03117,Edibles,Kush Co,each,54.00
Runtz #3118,BULK-03118,Vapes,Cloud9 Labs,g,61.00
Zkittlez #3119,BULK-03119,Concentrates,Nebula Extracts,each,68.00
Blue Dream #3120,BULK-03120,Flower,Sungrown Farms,g,20.00
OG Kush #3121,BULK-03121,Pre-Rolls,Kush Co,each,27.00
Sour Diesel #3122,BULK-03122,Edibles,Cloud9 Labs,g,34.00
Gelato #3123,BULK-03123,Vapes,Nebula Extracts,each,41.00
Wedding Cake #3124,BULK-03124,Concentrates,Sungrown Farms,g,48.00
GDP #3125,BULK-03125,Flower,Kush Co,each,55.00
Pineapple Express #3126,BULK-03126,Pre-Rolls,Cloud9 Labs,g,62.00
Northern Lights #3127,BULK-03127,Edibles,Nebula Extracts,each,69.00
Runtz #3128,BULK-03128,Vapes,Sungrown Farms,g,21.00
Zkittlez #3129,BULK-03129,Concentrates,Kush Co,each,28.00
Blue Dream #3130,BULK-03130,Flower,Cloud9 Labs,g,35.00
OG Kush #3131,BULK-03131,Pre-Rolls,Nebula Extracts,each,42.00
Sour Diesel #3132,BULK-03132,Edibles,Sungrown Farms,g,49.00
Gelato #3133,BULK-03133,Vapes,Kush Co,each,56.00
Wedding Cake #3134,BULK-03134,Concentrates,Cloud9 Labs,g,63.00
GDP #3135,BULK-03135,Flower,Nebula Extracts,each,15.00
Pineapple Express #3136,BULK-03136,Pre-Rolls,Sungrown Farms,g,22.00
Northern Lights #3137,BULK-03137,Edibles,Kush Co,each,29.00
Runtz #3138,BULK-03138,Vapes,Cloud9 Labs,g,36.00
Zkittlez #3139,BULK-03139,Concentrates,Nebula Extracts,each,43.00
Blue Dream #3140,BULK-03140,Flower,Sungrown Farms,g,50.00
OG Kush #3141,BULK-03141,Pre-Rolls,Kush Co,each,57.00
Sour Diesel #3142,BULK-03142,Edibles,Cloud9 Labs,g,64.00
Gelato #3143,BULK-03143,Vapes,Nebula Extracts,each,16.00
Wedding Cake #3144,BULK-03144,Concentrates,Sungrown Farms,g,23.00
GDP #3145,BULK-03145,Flower,Kush Co,each,30.00
Pineapple Express #3146,BULK-03146,Pre-Rolls,Cloud9 Labs,g,37.00
Northern Lights #3147,BULK-03147,Edibles,Nebula Extracts,each,44.00
Runtz #3148,BULK-03148,Vapes,Sungrown Farms,g,51.00
Zkittlez #3149,BULK-03149,Concentrates,Kush Co,each,58.00
Blue Dream #3150,BULK-03150,Flower,Cloud9 Labs,g,65.00
OG Kush #3151,BULK-03151,Pre-Rolls,Nebula Extracts,each,17.00
Sour Diesel #3152,BULK-03152,Edibles,Sungrown Farms,g,24.00
Gelato #3153,BULK-03153,Vapes,Kush Co,each,31.00
Wedding Cake #3154,BULK-03154,Concentrates,Cloud9 Labs,g,38.00
GDP #3155,BULK-03155,Flower,Nebula Extracts,each,45.00
Pineapple Express #3156,BULK-03156,Pre-Rolls,Sungrown Farms,g,52.00
Northern Lights #3157,BULK-03157,Edibles,Kush Co,each,59.00
Runtz #3158,BULK-03158,Vapes,Cloud9 Labs,g,66.00
Zkittlez #3159,BULK-03159,Concentrates,Nebula Extracts,each,18.00
Blue Dream #3160,BULK-03160,Flower,Sungrown Farms,g,25.00
OG Kush #3161,BULK-03161,Pre-Rolls,Kush Co,each,32.00
Sour Diesel #3162,BULK-03162,Edibles,Cloud9 Labs,g,39.00
Gelato #3163,BULK-03163,Vapes,Nebula Extracts,each,46.00
Wedding Cake #3164,BULK-03164,Concentrates,Sungrown Farms,g,53.00
GDP #3165,BULK-03165,Flower,Kush Co,each,60.00
Pineapple Express #3166,BULK-03166,Pre-Rolls,Cloud9 Labs,g,67.00
Northern Lights #3167,BULK-03167,Edibles,Nebula Extracts,each,19.00
Runtz #3168,BULK-03168,Vapes,Sungrown Farms,g,26.00
Zkittlez #3169,BULK-03169,Concentrates,Kush Co,each,33.00
Blue Dream #3170,BULK-03170,Flower,Cloud9 Labs,g,40.00
OG Kush #3171,BULK-03171,Pre-Rolls,Nebula Extracts,each,47.00
Sour Diesel #3172,BULK-03172,Edibles,Sungrown Farms,g,54.00
Gelato #3173,BULK-03173,Vapes,Kush Co,each,61.00
Wedding Cake #3174,BULK-03174,Concentrates,Cloud9 Labs,g,68.00
GDP #3175,BULK-03175,Flower,Nebula Extracts,each,20.00
Pineapple Express #3176,BULK-03176,Pre-Rolls,Sungrown Farms,g,27.00
Northern Lights #3177,BULK-03177,Edibles,Kush Co,each,34.00
Runtz #3178,BULK-03178,Vapes,Cloud9 Labs,g,41.00
Zkittlez #3179,BULK-03179,Concentrates,Nebula Extracts,each,48.00
Blue Dream #3180,BULK-03180,Flower,Sungrown Farms,g,55.00
OG Kush #3181,BULK-03181,Pre-Rolls,Kush Co,each,62.00
Sour Diesel #3182,BULK-03182,Edibles,Cloud9 Labs,g,69.00
Gelato #3183,BULK-03183,Vapes,Nebula Extracts,each,21.00
Wedding Cake #3184,BULK-03184,Concentrates,Sungrown Farms,g,28.00
GDP #3185,BULK-03185,Flower,Kush Co,each,35.00
Pineapple Express #3186,BULK-03186,Pre-Rolls,Cloud9 Labs,g,42.00
Northern Lights #3187,BULK-03187,Edibles,Nebula Extracts,each,49.00
Runtz #3188,BULK-03188,Vapes,Sungrown Farms,g,56.00
Zkittlez #3189,BULK-03189,Concentrates,Kush Co,each,63.00
Blue Dream #3190,BULK-03190,Flower,Cloud9 Labs,g,15.00
OG Kush #3191,BULK-03191,Pre-Rolls,Nebula Extracts,each,22.00
Sour Diesel #3192,BULK-03192,Edibles,Sungrown Farms,g,29.00
Gelato #3193,BULK-03193,Vapes,Kush Co,each,36.00
Wedding Cake #3194,BULK-03194,Concentrates,Cloud9 Labs,g,43.00
GDP #3195,BULK-03195,Flower,Nebula Extracts,each,50.00
Pineapple Express #3196,BULK-03196,Pre-Rolls,Sungrown Farms,g,57.00
Northern Lights #3197,BULK-03197,Edibles,Kush Co,each,64.00
Runtz #3198,BULK-03198,Vapes,Cloud9 Labs,g,16.00
Zkittlez #3199,BULK-03199,Concentrates,Nebula Extracts,each,23.00
Blue Dream #3200,BULK-03200,Flower,Sungrown Farms,g,30.00
OG Kush #3201,BULK-03201,Pre-Rolls,Kush Co,each,37.00
Sour Diesel #3202,BULK-03202,Edibles,Cloud9 Labs,g,44.00
Gelato #3203,BULK-03203,Vapes,Nebula Extracts,each,51.00
Wedding Cake #3204,BULK-03204,Concentrates,Sungrown Farms,g,58.00
GDP #3205,BULK-03205,Flower,Kush Co,each,65.00
Pineapple Express #3206,BULK-03206,Pre-Rolls,Cloud9 Labs,g,17.00
Northern Lights #3207,BULK-03207,Edibles,Nebula Extracts,each,24.00
Runtz #3208,BULK-03208,Vapes,Sungrown Farms,g,31.00
Zkittlez #3209,BULK-03209,Concentrates,Kush Co,each,38.00
Blue Dream #3210,BULK-03210,Flower,Cloud9 Labs,g,45.00
OG Kush #3211,BULK-03211,Pre-Rolls,Nebula Extracts,each,52.00
Sour Diesel #3212,BULK-03212,Edibles,Sungrown Farms,g,59.00
Gelato #3213,BULK-03213,Vapes,Kush Co,each,66.00
Wedding Cake #3214,BULK-03214,Concentrates,Cloud9 Labs,g,18.00
GDP #3215,BULK-03215,Flower,Nebula Extracts,each,25.00
Pineapple Express #3216,BULK-03216,Pre-Rolls,Sungrown Farms,g,32.00
Northern Lights #3217,BULK-03217,Edibles,Kush Co,each,39.00
Runtz #3218,BULK-03218,Vapes,Cloud9 Labs,g,46.00
Zkittlez #3219,BULK-03219,Concentrates,Nebula Extracts,each,53.00
Blue Dream #3220,BULK-03220,Flower,Sungrown Farms,g,60.00
OG Kush #3221,BULK-03221,Pre-Rolls,Kush Co,each,67.00
Sour Diesel #3222,BULK-03222,Edibles,Cloud9 Labs,g,19.00
Gelato #3223,BULK-03223,Vapes,Nebula Extracts,each,26.00
Wedding Cake #3224,BULK-03224,Concentrates,Sungrown Farms,g,33.00
GDP #3225,BULK-03225,Flower,Kush Co,each,40.00
Pineapple Express #3226,BULK-03226,Pre-Rolls,Cloud9 Labs,g,47.00
Northern Lights #3227,BULK-03227,Edibles,Nebula Extracts,each,54.00
Runtz #3228,BULK-03228,Vapes,Sungrown Farms,g,61.00
Zkittlez #3229,BULK-03229,Concentrates,Kush Co,each,68.00
Blue Dream #3230,BULK-03230,Flower,Cloud9 Labs,g,20.00
OG Kush #3231,BULK-03231,Pre-Rolls,Nebula Extracts,each,27.00
Sour Diesel #3232,BULK-03232,Edibles,Sungrown Farms,g,34.00
Gelato #3233,BULK-03233,Vapes,Kush Co,each,41.00
Wedding Cake #3234,BULK-03234,Concentrates,Cloud9 Labs,g,48.00
GDP #3235,BULK-03235,Flower,Nebula Extracts,each,55.00
Pineapple Express #3236,BULK-03236,Pre-Rolls,Sungrown Farms,g,62.00
Northern Lights #3237,BULK-03237,Edibles,Kush Co,each,69.00
Runtz #3238,BULK-03238,Vapes,Cloud9 Labs,g,21.00
Zkittlez #3239,BULK-03239,Concentrates,Nebula Extracts,each,28.00
Blue Dream #3240,BULK-03240,Flower,Sungrown Farms,g,35.00
OG Kush #3241,BULK-03241,Pre-Rolls,Kush Co,each,42.00
Sour Diesel #3242,BULK-03242,Edibles,Cloud9 Labs,g,49.00
Gelato #3243,BULK-03243,Vapes,Nebula Extracts,each,56.00
Wedding Cake #3244,BULK-03244,Concentrates,Sungrown Farms,g,63.00
GDP #3245,BULK-03245,Flower,Kush Co,each,15.00
Pineapple Express #3246,BULK-03246,Pre-Rolls,Cloud9 Labs,g,22.00
Northern Lights #3247,BULK-03247,Edibles,Nebula Extracts,each,29.00
Runtz #3248,BULK-03248,Vapes,Sungrown Farms,g,36.00
Zkittlez #3249,BULK-03249,Concentrates,Kush Co,each,43.00
Blue Dream #3250,BULK-03250,Flower,Cloud9 Labs,g,50.00
OG Kush #3251,BULK-03251,Pre-Rolls,Nebula Extracts,each,57.00
Sour Diesel #3252,BULK-03252,Edibles,Sungrown Farms,g,64.00
Gelato #3253,BULK-03253,Vapes,Kush Co,each,16.00
Wedding Cake #3254,BULK-03254,Concentrates,Cloud9 Labs,g,23.00
GDP #3255,BULK-03255,Flower,Nebula Extracts,each,30.00
Pineapple Express #3256,BULK-03256,Pre-Rolls,Sungrown Farms,g,37.00
Northern Lights #3257,BULK-03257,Edibles,Kush Co,each,44.00
Runtz #3258,BULK-03258,Vapes,Cloud9 Labs,g,51.00
Zkittlez #3259,BULK-03259,Concentrates,Nebula Extracts,each,58.00
Blue Dream #3260,BULK-03260,Flower,Sungrown Farms,g,65.00
OG Kush #3261,BULK-03261,Pre-Rolls,Kush Co,each,17.00
Sour Diesel #3262,BULK-03262,Edibles,Cloud9 Labs,g,24.00
Gelato #3263,BULK-03263,Vapes,Nebula Extracts,each,31.00
Wedding Cake #3264,BULK-03264,Concentrates,Sungrown Farms,g,38.00
GDP #3265,BULK-03265,Flower,Kush Co,each,45.00
Pineapple Express #3266,BULK-03266,Pre-Rolls,Cloud9 Labs,g,52.00
Northern Lights #3267,BULK-03267,Edibles,Nebula Extracts,each,59.00
Runtz #3268,BULK-03268,Vapes,Sungrown Farms,g,66.00
Zkittlez #3269,BULK-03269,Concentrates,Kush Co,each,18.00
Blue Dream #3270,BULK-03270,Flower,Cloud9 Labs,g,25.00
OG Kush #3271,BULK-03271,Pre-Rolls,Nebula Extracts,each,32.00
Sour Diesel #3272,BULK-03272,Edibles,Sungrown Farms,g,39.00
Gelato #3273,BULK-03273,Vapes,Kush Co,each,46.00
Wedding Cake #3274,BULK-03274,Concentrates,Cloud9 Labs,g,53.00
GDP #3275,BULK-03275,Flower,Nebula Extracts,each,60.00
Pineapple Express #3276,BULK-03276,Pre-Rolls,Sungrown Farms,g,67.00
Northern Lights #3277,BULK-03277,Edibles,Kush Co,each,19.00
Runtz #3278,BULK-03278,Vapes,Cloud9 Labs,g,26.00
Zkittlez #3279,BULK-03279,Concentrates,Nebula Extracts,each,33.00
Blue Dream #3280,BULK-03280,Flower,Sungrown Farms,g,40.00
OG Kush #3281,BULK-03281,Pre-Rolls,Kush Co,each,47.00
Sour Diesel #3282,BULK-03282,Edibles,Cloud9 Labs,g,54.00
Gelato #3283,BULK-03283,Vapes,Nebula Extracts,each,61.00
Wedding Cake #3284,BULK-03284,Concentrates,Sungrown Farms,g,68.00
GDP #3285,BULK-03285,Flower,Kush Co,each,20.00
Pineapple Express #3286,BULK-03286,Pre-Rolls,Cloud9 Labs,g,27.00
Northern Lights #3287,BULK-03287,Edibles,Nebula Extracts,each,34.00
Runtz #3288,BULK-03288,Vapes,Sungrown Farms,g,41.00
Zkittlez #3289,BULK-03289,Concentrates,Kush Co,each,48.00
Blue Dream #3290,BULK-03290,Flower,Cloud9 Labs,g,55.00
OG Kush #3291,BULK-03291,Pre-Rolls,Nebula Extracts,each,62.00
Sour Diesel #3292,BULK-03292,Edibles,Sungrown Farms,g,69.00
Gelato #3293,BULK-03293,Vapes,Kush Co,each,21.00
Wedding Cake #3294,BULK-03294,Concentrates,Cloud9 Labs,g,28.00
GDP #3295,BULK-03295,Flower,Nebula Extracts,each,35.00
Pineapple Express #3296,BULK-03296,Pre-Rolls,Sungrown Farms,g,42.00
Northern Lights #3297,BULK-03297,Edibles,Kush Co,each,49.00
Runtz #3298,BULK-03298,Vapes,Cloud9 Labs,g,56.00
Zkittlez #3299,BULK-03299,Concentrates,Nebula Extracts,each,63.00
Blue Dream #3300,BULK-03300,Flower,Sungrown Farms,g,15.00
OG Kush #3301,BULK-03301,Pre-Rolls,Kush Co,each,22.00
Sour Diesel #3302,BULK-03302,Edibles,Cloud9 Labs,g,29.00
Gelato #3303,BULK-03303,Vapes,Nebula Extracts,each,36.00
Wedding Cake #3304,BULK-03304,Concentrates,Sungrown Farms,g,43.00
GDP #3305,BULK-03305,Flower,Kush Co,each,50.00
Pineapple Express #3306,BULK-03306,Pre-Rolls,Cloud9 Labs,g,57.00
Northern Lights #3307,BULK-03307,Edibles,Nebula Extracts,each,64.00
Runtz #3308,BULK-03308,Vapes,Sungrown Farms,g,16.00
Zkittlez #3309,BULK-03309,Concentrates,Kush Co,each,23.00
Blue Dream #3310,BULK-03310,Flower,Cloud9 Labs,g,30.00
OG Kush #3311,BULK-03311,Pre-Rolls,Nebula Extracts,each,37.00
Sour Diesel #3312,BULK-03312,Edibles,Sungrown Farms,g,44.00
Gelato #3313,BULK-03313,Vapes,Kush Co,each,51.00
Wedding Cake #3314,BULK-03314,Concentrates,Cloud9 Labs,g,58.00
GDP #3315,BULK-03315,Flower,Nebula Extracts,each,65.00
Pineapple Express #3316,BULK-03316,Pre-Rolls,Sungrown Farms,g,17.00
Northern Lights #3317,BULK-03317,Edibles,Kush Co,each,24.00
Runtz #3318,BULK-03318,Vapes,Cloud9 Labs,g,31.00
Zkittlez #3319,BULK-03319,Concentrates,Nebula Extracts,each,38.00
Blue Dream #3320,BULK-03320,Flower,Sungrown Farms,g,45.00
OG Kush #3321,BULK-03321,Pre-Rolls,Kush Co,each,52.00
Sour Diesel #3322,BULK-03322,Edibles,Cloud9 Labs,g,59.00
Gelato #3323,BULK-03323,Vapes,Nebula Extracts,each,66.00
Wedding Cake #3324,BULK-03324,Concentrates,Sungrown Farms,g,18.00
GDP #3325,BULK-03325,Flower,Kush Co,each,25.00
Pineapple Express #3326,BULK-03326,Pre-Rolls,Cloud9 Labs,g,32.00
Northern Lights #3327,BULK-03327,Edibles,Nebula Extracts,each,39.00
Runtz #3328,BULK-03328,Vapes,Sungrown Farms,g,46.00
Zkittlez #3329,BULK-03329,Concentrates,Kush Co,each,53.00
Blue Dream #3330,BULK-03330,Flower,Cloud9 Labs,g,60.00
OG Kush #3331,BULK-03331,Pre-Rolls,Nebula Extracts,each,67.00
Sour Diesel #3332,BULK-03332,Edibles,Sungrown Farms,g,19.00
Gelato #3333,BULK-03333,Vapes,Kush Co,each,26.00
Wedding Cake #3334,BULK-03334,Concentrates,Cloud9 Labs,g,33.00
GDP #3335,BULK-03335,Flower,Nebula Extracts,each,40.00
Pineapple Express #3336,BULK-03336,Pre-Rolls,Sungrown Farms,g,47.00
Northern Lights #3337,BULK-03337,Edibles,Kush Co,each,54.00
Runtz #3338,BULK-03338,Vapes,Cloud9 Labs,g,61.00
Zkittlez #3339,BULK-03339,Concentrates,Nebula Extracts,each,68.00
Blue Dream #3340,BULK-03340,Flower,Sungrown Farms,g,20.00
OG Kush #3341,BULK-03341,Pre-Rolls,Kush Co,each,27.00
Sour Diesel #3342,BULK-03342,Edibles,Cloud9 Labs,g,34.00
Gelato #3343,BULK-03343,Vapes,Nebula Extracts,each,41.00
Wedding Cake #3344,BULK-03344,Concentrates,Sungrown Farms,g,48.00
GDP #3345,BULK-03345,Flower,Kush Co,each,55.00
Pineapple Express #3346,BULK-03346,Pre-Rolls,Cloud9 Labs,g,62.00
Northern Lights #3347,BULK-03347,Edibles,Nebula Extracts,each,69.00
Runtz #3348,BULK-03348,Vapes,Sungrown Farms,g,21.00
Zkittlez #3349,BULK-03349,Concentrates,Kush Co,each,28.00
Blue Dream #3350,BULK-03350,Flower,Cloud9 Labs,g,35.00
OG Kush #3351,BULK-03351,Pre-Rolls,Nebula Extracts,each,42.00
Sour Diesel #3352,BULK-03352,Edibles,Sungrown Farms,g,49.00
Gelato #3353,BULK-03353,Vapes,Kush Co,each,56.00
Wedding Cake #3354,BULK-03354,Concentrates,Cloud9 Labs,g,63.00
GDP #3355,BULK-03355,Flower,Nebula Extracts,each,15.00
Pineapple Express #3356,BULK-03356,Pre-Rolls,Sungrown Farms,g,22.00
Northern Lights #3357,BULK-03357,Edibles,Kush Co,each,29.00
Runtz #3358,BULK-03358,Vapes,Cloud9 Labs,g,36.00
Zkittlez #3359,BULK-03359,Concentrates,Nebula Extracts,each,43.00
Blue Dream #3360,BULK-03360,Flower,Sungrown Farms,g,50.00
OG Kush #3361,BULK-03361,Pre-Rolls,Kush Co,each,57.00
Sour Diesel #3362,BULK-03362,Edibles,Cloud9 Labs,g,64.00
Gelato #3363,BULK-03363,Vapes,Nebula Extracts,each,16.00
Wedding Cake #3364,BULK-03364,Concentrates,Sungrown Farms,g,23.00
GDP #3365,BULK-03365,Flower,Kush Co,each,30.00
Pineapple Express #3366,BULK-03366,Pre-Rolls,Cloud9 Labs,g,37.00
Northern Lights #3367,BULK-03367,Edibles,Nebula Extracts,each,44.00
Runtz #3368,BULK-03368,Vapes,Sungrown Farms,g,51.00
Zkittlez #3369,BULK-03369,Concentrates,Kush Co,each,58.00
Blue Dream #3370,BULK-03370,Flower,Cloud9 Labs,g,65.00
OG Kush #3371,BULK-03371,Pre-Rolls,Nebula Extracts,each,17.00
Sour Diesel #3372,BULK-03372,Edibles,Sungrown Farms,g,24.00
Gelato #3373,BULK-03373,Vapes,Kush Co,each,31.00
Wedding Cake #3374,BULK-03374,Concentrates,Cloud9 Labs,g,38.00
GDP #3375,BULK-03375,Flower,Nebula Extracts,each,45.00
Pineapple Express #3376,BULK-03376,Pre-Rolls,Sungrown Farms,g,52.00
Northern Lights #3377,BULK-03377,Edibles,Kush Co,each,59.00
Runtz #3378,BULK-03378,Vapes,Cloud9 Labs,g,66.00
Zkittlez #3379,BULK-03379,Concentrates,Nebula Extracts,each,18.00
Blue Dream #3380,BULK-03380,Flower,Sungrown Farms,g,25.00
OG Kush #3381,BULK-03381,Pre-Rolls,Kush Co,each,32.00
Sour Diesel #3382,BULK-03382,Edibles,Cloud9 Labs,g,39.00
Gelato #3383,BULK-03383,Vapes,Nebula Extracts,each,46.00
Wedding Cake #3384,BULK-03384,Concentrates,Sungrown Farms,g,53.00
GDP #3385,BULK-03385,Flower,Kush Co,each,60.00
Pineapple Express #3386,BULK-03386,Pre-Rolls,Cloud9 Labs,g,67.00
Northern Lights #3387,BULK-03387,Edibles,Nebula Extracts,each,19.00
Runtz #3388,BULK-03388,Vapes,Sungrown Farms,g,26.00
Zkittlez #3389,BULK-03389,Concentrates,Kush Co,each,33.00
Blue Dream #3390,BULK-03390,Flower,Cloud9 Labs,g,40.00
OG Kush #3391,BULK-03391,Pre-Rolls,Nebula Extracts,each,47.00
Sour Diesel #3392,BULK-03392,Edibles,Sungrown Farms,g,54.00
Gelato #3393,BULK-03393,Vapes,Kush Co,each,61.00
Wedding Cake #3394,BULK-03394,Concentrates,Cloud9 Labs,g,68.00
GDP #3395,BULK-03395,Flower,Nebula Extracts,each,20.00
Pineapple Express #3396,BULK-03396,Pre-Rolls,Sungrown Farms,g,27.00
Northern Lights #3397,BULK-03397,Edibles,Kush Co,each,34.00
Runtz #3398,BULK-03398,Vapes,Cloud9 Labs,g,41.00
Zkittlez #3399,BULK-03399,Concentrates,Nebula Extracts,each,48.00
Blue Dream #3400,BULK-03400,Flower,Sungrown Farms,g,55.00
OG Kush #3401,BULK-03401,Pre-Rolls,Kush Co,each,62.00
Sour Diesel #3402,BULK-03402,Edibles,Cloud9 Labs,g,69.00
Gelato #3403,BULK-03403,Vapes,Nebula Extracts,each,21.00
Wedding Cake #3404,BULK-03404,Concentrates,Sungrown Farms,g,28.00
GDP #3405,BULK-03405,Flower,Kush Co,each,35.00
Pineapple Express #3406,BULK-03406,Pre-Rolls,Cloud9 Labs,g,42.00
Northern Lights #3407,BULK-03407,Edibles,Nebula Extracts,each,49.00
Runtz #3408,BULK-03408,Vapes,Sungrown Farms,g,56.00
Zkittlez #3409,BULK-03409,Concentrates,Kush Co,each,63.00
Blue Dream #3410,BULK-03410,Flower,Cloud9 Labs,g,15.00
OG Kush #3411,BULK-03411,Pre-Rolls,Nebula Extracts,each,22.00
Sour Diesel #3412,BULK-03412,Edibles,Sungrown Farms,g,29.00
Gelato #3413,BULK-03413,Vapes,Kush Co,each,36.00
Wedding Cake #3414,BULK-03414,Concentrates,Cloud9 Labs,g,43.00
GDP #3415,BULK-03415,Flower,Nebula Extracts,each,50.00
Pineapple Express #3416,BULK-03416,Pre-Rolls,Sungrown Farms,g,57.00
Northern Lights #3417,BULK-03417,Edibles,Kush Co,each,64.00
Runtz #3418,BULK-03418,Vapes,Cloud9 Labs,g,16.00
Zkittlez #3419,BULK-03419,Concentrates,Nebula Extracts,each,23.00
Blue Dream #3420,BULK-03420,Flower,Sungrown Farms,g,30.00
OG Kush #3421,BULK-03421,Pre-Rolls,Kush Co,each,37.00
Sour Diesel #3422,BULK-03422,Edibles,Cloud9 Labs,g,44.00
Gelato #3423,BULK-03423,Vapes,Nebula Extracts,each,51.00
Wedding Cake #3424,BULK-03424,Concentrates,Sungrown Farms,g,58.00
GDP #3425,BULK-03425,Flower,Kush Co,each,65.00
Pineapple Express #3426,BULK-03426,Pre-Rolls,Cloud9 Labs,g,17.00
Northern Lights #3427,BULK-03427,Edibles,Nebula Extracts,each,24.00
Runtz #3428,BULK-03428,Vapes,Sungrown Farms,g,31.00
Zkittlez #3429,BULK-03429,Concentrates,Kush Co,each,38.00
Blue Dream #3430,BULK-03430,Flower,Cloud9 Labs,g,45.00
OG Kush #3431,BULK-03431,Pre-Rolls,Nebula Extracts,each,52.00
Sour Diesel #3432,BULK-03432,Edibles,Sungrown Farms,g,59.00
Gelato #3433,BULK-03433,Vapes,Kush Co,each,66.00
Wedding Cake #3434,BULK-03434,Concentrates,Cloud9 Labs,g,18.00
GDP #3435,BULK-03435,Flower,Nebula Extracts,each,25.00
Pineapple Express #3436,BULK-03436,Pre-Rolls,Sungrown Farms,g,32.00
Northern Lights #3437,BULK-03437,Edibles,Kush Co,each,39.00
Runtz #3438,BULK-03438,Vapes,Cloud9 Labs,g,46.00
Zkittlez #3439,BULK-03439,Concentrates,Nebula Extracts,each,53.00
Blue Dream #3440,BULK-03440,Flower,Sungrown Farms,g,60.00
OG Kush #3441,BULK-03441,Pre-Rolls,Kush Co,each,67.00
Sour Diesel #3442,BULK-03442,Edibles,Cloud9 Labs,g,19.00
Gelato #3443,BULK-03443,Vapes,Nebula Extracts,each,26.00
Wedding Cake #3444,BULK-03444,Concentrates,Sungrown Farms,g,33.00
GDP #3445,BULK-03445,Flower,Kush Co,each,40.00
Pineapple Express #3446,BULK-03446,Pre-Rolls,Cloud9 Labs,g,47.00
Northern Lights #3447,BULK-03447,Edibles,Nebula Extracts,each,54.00
Runtz #3448,BULK-03448,Vapes,Sungrown Farms,g,61.00
Zkittlez #3449,BULK-03449,Concentrates,Kush Co,each,68.00
Blue Dream #3450,BULK-03450,Flower,Cloud9 Labs,g,20.00
OG Kush #3451,BULK-03451,Pre-Rolls,Nebula Extracts,each,27.00
Sour Diesel #3452,BULK-03452,Edibles,Sungrown Farms,g,34.00
Gelato #3453,BULK-03453,Vapes,Kush Co,each,41.00
Wedding Cake #3454,BULK-03454,Concentrates,Cloud9 Labs,g,48.00
GDP #3455,BULK-03455,Flower,Nebula Extracts,each,55.00
Pineapple Express #3456,BULK-03456,Pre-Rolls,Sungrown Farms,g,62.00
Northern Lights #3457,BULK-03457,Edibles,Kush Co,each,69.00
Runtz #3458,BULK-03458,Vapes,Cloud9 Labs,g,21.00
Zkittlez #3459,BULK-03459,Concentrates,Nebula Extracts,each,28.00
Blue Dream #3460,BULK-03460,Flower,Sungrown Farms,g,35.00
OG Kush #3461,BULK-03461,Pre-Rolls,Kush Co,each,42.00
Sour Diesel #3462,BULK-03462,Edibles,Cloud9 Labs,g,49.00
Gelato #3463,BULK-03463,Vapes,Nebula Extracts,each,56.00
Wedding Cake #3464,BULK-03464,Concentrates,Sungrown Farms,g,63.00
GDP #3465,BULK-03465,Flower,Kush Co,each,15.00
Pineapple Express #3466,BULK-03466,Pre-Rolls,Cloud9 Labs,g,22.00
Northern Lights #3467,BULK-03467,Edibles,Nebula Extracts,each,29.00
Runtz #3468,BULK-03468,Vapes,Sungrown Farms,g,36.00
Zkittlez #3469,BULK-03469,Concentrates,Kush Co,each,43.00
Blue Dream #3470,BULK-03470,Flower,Cloud9 Labs,g,50.00
OG Kush #3471,BULK-03471,Pre-Rolls,Nebula Extracts,each,57.00
Sour Diesel #3472,BULK-03472,Edibles,Sungrown Farms,g,64.00
Gelato #3473,BULK-03473,Vapes,Kush Co,each,16.00
Wedding Cake #3474,BULK-03474,Concentrates,Cloud9 Labs,g,23.00
GDP #3475,BULK-03475,Flower,Nebula Extracts,each,30.00
Pineapple Express #3476,BULK-03476,Pre-Rolls,Sungrown Farms,g,37.00
Northern Lights #3477,BULK-03477,Edibles,Kush Co,each,44.00
Runtz #3478,BULK-03478,Vapes,Cloud9 Labs,g,51.00
Zkittlez #3479,BULK-03479,Concentrates,Nebula Extracts,each,58.00
Blue Dream #3480,BULK-03480,Flower,Sungrown Farms,g,65.00
OG Kush #3481,BULK-03481,Pre-Rolls,Kush Co,each,17.00
Sour Diesel #3482,BULK-03482,Edibles,Cloud9 Labs,g,24.00
Gelato #3483,BULK-03483,Vapes,Nebula Extracts,each,31.00
Wedding Cake #3484,BULK-03484,Concentrates,Sungrown Farms,g,38.00
GDP #3485,BULK-03485,Flower,Kush Co,each,45.00
Pineapple Express #3486,BULK-03486,Pre-Rolls,Cloud9 Labs,g,52.00
Northern Lights #3487,BULK-03487,Edibles,Nebula Extracts,each,59.00
Runtz #3488,BULK-03488,Vapes,Sungrown Farms,g,66.00
Zkittlez #3489,BULK-03489,Concentrates,Kush Co,each,18.00
Blue Dream #3490,BULK-03490,Flower,Cloud9 Labs,g,25.00
OG Kush #3491,BULK-03491,Pre-Rolls,Nebula Extracts,each,32.00
Sour Diesel #3492,BULK-03492,Edibles,Sungrown Farms,g,39.00
Gelato #3493,BULK-03493,Vapes,Kush Co,each,46.00
Wedding Cake #3494,BULK-03494,Concentrates,Cloud9 Labs,g,53.00
GDP #3495,BULK-03495,Flower,Nebula Extracts,each,60.00
Pineapple Express #3496,BULK-03496,Pre-Rolls,Sungrown Farms,g,67.00
Northern Lights #3497,BULK-03497,Edibles,Kush Co,each,19.00
Runtz #3498,BULK-03498,Vapes,Cloud9 Labs,g,26.00
Zkittlez #3499,BULK-03499,Concentrates,Nebula Extracts,each,33.00
Blue Dream #3500,BULK-03500,Flower,Sungrown Farms,g,40.00
OG Kush #3501,BULK-03501,Pre-Rolls,Kush Co,each,47.00
Sour Diesel #3502,BULK-03502,Edibles,Cloud9 Labs,g,54.00
Gelato #3503,BULK-03503,Vapes,Nebula Extracts,each,61.00
Wedding Cake #3504,BULK-03504,Concentrates,Sungrown Farms,g,68.00
GDP #3505,BULK-03505,Flower,Kush Co,each,20.00
Pineapple Express #3506,BULK-03506,Pre-Rolls,Cloud9 Labs,g,27.00
Northern Lights #3507,BULK-03507,Edibles,Nebula Extracts,each,34.00
Runtz #3508,BULK-03508,Vapes,Sungrown Farms,g,41.00
Zkittlez #3509,BULK-03509,Concentrates,Kush Co,each,48.00
Blue Dream #3510,BULK-03510,Flower,Cloud9 Labs,g,55.00
OG Kush #3511,BULK-03511,Pre-Rolls,Nebula Extracts,each,62.00
Sour Diesel #3512,BULK-03512,Edibles,Sungrown Farms,g,69.00
Gelato #3513,BULK-03513,Vapes,Kush Co,each,21.00
Wedding Cake #3514,BULK-03514,Concentrates,Cloud9 Labs,g,28.00
GDP #3515,BULK-03515,Flower,Nebula Extracts,each,35.00
Pineapple Express #3516,BULK-03516,Pre-Rolls,Sungrown Farms,g,42.00
Northern Lights #3517,BULK-03517,Edibles,Kush Co,each,49.00
Runtz #3518,BULK-03518,Vapes,Cloud9 Labs,g,56.00
Zkittlez #3519,BULK-03519,Concentrates,Nebula Extracts,each,63.00
Blue Dream #3520,BULK-03520,Flower,Sungrown Farms,g,15.00
OG Kush #3521,BULK-03521,Pre-Rolls,Kush Co,each,22.00
Sour Diesel #3522,BULK-03522,Edibles,Cloud9 Labs,g,29.00
Gelato #3523,BULK-03523,Vapes,Nebula Extracts,each,36.00
Wedding Cake #3524,BULK-03524,Concentrates,Sungrown Farms,g,43.00
GDP #3525,BULK-03525,Flower,Kush Co,each,50.00
Pineapple Express #3526,BULK-03526,Pre-Rolls,Cloud9 Labs,g,57.00
Northern Lights #3527,BULK-03527,Edibles,Nebula Extracts,each,64.00
Runtz #3528,BULK-03528,Vapes,Sungrown Farms,g,16.00
Zkittlez #3529,BULK-03529,Concentrates,Kush Co,each,23.00
Blue Dream #3530,BULK-03530,Flower,Cloud9 Labs,g,30.00
OG Kush #3531,BULK-03531,Pre-Rolls,Nebula Extracts,each,37.00
Sour Diesel #3532,BULK-03532,Edibles,Sungrown Farms,g,44.00
Gelato #3533,BULK-03533,Vapes,Kush Co,each,51.00
Wedding Cake #3534,BULK-03534,Concentrates,Cloud9 Labs,g,58.00
GDP #3535,BULK-03535,Flower,Nebula Extracts,each,65.00
Pineapple Express #3536,BULK-03536,Pre-Rolls,Sungrown Farms,g,17.00
Northern Lights #3537,BULK-03537,Edibles,Kush Co,each,24.00
Runtz #3538,BULK-03538,Vapes,Cloud9 Labs,g,31.00
Zkittlez #3539,BULK-03539,Concentrates,Nebula Extracts,each,38.00
Blue Dream #3540,BULK-03540,Flower,Sungrown Farms,g,45.00
OG Kush #3541,BULK-03541,Pre-Rolls,Kush Co,each,52.00
Sour Diesel #3542,BULK-03542,Edibles,Cloud9 Labs,g,59.00
Gelato #3543,BULK-03543,Vapes,Nebula Extracts,each,66.00
Wedding Cake #3544,BULK-03544,Concentrates,Sungrown Farms,g,18.00
GDP #3545,BULK-03545,Flower,Kush Co,each,25.00
Pineapple Express #3546,BULK-03546,Pre-Rolls,Cloud9 Labs,g,32.00
Northern Lights #3547,BULK-03547,Edibles,Nebula Extracts,each,39.00
Runtz #3548,BULK-03548,Vapes,Sungrown Farms,g,46.00
Zkittlez #3549,BULK-03549,Concentrates,Kush Co,each,53.00
Blue Dream #3550,BULK-03550,Flower,Cloud9 Labs,g,60.00
OG Kush #3551,BULK-03551,Pre-Rolls,Nebula Extracts,each,67.00
Sour Diesel #3552,BULK-03552,Edibles,Sungrown Farms,g,19.00
Gelato #3553,BULK-03553,Vapes,Kush Co,each,26.00
Wedding Cake #3554,BULK-03554,Concentrates,Cloud9 Labs,g,33.00
GDP #3555,BULK-03555,Flower,Nebula Extracts,each,40.00
Pineapple Express #3556,BULK-03556,Pre-Rolls,Sungrown Farms,g,47.00
Northern Lights #3557,BULK-03557,Edibles,Kush Co,each,54.00
Runtz #3558,BULK-03558,Vapes,Cloud9 Labs,g,61.00
Zkittlez #3559,BULK-03559,Concentrates,Nebula Extracts,each,68.00
Blue Dream #3560,BULK-03560,Flower,Sungrown Farms,g,20.00
OG Kush #3561,BULK-03561,Pre-Rolls,Kush Co,each,27.00
Sour Diesel #3562,BULK-03562,Edibles,Cloud9 Labs,g,34.00
Gelato #3563,BULK-03563,Vapes,Nebula Extracts,each,41.00
Wedding Cake #3564,BULK-03564,Concentrates,Sungrown Farms,g,48.00
GDP #3565,BULK-03565,Flower,Kush Co,each,55.00
Pineapple Express #3566,BULK-03566,Pre-Rolls,Cloud9 Labs,g,62.00
Northern Lights #3567,BULK-03567,Edibles,Nebula Extracts,each,69.00
Runtz #3568,BULK-03568,Vapes,Sungrown Farms,g,21.00
Zkittlez #3569,BULK-03569,Concentrates,Kush Co,each,28.00
Blue Dream #3570,BULK-03570,Flower,Cloud9 Labs,g,35.00
OG Kush #3571,BULK-03571,Pre-Rolls,Nebula Extracts,each,42.00
Sour Diesel #3572,BULK-03572,Edibles,Sungrown Farms,g,49.00
Gelato #3573,BULK-03573,Vapes,Kush Co,each,56.00
Wedding Cake #3574,BULK-03574,Concentrates,Cloud9 Labs,g,63.00
GDP #3575,BULK-03575,Flower,Nebula Extracts,each,15.00
Pineapple Express #3576,BULK-03576,Pre-Rolls,Sungrown Farms,g,22.00
Northern Lights #3577,BULK-03577,Edibles,Kush Co,each,29.00
Runtz #3578,BULK-03578,Vapes,Cloud9 Labs,g,36.00
Zkittlez #3579,BULK-03579,Concentrates,Nebula Extracts,each,43.00
Blue Dream #3580,BULK-03580,Flower,Sungrown Farms,g,50.00
OG Kush #3581,BULK-03581,Pre-Rolls,Kush Co,each,57.00
Sour Diesel #3582,BULK-03582,Edibles,Cloud9 Labs,g,64.00
Gelato #3583,BULK-03583,Vapes,Nebula Extracts,each,16.00
Wedding Cake #3584,BULK-03584,Concentrates,Sungrown Farms,g,23.00
GDP #3585,BULK-03585,Flower,Kush Co,each,30.00
Pineapple Express #3586,BULK-03586,Pre-Rolls,Cloud9 Labs,g,37.00
Northern Lights #3587,BULK-03587,Edibles,Nebula Extracts,each,44.00
Runtz #3588,BULK-03588,Vapes,Sungrown Farms,g,51.00
Zkittlez #3589,BULK-03589,Concentrates,Kush Co,each,58.00
Blue Dream #3590,BULK-03590,Flower,Cloud9 Labs,g,65.00
OG Kush #3591,BULK-03591,Pre-Rolls,Nebula Extracts,each,17.00
Sour Diesel #3592,BULK-03592,Edibles,Sungrown Farms,g,24.00
Gelato #3593,BULK-03593,Vapes,Kush Co,each,31.00
Wedding Cake #3594,BULK-03594,Concentrates,Cloud9 Labs,g,38.00
GDP #3595,BULK-03595,Flower,Nebula Extracts,each,45.00
Pineapple Express #3596,BULK-03596,Pre-Rolls,Sungrown Farms,g,52.00
Northern Lights #3597,BULK-03597,Edibles,Kush Co,each,59.00
Runtz #3598,BULK-03598,Vapes,Cloud9 Labs,g,66.00
Zkittlez #3599,BULK-03599,Concentrates,Nebula Extracts,each,18.00
Blue Dream #3600,BULK-03600,Flower,Sungrown Farms,g,25.00
OG Kush #3601,BULK-03601,Pre-Rolls,Kush Co,each,32.00
Sour Diesel #3602,BULK-03602,Edibles,Cloud9 Labs,g,39.00
Gelato #3603,BULK-03603,Vapes,Nebula Extracts,each,46.00
Wedding Cake #3604,BULK-03604,Concentrates,Sungrown Farms,g,53.00
GDP #3605,BULK-03605,Flower,Kush Co,each,60.00
Pineapple Express #3606,BULK-03606,Pre-Rolls,Cloud9 Labs,g,67.00
Northern Lights #3607,BULK-03607,Edibles,Nebula Extracts,each,19.00
Runtz #3608,BULK-03608,Vapes,Sungrown Farms,g,26.00
Zkittlez #3609,BULK-03609,Concentrates,Kush Co,each,33.00
Blue Dream #3610,BULK-03610,Flower,Cloud9 Labs,g,40.00
OG Kush #3611,BULK-03611,Pre-Rolls,Nebula Extracts,each,47.00
Sour Diesel #3612,BULK-03612,Edibles,Sungrown Farms,g,54.00
Gelato #3613,BULK-03613,Vapes,Kush Co,each,61.00
Wedding Cake #3614,BULK-03614,Concentrates,Cloud9 Labs,g,68.00
GDP #3615,BULK-03615,Flower,Nebula Extracts,each,20.00
Pineapple Express #3616,BULK-03616,Pre-Rolls,Sungrown Farms,g,27.00
Northern Lights #3617,BULK-03617,Edibles,Kush Co,each,34.00
Runtz #3618,BULK-03618,Vapes,Cloud9 Labs,g,41.00
Zkittlez #3619,BULK-03619,Concentrates,Nebula Extracts,each,48.00
Blue Dream #3620,BULK-03620,Flower,Sungrown Farms,g,55.00
OG Kush #3621,BULK-03621,Pre-Rolls,Kush Co,each,62.00
Sour Diesel #3622,BULK-03622,Edibles,Cloud9 Labs,g,69.00
Gelato #3623,BULK-03623,Vapes,Nebula Extracts,each,21.00
Wedding Cake #3624,BULK-03624,Concentrates,Sungrown Farms,g,28.00
GDP #3625,BULK-03625,Flower,Kush Co,each,35.00
Pineapple Express #3626,BULK-03626,Pre-Rolls,Cloud9 Labs,g,42.00
Northern Lights #3627,BULK-03627,Edibles,Nebula Extracts,each,49.00
Runtz #3628,BULK-03628,Vapes,Sungrown Farms,g,56.00
Zkittlez #3629,BULK-03629,Concentrates,Kush Co,each,63.00
Blue Dream #3630,BULK-03630,Flower,Cloud9 Labs,g,15.00
OG Kush #3631,BULK-03631,Pre-Rolls,Nebula Extracts,each,22.00
Sour Diesel #3632,BULK-03632,Edibles,Sungrown Farms,g,29.00
Gelato #3633,BULK-03633,Vapes,Kush Co,each,36.00
Wedding Cake #3634,BULK-03634,Concentrates,Cloud9 Labs,g,43.00
GDP #3635,BULK-03635,Flower,Nebula Extracts,each,50.00
Pineapple Express #3636,BULK-03636,Pre-Rolls,Sungrown Farms,g,57.00
Northern Lights #3637,BULK-03637,Edibles,Kush Co,each,64.00
Runtz #3638,BULK-03638,Vapes,Cloud9 Labs,g,16.00
Zkittlez #3639,BULK-03639,Concentrates,Nebula Extracts,each,23.00
Blue Dream #3640,BULK-03640,Flower,Sungrown Farms,g,30.00
OG Kush #3641,BULK-03641,Pre-Rolls,Kush Co,each,37.00
Sour Diesel #3642,BULK-03642,Edibles,Cloud9 Labs,g,44.00
Gelato #3643,BULK-03643,Vapes,Nebula Extracts,each,51.00
Wedding Cake #3644,BULK-03644,Concentrates,Sungrown Farms,g,58.00
GDP #3645,BULK-03645,Flower,Kush Co,each,65.00
Pineapple Express #3646,BULK-03646,Pre-Rolls,Cloud9 Labs,g,17.00
Northern Lights #3647,BULK-03647,Edibles,Nebula Extracts,each,24.00
Runtz #3648,BULK-03648,Vapes,Sungrown Farms,g,31.00
Zkittlez #3649,BULK-03649,Concentrates,Kush Co,each,38.00
Blue Dream #3650,BULK-03650,Flower,Cloud9 Labs,g,45.00
OG Kush #3651,BULK-03651,Pre-Rolls,Nebula Extracts,each,52.00
Sour Diesel #3652,BULK-03652,Edibles,Sungrown Farms,g,59.00
Gelato #3653,BULK-03653,Vapes,Kush Co,each,66.00
Wedding Cake #3654,BULK-03654,Concentrates,Cloud9 Labs,g,18.00
GDP #3655,BULK-03655,Flower,Nebula Extracts,each,25.00
Pineapple Express #3656,BULK-03656,Pre-Rolls,Sungrown Farms,g,32.00
Northern Lights #3657,BULK-03657,Edibles,Kush Co,each,39.00
Runtz #3658,BULK-03658,Vapes,Cloud9 Labs,g,46.00
Zkittlez #3659,BULK-03659,Concentrates,Nebula Extracts,each,53.00
Blue Dream #3660,BULK-03660,Flower,Sungrown Farms,g,60.00
OG Kush #3661,BULK-03661,Pre-Rolls,Kush Co,each,67.00
Sour Diesel #3662,BULK-03662,Edibles,Cloud9 Labs,g,19.00
Gelato #3663,BULK-03663,Vapes,Nebula Extracts,each,26.00
Wedding Cake #3664,BULK-03664,Concentrates,Sungrown Farms,g,33.00
GDP #3665,BULK-03665,Flower,Kush Co,each,40.00
Pineapple Express #3666,BULK-03666,Pre-Rolls,Cloud9 Labs,g,47.00
Northern Lights #3667,BULK-03667,Edibles,Nebula Extracts,each,54.00
Runtz #3668,BULK-03668,Vapes,Sungrown Farms,g,61.00
Zkittlez #3669,BULK-03669,Concentrates,Kush Co,each,68.00
Blue Dream #3670,BULK-03670,Flower,Cloud9 Labs,g,20.00
OG Kush #3671,BULK-03671,Pre-Rolls,Nebula Extracts,each,27.00
Sour Diesel #3672,BULK-03672,Edibles,Sungrown Farms,g,34.00
Gelato #3673,BULK-03673,Vapes,Kush Co,each,41.00
Wedding Cake #3674,BULK-03674,Concentrates,Cloud9 Labs,g,48.00
GDP #3675,BULK-03675,Flower,Nebula Extracts,each,55.00
Pineapple Express #3676,BULK-03676,Pre-Rolls,Sungrown Farms,g,62.00
Northern Lights #3677,BULK-03677,Edibles,Kush Co,each,69.00
Runtz #3678,BULK-03678,Vapes,Cloud9 Labs,g,21.00
Zkittlez #3679,BULK-03679,Concentrates,Nebula Extracts,each,28.00
Blue Dream #3680,BULK-03680,Flower,Sungrown Farms,g,35.00
OG Kush #3681,BULK-03681,Pre-Rolls,Kush Co,each,42.00
Sour Diesel #3682,BULK-03682,Edibles,Cloud9 Labs,g,49.00
Gelato #3683,BULK-03683,Vapes,Nebula Extracts,each,56.00
Wedding Cake #3684,BULK-03684,Concentrates,Sungrown Farms,g,63.00
GDP #3685,BULK-03685,Flower,Kush Co,each,15.00
Pineapple Express #3686,BULK-03686,Pre-Rolls,Cloud9 Labs,g,22.00
Northern Lights #3687,BULK-03687,Edibles,Nebula Extracts,each,29.00
Runtz #3688,BULK-03688,Vapes,Sungrown Farms,g,36.00
Zkittlez #3689,BULK-03689,Concentrates,Kush Co,each,43.00
Blue Dream #3690,BULK-03690,Flower,Cloud9 Labs,g,50.00
OG Kush #3691,BULK-03691,Pre-Rolls,Nebula Extracts,each,57.00
Sour Diesel #3692,BULK-03692,Edibles,Sungrown Farms,g,64.00
Gelato #3693,BULK-03693,Vapes,Kush Co,each,16.00
Wedding Cake #3694,BULK-03694,Concentrates,Cloud9 Labs,g,23.00
GDP #3695,BULK-03695,Flower,Nebula Extracts,each,30.00
Pineapple Express #3696,BULK-03696,Pre-Rolls,Sungrown Farms,g,37.00
Northern Lights #3697,BULK-03697,Edibles,Kush Co,each,44.00
Runtz #3698,BULK-03698,Vapes,Cloud9 Labs,g,51.00
Zkittlez #3699,BULK-03699,Concentrates,Nebula Extracts,each,58.00
Blue Dream #3700,BULK-03700,Flower,Sungrown Farms,g,65.00
OG Kush #3701,BULK-03701,Pre-Rolls,Kush Co,each,17.00
Sour Diesel #3702,BULK-03702,Edibles,Cloud9 Labs,g,24.00
Gelato #3703,BULK-03703,Vapes,Nebula Extracts,each,31.00
Wedding Cake #3704,BULK-03704,Concentrates,Sungrown Farms,g,38.00
GDP #3705,BULK-03705,Flower,Kush Co,each,45.00
Pineapple Express #3706,BULK-03706,Pre-Rolls,Cloud9 Labs,g,52.00
Northern Lights #3707,BULK-03707,Edibles,Nebula Extracts,each,59.00
Runtz #3708,BULK-03708,Vapes,Sungrown Farms,g,66.00
Zkittlez #3709,BULK-03709,Concentrates,Kush Co,each,18.00
Blue Dream #3710,BULK-03710,Flower,Cloud9 Labs,g,25.00
OG Kush #3711,BULK-03711,Pre-Rolls,Nebula Extracts,each,32.00
Sour Diesel #3712,BULK-03712,Edibles,Sungrown Farms,g,39.00
Gelato #3713,BULK-03713,Vapes,Kush Co,each,46.00
Wedding Cake #3714,BULK-03714,Concentrates,Cloud9 Labs,g,53.00
GDP #3715,BULK-03715,Flower,Nebula Extracts,each,60.00
Pineapple Express #3716,BULK-03716,Pre-Rolls,Sungrown Farms,g,67.00
Northern Lights #3717,BULK-03717,Edibles,Kush Co,each,19.00
Runtz #3718,BULK-03718,Vapes,Cloud9 Labs,g,26.00
Zkittlez #3719,BULK-03719,Concentrates,Nebula Extracts,each,33.00
Blue Dream #3720,BULK-03720,Flower,Sungrown Farms,g,40.00
OG Kush #3721,BULK-03721,Pre-Rolls,Kush Co,each,47.00
Sour Diesel #3722,BULK-03722,Edibles,Cloud9 Labs,g,54.00
Gelato #3723,BULK-03723,Vapes,Nebula Extracts,each,61.00
Wedding Cake #3724,BULK-03724,Concentrates,Sungrown Farms,g,68.00
GDP #3725,BULK-03725,Flower,Kush Co,each,20.00
Pineapple Express #3726,BULK-03726,Pre-Rolls,Cloud9 Labs,g,27.00
Northern Lights #3727,BULK-03727,Edibles,Nebula Extracts,each,34.00
Runtz #3728,BULK-03728,Vapes,Sungrown Farms,g,41.00
Zkittlez #3729,BULK-03729,Concentrates,Kush Co,each,48.00
Blue Dream #3730,BULK-03730,Flower,Cloud9 Labs,g,55.00
OG Kush #3731,BULK-03731,Pre-Rolls,Nebula Extracts,each,62.00
Sour Diesel #3732,BULK-03732,Edibles,Sungrown Farms,g,69.00
Gelato #3733,BULK-03733,Vapes,Kush Co,each,21.00
Wedding Cake #3734,BULK-03734,Concentrates,Cloud9 Labs,g,28.00
GDP #3735,BULK-03735,Flower,Nebula Extracts,each,35.00
Pineapple Express #3736,BULK-03736,Pre-Rolls,Sungrown Farms,g,42.00
Northern Lights #3737,BULK-03737,Edibles,Kush Co,each,49.00
Runtz #3738,BULK-03738,Vapes,Cloud9 Labs,g,56.00
Zkittlez #3739,BULK-03739,Concentrates,Nebula Extracts,each,63.00
Blue Dream #3740,BULK-03740,Flower,Sungrown Farms,g,15.00
OG Kush #3741,BULK-03741,Pre-Rolls,Kush Co,each,22.00
Sour Diesel #3742,BULK-03742,Edibles,Cloud9 Labs,g,29.00
Gelato #3743,BULK-03743,Vapes,Nebula Extracts,each,36.00
Wedding Cake #3744,BULK-03744,Concentrates,Sungrown Farms,g,43.00
GDP #3745,BULK-03745,Flower,Kush Co,each,50.00
Pineapple Express #3746,BULK-03746,Pre-Rolls,Cloud9 Labs,g,57.00
Northern Lights #3747,BULK-03747,Edibles,Nebula Extracts,each,64.00
Runtz #3748,BULK-03748,Vapes,Sungrown Farms,g,16.00
Zkittlez #3749,BULK-03749,Concentrates,Kush Co,each,23.00
Blue Dream #3750,BULK-03750,Flower,Cloud9 Labs,g,30.00
OG Kush #3751,BULK-03751,Pre-Rolls,Nebula Extracts,each,37.00
Sour Diesel #3752,BULK-03752,Edibles,Sungrown Farms,g,44.00
Gelato #3753,BULK-03753,Vapes,Kush Co,each,51.00
Wedding Cake #3754,BULK-03754,Concentrates,Cloud9 Labs,g,58.00
GDP #3755,BULK-03755,Flower,Nebula Extracts,each,65.00
Pineapple Express #3756,BULK-03756,Pre-Rolls,Sungrown Farms,g,17.00
Northern Lights #3757,BULK-03757,Edibles,Kush Co,each,24.00
Runtz #3758,BULK-03758,Vapes,Cloud9 Labs,g,31.00
Zkittlez #3759,BULK-03759,Concentrates,Nebula Extracts,each,38.00
Blue Dream #3760,BULK-03760,Flower,Sungrown Farms,g,45.00
OG Kush #3761,BULK-03761,Pre-Rolls,Kush Co,each,52.00
Sour Diesel #3762,BULK-03762,Edibles,Cloud9 Labs,g,59.00
Gelato #3763,BULK-03763,Vapes,Nebula Extracts,each,66.00
Wedding Cake #3764,BULK-03764,Concentrates,Sungrown Farms,g,18.00
GDP #3765,BULK-03765,Flower,Kush Co,each,25.00
Pineapple Express #3766,BULK-03766,Pre-Rolls,Cloud9 Labs,g,32.00
Northern Lights #3767,BULK-03767,Edibles,Nebula Extracts,each,39.00
Runtz #3768,BULK-03768,Vapes,Sungrown Farms,g,46.00
Zkittlez #3769,BULK-03769,Concentrates,Kush Co,each,53.00
Blue Dream #3770,BULK-03770,Flower,Cloud9 Labs,g,60.00
OG Kush #3771,BULK-03771,Pre-Rolls,Nebula Extracts,each,67.00
Sour Diesel #3772,BULK-03772,Edibles,Sungrown Farms,g,19.00
Gelato #3773,BULK-03773,Vapes,Kush Co,each,26.00
Wedding Cake #3774,BULK-03774,Concentrates,Cloud9 Labs,g,33.00
GDP #3775,BULK-03775,Flower,Nebula Extracts,each,40.00
Pineapple Express #3776,BULK-03776,Pre-Rolls,Sungrown Farms,g,47.00
Northern Lights #3777,BULK-03777,Edibles,Kush Co,each,54.00
Runtz #3778,BULK-03778,Vapes,Cloud9 Labs,g,61.00
Zkittlez #3779,BULK-03779,Concentrates,Nebula Extracts,each,68.00
Blue Dream #3780,BULK-03780,Flower,Sungrown Farms,g,20.00
OG Kush #3781,BULK-03781,Pre-Rolls,Kush Co,each,27.00
Sour Diesel #3782,BULK-03782,Edibles,Cloud9 Labs,g,34.00
Gelato #3783,BULK-03783,Vapes,Nebula Extracts,each,41.00
Wedding Cake #3784,BULK-03784,Concentrates,Sungrown Farms,g,48.00
GDP #3785,BULK-03785,Flower,Kush Co,each,55.00
Pineapple Express #3786,BULK-03786,Pre-Rolls,Cloud9 Labs,g,62.00
Northern Lights #3787,BULK-03787,Edibles,Nebula Extracts,each,69.00
Runtz #3788,BULK-03788,Vapes,Sungrown Farms,g,21.00
Zkittlez #3789,BULK-03789,Concentrates,Kush Co,each,28.00
Blue Dream #3790,BULK-03790,Flower,Cloud9 Labs,g,35.00
OG Kush #3791,BULK-03791,Pre-Rolls,Nebula Extracts,each,42.00
Sour Diesel #3792,BULK-03792,Edibles,Sungrown Farms,g,49.00
Gelato #3793,BULK-03793,Vapes,Kush Co,each,56.00
Wedding Cake #3794,BULK-03794,Concentrates,Cloud9 Labs,g,63.00
GDP #3795,BULK-03795,Flower,Nebula Extracts,each,15.00
Pineapple Express #3796,BULK-03796,Pre-Rolls,Sungrown Farms,g,22.00
Northern Lights #3797,BULK-03797,Edibles,Kush Co,each,29.00
Runtz #3798,BULK-03798,Vapes,Cloud9 Labs,g,36.00
Zkittlez #3799,BULK-03799,Concentrates,Nebula Extracts,each,43.00
Blue Dream #3800,BULK-03800,Flower,Sungrown Farms,g,50.00
OG Kush #3801,BULK-03801,Pre-Rolls,Kush Co,each,57.00
Sour Diesel #3802,BULK-03802,Edibles,Cloud9 Labs,g,64.00
Gelato #3803,BULK-03803,Vapes,Nebula Extracts,each,16.00
Wedding Cake #3804,BULK-03804,Concentrates,Sungrown Farms,g,23.00
GDP #3805,BULK-03805,Flower,Kush Co,each,30.00
Pineapple Express #3806,BULK-03806,Pre-Rolls,Cloud9 Labs,g,37.00
Northern Lights #3807,BULK-03807,Edibles,Nebula Extracts,each,44.00
Runtz #3808,BULK-03808,Vapes,Sungrown Farms,g,51.00
Zkittlez #3809,BULK-03809,Concentrates,Kush Co,each,58.00
Blue Dream #3810,BULK-03810,Flower,Cloud9 Labs,g,65.00
OG Kush #3811,BULK-03811,Pre-Rolls,Nebula Extracts,each,17.00
Sour Diesel #3812,BULK-03812,Edibles,Sungrown Farms,g,24.00
Gelato #3813,BULK-03813,Vapes,Kush Co,each,31.00
Wedding Cake #3814,BULK-03814,Concentrates,Cloud9 Labs,g,38.00
GDP #3815,BULK-03815,Flower,Nebula Extracts,each,45.00
Pineapple Express #3816,BULK-03816,Pre-Rolls,Sungrown Farms,g,52.00
Northern Lights #3817,BULK-03817,Edibles,Kush Co,each,59.00
Runtz #3818,BULK-03818,Vapes,Cloud9 Labs,g,66.00
Zkittlez #3819,BULK-03819,Concentrates,Nebula Extracts,each,18.00
Blue Dream #3820,BULK-03820,Flower,Sungrown Farms,g,25.00
OG Kush #3821,BULK-03821,Pre-Rolls,Kush Co,each,32.00
Sour Diesel #3822,BULK-03822,Edibles,Cloud9 Labs,g,39.00
Gelato #3823,BULK-03823,Vapes,Nebula Extracts,each,46.00
Wedding Cake #3824,BULK-03824,Concentrates,Sungrown Farms,g,53.00
GDP #3825,BULK-03825,Flower,Kush Co,each,60.00
Pineapple Express #3826,BULK-03826,Pre-Rolls,Cloud9 Labs,g,67.00
Northern Lights #3827,BULK-03827,Edibles,Nebula Extracts,each,19.00
Runtz #3828,BULK-03828,Vapes,Sungrown Farms,g,26.00
Zkittlez #3829,BULK-03829,Concentrates,Kush Co,each,33.00
Blue Dream #3830,BULK-03830,Flower,Cloud9 Labs,g,40.00
OG Kush #3831,BULK-03831,Pre-Rolls,Nebula Extracts,each,47.00
Sour Diesel #3832,BULK-03832,Edibles,Sungrown Farms,g,54.00
Gelato #3833,BULK-03833,Vapes,Kush Co,each,61.00
Wedding Cake #3834,BULK-03834,Concentrates,Cloud9 Labs,g,68.00
GDP #3835,BULK-03835,Flower,Nebula Extracts,each,20.00
Pineapple Express #3836,BULK-03836,Pre-Rolls,Sungrown Farms,g,27.00
Northern Lights #3837,BULK-03837,Edibles,Kush Co,each,34.00
Runtz #3838,BULK-03838,Vapes,Cloud9 Labs,g,41.00
Zkittlez #3839,BULK-03839,Concentrates,Nebula Extracts,each,48.00
Blue Dream #3840,BULK-03840,Flower,Sungrown Farms,g,55.00
OG Kush #3841,BULK-03841,Pre-Rolls,Kush Co,each,62.00
Sour Diesel #3842,BULK-03842,Edibles,Cloud9 Labs,g,69.00
Gelato #3843,BULK-03843,Vapes,Nebula Extracts,each,21.00
Wedding Cake #3844,BULK-03844,Concentrates,Sungrown Farms,g,28.00
GDP #3845,BULK-03845,Flower,Kush Co,each,35.00
Pineapple Express #3846,BULK-03846,Pre-Rolls,Cloud9 Labs,g,42.00
Northern Lights #3847,BULK-03847,Edibles,Nebula Extracts,each,49.00
Runtz #3848,BULK-03848,Vapes,Sungrown Farms,g,56.00
Zkittlez #3849,BULK-03849,Concentrates,Kush Co,each,63.00
Blue Dream #3850,BULK-03850,Flower,Cloud9 Labs,g,15.00
OG Kush #3851,BULK-03851,Pre-Rolls,Nebula Extracts,each,22.00
Sour Diesel #3852,BULK-03852,Edibles,Sungrown Farms,g,29.00
Gelato #3853,BULK-03853,Vapes,Kush Co,each,36.00
Wedding Cake #3854,BULK-03854,Concentrates,Cloud9 Labs,g,43.00
GDP #3855,BULK-03855,Flower,Nebula Extracts,each,50.00
Pineapple Express #3856,BULK-03856,Pre-Rolls,Sungrown Farms,g,57.00
Northern Lights #3857,BULK-03857,Edibles,Kush Co,each,64.00
Runtz #3858,BULK-03858,Vapes,Cloud9 Labs,g,16.00
Zkittlez #3859,BULK-03859,Concentrates,Nebula Extracts,each,23.00
Blue Dream #3860,BULK-03860,Flower,Sungrown Farms,g,30.00
OG Kush #3861,BULK-03861,Pre-Rolls,Kush Co,each,37.00
Sour Diesel #3862,BULK-03862,Edibles,Cloud9 Labs,g,44.00
Gelato #3863,BULK-03863,Vapes,Nebula Extracts,each,51.00
Wedding Cake #3864,BULK-03864,Concentrates,Sungrown Farms,g,58.00
GDP #3865,BULK-03865,Flower,Kush Co,each,65.00
Pineapple Express #3866,BULK-03866,Pre-Rolls,Cloud9 Labs,g,17.00
Northern Lights #3867,BULK-03867,Edibles,Nebula Extracts,each,24.00
Runtz #3868,BULK-03868,Vapes,Sungrown Farms,g,31.00
Zkittlez #3869,BULK-03869,Concentrates,Kush Co,each,38.00
Blue Dream #3870,BULK-03870,Flower,Cloud9 Labs,g,45.00
OG Kush #3871,BULK-03871,Pre-Rolls,Nebula Extracts,each,52.00
Sour Diesel #3872,BULK-03872,Edibles,Sungrown Farms,g,59.00
Gelato #3873,BULK-03873,Vapes,Kush Co,each,66.00
Wedding Cake #3874,BULK-03874,Concentrates,Cloud9 Labs,g,18.00
GDP #3875,BULK-03875,Flower,Nebula Extracts,each,25.00
Pineapple Express #3876,BULK-03876,Pre-Rolls,Sungrown Farms,g,32.00
Northern Lights #3877,BULK-03877,Edibles,Kush Co,each,39.00
Runtz #3878,BULK-03878,Vapes,Cloud9 Labs,g,46.00
Zkittlez #3879,BULK-03879,Concentrates,Nebula Extracts,each,53.00
Blue Dream #3880,BULK-03880,Flower,Sungrown Farms,g,60.00
OG Kush #3881,BULK-03881,Pre-Rolls,Kush Co,each,67.00
Sour Diesel #3882,BULK-03882,Edibles,Cloud9 Labs,g,19.00
Gelato #3883,BULK-03883,Vapes,Nebula Extracts,each,26.00
Wedding Cake #3884,BULK-03884,Concentrates,Sungrown Farms,g,33.00
GDP #3885,BULK-03885,Flower,Kush Co,each,40.00
Pineapple Express #3886,BULK-03886,Pre-Rolls,Cloud9 Labs,g,47.00
Northern Lights #3887,BULK-03887,Edibles,Nebula Extracts,each,54.00
Runtz #3888,BULK-03888,Vapes,Sungrown Farms,g,61.00
Zkittlez #3889,BULK-03889,Concentrates,Kush Co,each,68.00
Blue Dream #3890,BULK-03890,Flower,Cloud9 Labs,g,20.00
OG Kush #3891,BULK-03891,Pre-Rolls,Nebula Extracts,each,27.00
Sour Diesel #3892,BULK-03892,Edibles,Sungrown Farms,g,34.00
Gelato #3893,BULK-03893,Vapes,Kush Co,each,41.00
Wedding Cake #3894,BULK-03894,Concentrates,Cloud9 Labs,g,48.00
GDP #3895,BULK-03895,Flower,Nebula Extracts,each,55.00
Pineapple Express #3896,BULK-03896,Pre-Rolls,Sungrown Farms,g,62.00
Northern Lights #3897,BULK-03897,Edibles,Kush Co,each,69.00
Runtz #3898,BULK-03898,Vapes,Cloud9 Labs,g,21.00
Zkittlez #3899,BULK-03899,Concentrates,Nebula Extracts,each,28.00
Blue Dream #3900,BULK-03900,Flower,Sungrown Farms,g,35.00
OG Kush #3901,BULK-03901,Pre-Rolls,Kush Co,each,42.00
Sour Diesel #3902,BULK-03902,Edibles,Cloud9 Labs,g,49.00
Gelato #3903,BULK-03903,Vapes,Nebula Extracts,each,56.00
Wedding Cake #3904,BULK-03904,Concentrates,Sungrown Farms,g,63.00
GDP #3905,BULK-03905,Flower,Kush Co,each,15.00
Pineapple Express #3906,BULK-03906,Pre-Rolls,Cloud9 Labs,g,22.00
Northern Lights #3907,BULK-03907,Edibles,Nebula Extracts,each,29.00
Runtz #3908,BULK-03908,Vapes,Sungrown Farms,g,36.00
Zkittlez #3909,BULK-03909,Concentrates,Kush Co,each,43.00
Blue Dream #3910,BULK-03910,Flower,Cloud9 Labs,g,50.00
OG Kush #3911,BULK-03911,Pre-Rolls,Nebula Extracts,each,57.00
Sour Diesel #3912,BULK-03912,Edibles,Sungrown Farms,g,64.00
Gelato #3913,BULK-03913,Vapes,Kush Co,each,16.00
Wedding Cake #3914,BULK-03914,Concentrates,Cloud9 Labs,g,23.00
GDP #3915,BULK-03915,Flower,Nebula Extracts,each,30.00
Pineapple Express #3916,BULK-03916,Pre-Rolls,Sungrown Farms,g,37.00
Northern Lights #3917,BULK-03917,Edibles,Kush Co,each,44.00
Runtz #3918,BULK-03918,Vapes,Cloud9 Labs,g,51.00
Zkittlez #3919,BULK-03919,Concentrates,Nebula Extracts,each,58.00
Blue Dream #3920,BULK-03920,Flower,Sungrown Farms,g,65.00
OG Kush #3921,BULK-03921,Pre-Rolls,Kush Co,each,17.00
Sour Diesel #3922,BULK-03922,Edibles,Cloud9 Labs,g,24.00
Gelato #3923,BULK-03923,Vapes,Nebula Extracts,each,31.00
Wedding Cake #3924,BULK-03924,Concentrates,Sungrown Farms,g,38.00
GDP #3925,BULK-03925,Flower,Kush Co,each,45.00
Pineapple Express #3926,BULK-03926,Pre-Rolls,Cloud9 Labs,g,52.00
Northern Lights #3927,BULK-03927,Edibles,Nebula Extracts,each,59.00
Runtz #3928,BULK-03928,Vapes,Sungrown Farms,g,66.00
Zkittlez #3929,BULK-03929,Concentrates,Kush Co,each,18.00
Blue Dream #3930,BULK-03930,Flower,Cloud9 Labs,g,25.00
OG Kush #3931,BULK-03931,Pre-Rolls,Nebula Extracts,each,32.00
Sour Diesel #3932,BULK-03932,Edibles,Sungrown Farms,g,39.00
Gelato #3933,BULK-03933,Vapes,Kush Co,each,46.00
Wedding Cake #3934,BULK-03934,Concentrates,Cloud9 Labs,g,53.00
GDP #3935,BULK-03935,Flower,Nebula Extracts,each,60.00
Pineapple Express #3936,BULK-03936,Pre-Rolls,Sungrown Farms,g,67.00
Northern Lights #3937,BULK-03937,Edibles,Kush Co,each,19.00
Runtz #3938,BULK-03938,Vapes,Cloud9 Labs,g,26.00
Zkittlez #3939,BULK-03939,Concentrates,Nebula Extracts,each,33.00
Blue Dream #3940,BULK-03940,Flower,Sungrown Farms,g,40.00
OG Kush #3941,BULK-03941,Pre-Rolls,Kush Co,each,47.00
Sour Diesel #3942,BULK-03942,Edibles,Cloud9 Labs,g,54.00
Gelato #3943,BULK-03943,Vapes,Nebula Extracts,each,61.00
Wedding Cake #3944,BULK-03944,Concentrates,Sungrown Farms,g,68.00
GDP #3945,BULK-03945,Flower,Kush Co,each,20.00
Pineapple Express #3946,BULK-03946,Pre-Rolls,Cloud9 Labs,g,27.00
Northern Lights #3947,BULK-03947,Edibles,Nebula Extracts,each,34.00
Runtz #3948,BULK-03948,Vapes,Sungrown Farms,g,41.00
Zkittlez #3949,BULK-03949,Concentrates,Kush Co,each,48.00
Blue Dream #3950,BULK-03950,Flower,Cloud9 Labs,g,55.00
OG Kush #3951,BULK-03951,Pre-Rolls,Nebula Extracts,each,62.00
Sour Diesel #3952,BULK-03952,Edibles,Sungrown Farms,g,69.00
Gelato #3953,BULK-03953,Vapes,Kush Co,each,21.00
Wedding Cake #3954,BULK-03954,Concentrates,Cloud9 Labs,g,28.00
GDP #3955,BULK-03955,Flower,Nebula Extracts,each,35.00
Pineapple Express #3956,BULK-03956,Pre-Rolls,Sungrown Farms,g,42.00
Northern Lights #3957,BULK-03957,Edibles,Kush Co,each,49.00
Runtz #3958,BULK-03958,Vapes,Cloud9 Labs,g,56.00
Zkittlez #3959,BULK-03959,Concentrates,Nebula Extracts,each,63.00
Blue Dream #3960,BULK-03960,Flower,Sungrown Farms,g,15.00
OG Kush #3961,BULK-03961,Pre-Rolls,Kush Co,each,22.00
Sour Diesel #3962,BULK-03962,Edibles,Cloud9 Labs,g,29.00
Gelato #3963,BULK-03963,Vapes,Nebula Extracts,each,36.00
Wedding Cake #3964,BULK-03964,Concentrates,Sungrown Farms,g,43.00
GDP #3965,BULK-03965,Flower,Kush Co,each,50.00
Pineapple Express #3966,BULK-03966,Pre-Rolls,Cloud9 Labs,g,57.00
Northern Lights #3967,BULK-03967,Edibles,Nebula Extracts,each,64.00
Runtz #3968,BULK-03968,Vapes,Sungrown Farms,g,16.00
Zkittlez #3969,BULK-03969,Concentrates,Kush Co,each,23.00
Blue Dream #3970,BULK-03970,Flower,Cloud9 Labs,g,30.00
OG Kush #3971,BULK-03971,Pre-Rolls,Nebula Extracts,each,37.00
Sour Diesel #3972,BULK-03972,Edibles,Sungrown Farms,g,44.00
Gelato #3973,BULK-03973,Vapes,Kush Co,each,51.00
Wedding Cake #3974,BULK-03974,Concentrates,Cloud9 Labs,g,58.00
GDP #3975,BULK-03975,Flower,Nebula Extracts,each,65.00
Pineapple Express #3976,BULK-03976,Pre-Rolls,Sungrown Farms,g,17.00
Northern Lights #3977,BULK-03977,Edibles,Kush Co,each,24.00
Runtz #3978,BULK-03978,Vapes,Cloud9 Labs,g,31.00
Zkittlez #3979,BULK-03979,Concentrates,Nebula Extracts,each,38.00
Blue Dream #3980,BULK-03980,Flower,Sungrown Farms,g,45.00
OG Kush #3981,BULK-03981,Pre-Rolls,Kush Co,each,52.00
Sour Diesel #3982,BULK-03982,Edibles,Cloud9 Labs,g,59.00
Gelato #3983,BULK-03983,Vapes,Nebula Extracts,each,66.00
Wedding Cake #3984,BULK-03984,Concentrates,Sungrown Farms,g,18.00
GDP #3985,BULK-03985,Flower,Kush Co,each,25.00
Pineapple Express #3986,BULK-03986,Pre-Rolls,Cloud9 Labs,g,32.00
Northern Lights #3987,BULK-03987,Edibles,Nebula Extracts,each,39.00
Runtz #3988,BULK-03988,Vapes,Sungrown Farms,g,46.00
Zkittlez #3989,BULK-03989,Concentrates,Kush Co,each,53.00
Blue Dream #3990,BULK-03990,Flower,Cloud9 Labs,g,60.00
OG Kush #3991,BULK-03991,Pre-Rolls,Nebula Extracts,each,67.00
Sour Diesel #3992,BULK-03992,Edibles,Sungrown Farms,g,19.00
Gelato #3993,BULK-03993,Vapes,Kush Co,each,26.00
Wedding Cake #3994,BULK-03994,Concentrates,Cloud9 Labs,g,33.00
GDP #3995,BULK-03995,Flower,Nebula Extracts,each,40.00
Pineapple Express #3996,BULK-03996,Pre-Rolls,Sungrown Farms,g,47.00
Northern Lights #3997,BULK-03997,Edibles,Kush Co,each,54.00
Runtz #3998,BULK-03998,Vapes,Cloud9 Labs,g,61.00
Zkittlez #3999,BULK-03999,Concentrates,Nebula Extracts,each,68.00
Blue Dream #4000,BULK-04000,Flower,Sungrown Farms,g,20.00
OG Kush #4001,BULK-04001,Pre-Rolls,Kush Co,each,27.00
Sour Diesel #4002,BULK-04002,Edibles,Cloud9 Labs,g,34.00
Gelato #4003,BULK-04003,Vapes,Nebula Extracts,each,41.00
Wedding Cake #4004,BULK-04004,Concentrates,Sungrown Farms,g,48.00
GDP #4005,BULK-04005,Flower,Kush Co,each,55.00
Pineapple Express #4006,BULK-04006,Pre-Rolls,Cloud9 Labs,g,62.00
Northern Lights #4007,BULK-04007,Edibles,Nebula Extracts,each,69.00
Runtz #4008,BULK-04008,Vapes,Sungrown Farms,g,21.00
Zkittlez #4009,BULK-04009,Concentrates,Kush Co,each,28.00
Blue Dream #4010,BULK-04010,Flower,Cloud9 Labs,g,35.00
OG Kush #4011,BULK-04011,Pre-Rolls,Nebula Extracts,each,42.00
Sour Diesel #4012,BULK-04012,Edibles,Sungrown Farms,g,49.00
Gelato #4013,BULK-04013,Vapes,Kush Co,each,56.00
Wedding Cake #4014,BULK-04014,Concentrates,Cloud9 Labs,g,63.00
GDP #4015,BULK-04015,Flower,Nebula Extracts,each,15.00
Pineapple Express #4016,BULK-04016,Pre-Rolls,Sungrown Farms,g,22.00
Northern Lights #4017,BULK-04017,Edibles,Kush Co,each,29.00
Runtz #4018,BULK-04018,Vapes,Cloud9 Labs,g,36.00
Zkittlez #4019,BULK-04019,Concentrates,Nebula Extracts,each,43.00
Blue Dream #4020,BULK-04020,Flower,Sungrown Farms,g,50.00
OG Kush #4021,BULK-04021,Pre-Rolls,Kush Co,each,57.00
Sour Diesel #4022,BULK-04022,Edibles,Cloud9 Labs,g,64.00
Gelato #4023,BULK-04023,Vapes,Nebula Extracts,each,16.00
Wedding Cake #4024,BULK-04024,Concentrates,Sungrown Farms,g,23.00
GDP #4025,BULK-04025,Flower,Kush Co,each,30.00
Pineapple Express #4026,BULK-04026,Pre-Rolls,Cloud9 Labs,g,37.00
Northern Lights #4027,BULK-04027,Edibles,Nebula Extracts,each,44.00
Runtz #4028,BULK-04028,Vapes,Sungrown Farms,g,51.00
Zkittlez #4029,BULK-04029,Concentrates,Kush Co,each,58.00
Blue Dream #4030,BULK-04030,Flower,Cloud9 Labs,g,65.00
OG Kush #4031,BULK-04031,Pre-Rolls,Nebula Extracts,each,17.00
Sour Diesel #4032,BULK-04032,Edibles,Sungrown Farms,g,24.00
Gelato #4033,BULK-04033,Vapes,Kush Co,each,31.00
Wedding Cake #4034,BULK-04034,Concentrates,Cloud9 Labs,g,38.00
GDP #4035,BULK-04035,Flower,Nebula Extracts,each,45.00
Pineapple Express #4036,BULK-04036,Pre-Rolls,Sungrown Farms,g,52.00
Northern Lights #4037,BULK-04037,Edibles,Kush Co,each,59.00
Runtz #4038,BULK-04038,Vapes,Cloud9 Labs,g,66.00
Zkittlez #4039,BULK-04039,Concentrates,Nebula Extracts,each,18.00
Blue Dream #4040,BULK-04040,Flower,Sungrown Farms,g,25.00
OG Kush #4041,BULK-04041,Pre-Rolls,Kush Co,each,32.00
Sour Diesel #4042,BULK-04042,Edibles,Cloud9 Labs,g,39.00
Gelato #4043,BULK-04043,Vapes,Nebula Extracts,each,46.00
Wedding Cake #4044,BULK-04044,Concentrates,Sungrown Farms,g,53.00
GDP #4045,BULK-04045,Flower,Kush Co,each,60.00
Pineapple Express #4046,BULK-04046,Pre-Rolls,Cloud9 Labs,g,67.00
Northern Lights #4047,BULK-04047,Edibles,Nebula Extracts,each,19.00
Runtz #4048,BULK-04048,Vapes,Sungrown Farms,g,26.00
Zkittlez #4049,BULK-04049,Concentrates,Kush Co,each,33.00
Blue Dream #4050,BULK-04050,Flower,Cloud9 Labs,g,40.00
OG Kush #4051,BULK-04051,Pre-Rolls,Nebula Extracts,each,47.00
Sour Diesel #4052,BULK-04052,Edibles,Sungrown Farms,g,54.00
Gelato #4053,BULK-04053,Vapes,Kush Co,each,61.00
Wedding Cake #4054,BULK-04054,Concentrates,Cloud9 Labs,g,68.00
GDP #4055,BULK-04055,Flower,Nebula Extracts,each,20.00
Pineapple Express #4056,BULK-04056,Pre-Rolls,Sungrown Farms,g,27.00
Northern Lights #4057,BULK-04057,Edibles,Kush Co,each,34.00
Runtz #4058,BULK-04058,Vapes,Cloud9 Labs,g,41.00
Zkittlez #4059,BULK-04059,Concentrates,Nebula Extracts,each,48.00
Blue Dream #4060,BULK-04060,Flower,Sungrown Farms,g,55.00
OG Kush #4061,BULK-04061,Pre-Rolls,Kush Co,each,62.00
Sour Diesel #4062,BULK-04062,Edibles,Cloud9 Labs,g,69.00
Gelato #4063,BULK-04063,Vapes,Nebula Extracts,each,21.00
Wedding Cake #4064,BULK-04064,Concentrates,Sungrown Farms,g,28.00
GDP #4065,BULK-04065,Flower,Kush Co,each,35.00
Pineapple Express #4066,BULK-04066,Pre-Rolls,Cloud9 Labs,g,42.00
Northern Lights #4067,BULK-04067,Edibles,Nebula Extracts,each,49.00
Runtz #4068,BULK-04068,Vapes,Sungrown Farms,g,56.00
Zkittlez #4069,BULK-04069,Concentrates,Kush Co,each,63.00
Blue Dream #4070,BULK-04070,Flower,Cloud9 Labs,g,15.00
OG Kush #4071,BULK-04071,Pre-Rolls,Nebula Extracts,each,22.00
Sour Diesel #4072,BULK-04072,Edibles,Sungrown Farms,g,29.00
Gelato #4073,BULK-04073,Vapes,Kush Co,each,36.00
Wedding Cake #4074,BULK-04074,Concentrates,Cloud9 Labs,g,43.00
GDP #4075,BULK-04075,Flower,Nebula Extracts,each,50.00
Pineapple Express #4076,BULK-04076,Pre-Rolls,Sungrown Farms,g,57.00
Northern Lights #4077,BULK-04077,Edibles,Kush Co,each,64.00
Runtz #4078,BULK-04078,Vapes,Cloud9 Labs,g,16.00
Zkittlez #4079,BULK-04079,Concentrates,Nebula Extracts,each,23.00
Blue Dream #4080,BULK-04080,Flower,Sungrown Farms,g,30.00
OG Kush #4081,BULK-04081,Pre-Rolls,Kush Co,each,37.00
Sour Diesel #4082,BULK-04082,Edibles,Cloud9 Labs,g,44.00
Gelato #4083,BULK-04083,Vapes,Nebula Extracts,each,51.00
Wedding Cake #4084,BULK-04084,Concentrates,Sungrown Farms,g,58.00
GDP #4085,BULK-04085,Flower,Kush Co,each,65.00
Pineapple Express #4086,BULK-04086,Pre-Rolls,Cloud9 Labs,g,17.00
Northern Lights #4087,BULK-04087,Edibles,Nebula Extracts,each,24.00
Runtz #4088,BULK-04088,Vapes,Sungrown Farms,g,31.00
Zkittlez #4089,BULK-04089,Concentrates,Kush Co,each,38.00
Blue Dream #4090,BULK-04090,Flower,Cloud9 Labs,g,45.00
OG Kush #4091,BULK-04091,Pre-Rolls,Nebula Extracts,each,52.00
Sour Diesel #4092,BULK-04092,Edibles,Sungrown Farms,g,59.00
Gelato #4093,BULK-04093,Vapes,Kush Co,each,66.00
Wedding Cake #4094,BULK-04094,Concentrates,Cloud9 Labs,g,18.00
GDP #4095,BULK-04095,Flower,Nebula Extracts,each,25.00
Pineapple Express #4096,BULK-04096,Pre-Rolls,Sungrown Farms,g,32.00
Northern Lights #4097,BULK-04097,Edibles,Kush Co,each,39.00
Runtz #4098,BULK-04098,Vapes,Cloud9 Labs,g,46.00
Zkittlez #4099,BULK-04099,Concentrates,Nebula Extracts,each,53.00
Blue Dream #4100,BULK-04100,Flower,Sungrown Farms,g,60.00
OG Kush #4101,BULK-04101,Pre-Rolls,Kush Co,each,67.00
Sour Diesel #4102,BULK-04102,Edibles,Cloud9 Labs,g,19.00
Gelato #4103,BULK-04103,Vapes,Nebula Extracts,each,26.00
Wedding Cake #4104,BULK-04104,Concentrates,Sungrown Farms,g,33.00
GDP #4105,BULK-04105,Flower,Kush Co,each,40.00
Pineapple Express #4106,BULK-04106,Pre-Rolls,Cloud9 Labs,g,47.00
Northern Lights #4107,BULK-04107,Edibles,Nebula Extracts,each,54.00
Runtz #4108,BULK-04108,Vapes,Sungrown Farms,g,61.00
Zkittlez #4109,BULK-04109,Concentrates,Kush Co,each,68.00
Blue Dream #4110,BULK-04110,Flower,Cloud9 Labs,g,20.00
OG Kush #4111,BULK-04111,Pre-Rolls,Nebula Extracts,each,27.00
Sour Diesel #4112,BULK-04112,Edibles,Sungrown Farms,g,34.00
Gelato #4113,BULK-04113,Vapes,Kush Co,each,41.00
Wedding Cake #4114,BULK-04114,Concentrates,Cloud9 Labs,g,48.00
GDP #4115,BULK-04115,Flower,Nebula Extracts,each,55.00
Pineapple Express #4116,BULK-04116,Pre-Rolls,Sungrown Farms,g,62.00
Northern Lights #4117,BULK-04117,Edibles,Kush Co,each,69.00
Runtz #4118,BULK-04118,Vapes,Cloud9 Labs,g,21.00
Zkittlez #4119,BULK-04119,Concentrates,Nebula Extracts,each,28.00
Blue Dream #4120,BULK-04120,Flower,Sungrown Farms,g,35.00
OG Kush #4121,BULK-04121,Pre-Rolls,Kush Co,each,42.00
Sour Diesel #4122,BULK-04122,Edibles,Cloud9 Labs,g,49.00
Gelato #4123,BULK-04123,Vapes,Nebula Extracts,each,56.00
Wedding Cake #4124,BULK-04124,Concentrates,Sungrown Farms,g,63.00
GDP #4125,BULK-04125,Flower,Kush Co,each,15.00
Pineapple Express #4126,BULK-04126,Pre-Rolls,Cloud9 Labs,g,22.00
Northern Lights #4127,BULK-04127,Edibles,Nebula Extracts,each,29.00
Runtz #4128,BULK-04128,Vapes,Sungrown Farms,g,36.00
Zkittlez #4129,BULK-04129,Concentrates,Kush Co,each,43.00
Blue Dream #4130,BULK-04130,Flower,Cloud9 Labs,g,50.00
OG Kush #4131,BULK-04131,Pre-Rolls,Nebula Extracts,each,57.00
Sour Diesel #4132,BULK-04132,Edibles,Sungrown Farms,g,64.00
Gelato #4133,BULK-04133,Vapes,Kush Co,each,16.00
Wedding Cake #4134,BULK-04134,Concentrates,Cloud9 Labs,g,23.00
GDP #4135,BULK-04135,Flower,Nebula Extracts,each,30.00
Pineapple Express #4136,BULK-04136,Pre-Rolls,Sungrown Farms,g,37.00
Northern Lights #4137,BULK-04137,Edibles,Kush Co,each,44.00
Runtz #4138,BULK-04138,Vapes,Cloud9 Labs,g,51.00
Zkittlez #4139,BULK-04139,Concentrates,Nebula Extracts,each,58.00
Blue Dream #4140,BULK-04140,Flower,Sungrown Farms,g,65.00
OG Kush #4141,BULK-04141,Pre-Rolls,Kush Co,each,17.00
Sour Diesel #4142,BULK-04142,Edibles,Cloud9 Labs,g,24.00
Gelato #4143,BULK-04143,Vapes,Nebula Extracts,each,31.00
Wedding Cake #4144,BULK-04144,Concentrates,Sungrown Farms,g,38.00
GDP #4145,BULK-04145,Flower,Kush Co,each,45.00
Pineapple Express #4146,BULK-04146,Pre-Rolls,Cloud9 Labs,g,52.00
Northern Lights #4147,BULK-04147,Edibles,Nebula Extracts,each,59.00
Runtz #4148,BULK-04148,Vapes,Sungrown Farms,g,66.00
Zkittlez #4149,BULK-04149,Concentrates,Kush Co,each,18.00
Blue Dream #4150,BULK-04150,Flower,Cloud9 Labs,g,25.00
OG Kush #4151,BULK-04151,Pre-Rolls,Nebula Extracts,each,32.00
Sour Diesel #4152,BULK-04152,Edibles,Sungrown Farms,g,39.00
Gelato #4153,BULK-04153,Vapes,Kush Co,each,46.00
Wedding Cake #4154,BULK-04154,Concentrates,Cloud9 Labs,g,53.00
GDP #4155,BULK-04155,Flower,Nebula Extracts,each,60.00
Pineapple Express #4156,BULK-04156,Pre-Rolls,Sungrown Farms,g,67.00
Northern Lights #4157,BULK-04157,Edibles,Kush Co,each,19.00
Runtz #4158,BULK-04158,Vapes,Cloud9 Labs,g,26.00
Zkittlez #4159,BULK-04159,Concentrates,Nebula Extracts,each,33.00
Blue Dream #4160,BULK-04160,Flower,Sungrown Farms,g,40.00
OG Kush #4161,BULK-04161,Pre-Rolls,Kush Co,each,47.00
Sour Diesel #4162,BULK-04162,Edibles,Cloud9 Labs,g,54.00
Gelato #4163,BULK-04163,Vapes,Nebula Extracts,each,61.00
Wedding Cake #4164,BULK-04164,Concentrates,Sungrown Farms,g,68.00
GDP #4165,BULK-04165,Flower,Kush Co,each,20.00
Pineapple Express #4166,BULK-04166,Pre-Rolls,Cloud9 Labs,g,27.00
Northern Lights #4167,BULK-04167,Edibles,Nebula Extracts,each,34.00
Runtz #4168,BULK-04168,Vapes,Sungrown Farms,g,41.00
Zkittlez #4169,BULK-04169,Concentrates,Kush Co,each,48.00
Blue Dream #4170,BULK-04170,Flower,Cloud9 Labs,g,55.00
OG Kush #4171,BULK-04171,Pre-Rolls,Nebula Extracts,each,62.00
Sour Diesel #4172,BULK-04172,Edibles,Sungrown Farms,g,69.00
Gelato #4173,BULK-04173,Vapes,Kush Co,each,21.00
Wedding Cake #4174,BULK-04174,Concentrates,Cloud9 Labs,g,28.00
GDP #4175,BULK-04175,Flower,Nebula Extracts,each,35.00
Pineapple Express #4176,BULK-04176,Pre-Rolls,Sungrown Farms,g,42.00
Northern Lights #4177,BULK-04177,Edibles,Kush Co,each,49.00
Runtz #4178,BULK-04178,Vapes,Cloud9 Labs,g,56.00
Zkittlez #4179,BULK-04179,Concentrates,Nebula Extracts,each,63.00
Blue Dream #4180,BULK-04180,Flower,Sungrown Farms,g,15.00
OG Kush #4181,BULK-04181,Pre-Rolls,Kush Co,each,22.00
Sour Diesel #4182,BULK-04182,Edibles,Cloud9 Labs,g,29.00
Gelato #4183,BULK-04183,Vapes,Nebula Extracts,each,36.00
Wedding Cake #4184,BULK-04184,Concentrates,Sungrown Farms,g,43.00
GDP #4185,BULK-04185,Flower,Kush Co,each,50.00
Pineapple Express #4186,BULK-04186,Pre-Rolls,Cloud9 Labs,g,57.00
Northern Lights #4187,BULK-04187,Edibles,Nebula Extracts,each,64.00
Runtz #4188,BULK-04188,Vapes,Sungrown Farms,g,16.00
Zkittlez #4189,BULK-04189,Concentrates,Kush Co,each,23.00
Blue Dream #4190,BULK-04190,Flower,Cloud9 Labs,g,30.00
OG Kush #4191,BULK-04191,Pre-Rolls,Nebula Extracts,each,37.00
Sour Diesel #4192,BULK-04192,Edibles,Sungrown Farms,g,44.00
Gelato #4193,BULK-04193,Vapes,Kush Co,each,51.00
Wedding Cake #4194,BULK-04194,Concentrates,Cloud9 Labs,g,58.00
GDP #4195,BULK-04195,Flower,Nebula Extracts,each,65.00
Pineapple Express #4196,BULK-04196,Pre-Rolls,Sungrown Farms,g,17.00
Northern Lights #4197,BULK-04197,Edibles,Kush Co,each,24.00
Runtz #4198,BULK-04198,Vapes,Cloud9 Labs,g,31.00
Zkittlez #4199,BULK-04199,Concentrates,Nebula Extracts,each,38.00
Blue Dream #4200,BULK-04200,Flower,Sungrown Farms,g,45.00
OG Kush #4201,BULK-04201,Pre-Rolls,Kush Co,each,52.00
Sour Diesel #4202,BULK-04202,Edibles,Cloud9 Labs,g,59.00
Gelato #4203,BULK-04203,Vapes,Nebula Extracts,each,66.00
Wedding Cake #4204,BULK-04204,Concentrates,Sungrown Farms,g,18.00
GDP #4205,BULK-04205,Flower,Kush Co,each,25.00
Pineapple Express #4206,BULK-04206,Pre-Rolls,Cloud9 Labs,g,32.00
Northern Lights #4207,BULK-04207,Edibles,Nebula Extracts,each,39.00
Runtz #4208,BULK-04208,Vapes,Sungrown Farms,g,46.00
Zkittlez #4209,BULK-04209,Concentrates,Kush Co,each,53.00
Blue Dream #4210,BULK-04210,Flower,Cloud9 Labs,g,60.00
OG Kush #4211,BULK-04211,Pre-Rolls,Nebula Extracts,each,67.00
Sour Diesel #4212,BULK-04212,Edibles,Sungrown Farms,g,19.00
Gelato #4213,BULK-04213,Vapes,Kush Co,each,26.00
Wedding Cake #4214,BULK-04214,Concentrates,Cloud9 Labs,g,33.00
GDP #4215,BULK-04215,Flower,Nebula Extracts,each,40.00
Pineapple Express #4216,BULK-04216,Pre-Rolls,Sungrown Farms,g,47.00
Northern Lights #4217,BULK-04217,Edibles,Kush Co,each,54.00
Runtz #4218,BULK-04218,Vapes,Cloud9 Labs,g,61.00
Zkittlez #4219,BULK-04219,Concentrates,Nebula Extracts,each,68.00
Blue Dream #4220,BULK-04220,Flower,Sungrown Farms,g,20.00
OG Kush #4221,BULK-04221,Pre-Rolls,Kush Co,each,27.00
Sour Diesel #4222,BULK-04222,Edibles,Cloud9 Labs,g,34.00
Gelato #4223,BULK-04223,Vapes,Nebula Extracts,each,41.00
Wedding Cake #4224,BULK-04224,Concentrates,Sungrown Farms,g,48.00
GDP #4225,BULK-04225,Flower,Kush Co,each,55.00
Pineapple Express #4226,BULK-04226,Pre-Rolls,Cloud9 Labs,g,62.00
Northern Lights #4227,BULK-04227,Edibles,Nebula Extracts,each,69.00
Runtz #4228,BULK-04228,Vapes,Sungrown Farms,g,21.00
Zkittlez #4229,BULK-04229,Concentrates,Kush Co,each,28.00
Blue Dream #4230,BULK-04230,Flower,Cloud9 Labs,g,35.00
OG Kush #4231,BULK-04231,Pre-Rolls,Nebula Extracts,each,42.00
Sour Diesel #4232,BULK-04232,Edibles,Sungrown Farms,g,49.00
Gelato #4233,BULK-04233,Vapes,Kush Co,each,56.00
Wedding Cake #4234,BULK-04234,Concentrates,Cloud9 Labs,g,63.00
GDP #4235,BULK-04235,Flower,Nebula Extracts,each,15.00
Pineapple Express #4236,BULK-04236,Pre-Rolls,Sungrown Farms,g,22.00
Northern Lights #4237,BULK-04237,Edibles,Kush Co,each,29.00
Runtz #4238,BULK-04238,Vapes,Cloud9 Labs,g,36.00
Zkittlez #4239,BULK-04239,Concentrates,Nebula Extracts,each,43.00
Blue Dream #4240,BULK-04240,Flower,Sungrown Farms,g,50.00
OG Kush #4241,BULK-04241,Pre-Rolls,Kush Co,each,57.00
Sour Diesel #4242,BULK-04242,Edibles,Cloud9 Labs,g,64.00
Gelato #4243,BULK-04243,Vapes,Nebula Extracts,each,16.00
Wedding Cake #4244,BULK-04244,Concentrates,Sungrown Farms,g,23.00
GDP #4245,BULK-04245,Flower,Kush Co,each,30.00
Pineapple Express #4246,BULK-04246,Pre-Rolls,Cloud9 Labs,g,37.00
Northern Lights #4247,BULK-04247,Edibles,Nebula Extracts,each,44.00
Runtz #4248,BULK-04248,Vapes,Sungrown Farms,g,51.00
Zkittlez #4249,BULK-04249,Concentrates,Kush Co,each,58.00
Blue Dream #4250,BULK-04250,Flower,Cloud9 Labs,g,65.00
OG Kush #4251,BULK-04251,Pre-Rolls,Nebula Extracts,each,17.00
Sour Diesel #4252,BULK-04252,Edibles,Sungrown Farms,g,24.00
Gelato #4253,BULK-04253,Vapes,Kush Co,each,31.00
Wedding Cake #4254,BULK-04254,Concentrates,Cloud9 Labs,g,38.00
GDP #4255,BULK-04255,Flower,Nebula Extracts,each,45.00
Pineapple Express #4256,BULK-04256,Pre-Rolls,Sungrown Farms,g,52.00
Northern Lights #4257,BULK-04257,Edibles,Kush Co,each,59.00
Runtz #4258,BULK-04258,Vapes,Cloud9 Labs,g,66.00
Zkittlez #4259,BULK-04259,Concentrates,Nebula Extracts,each,18.00
Blue Dream #4260,BULK-04260,Flower,Sungrown Farms,g,25.00
OG Kush #4261,BULK-04261,Pre-Rolls,Kush Co,each,32.00
Sour Diesel #4262,BULK-04262,Edibles,Cloud9 Labs,g,39.00
Gelato #4263,BULK-04263,Vapes,Nebula Extracts,each,46.00
Wedding Cake #4264,BULK-04264,Concentrates,Sungrown Farms,g,53.00
GDP #4265,BULK-04265,Flower,Kush Co,each,60.00
Pineapple Express #4266,BULK-04266,Pre-Rolls,Cloud9 Labs,g,67.00
Northern Lights #4267,BULK-04267,Edibles,Nebula Extracts,each,19.00
Runtz #4268,BULK-04268,Vapes,Sungrown Farms,g,26.00
Zkittlez #4269,BULK-04269,Concentrates,Kush Co,each,33.00
Blue Dream #4270,BULK-04270,Flower,Cloud9 Labs,g,40.00
OG Kush #4271,BULK-04271,Pre-Rolls,Nebula Extracts,each,47.00
Sour Diesel #4272,BULK-04272,Edibles,Sungrown Farms,g,54.00
Gelato #4273,BULK-04273,Vapes,Kush Co,each,61.00
Wedding Cake #4274,BULK-04274,Concentrates,Cloud9 Labs,g,68.00
GDP #4275,BULK-04275,Flower,Nebula Extracts,each,20.00
Pineapple Express #4276,BULK-04276,Pre-Rolls,Sungrown Farms,g,27.00
Northern Lights #4277,BULK-04277,Edibles,Kush Co,each,34.00
Runtz #4278,BULK-04278,Vapes,Cloud9 Labs,g,41.00
Zkittlez #4279,BULK-04279,Concentrates,Nebula Extracts,each,48.00
Blue Dream #4280,BULK-04280,Flower,Sungrown Farms,g,55.00
OG Kush #4281,BULK-04281,Pre-Rolls,Kush Co,each,62.00
Sour Diesel #4282,BULK-04282,Edibles,Cloud9 Labs,g,69.00
Gelato #4283,BULK-04283,Vapes,Nebula Extracts,each,21.00
Wedding Cake #4284,BULK-04284,Concentrates,Sungrown Farms,g,28.00
GDP #4285,BULK-04285,Flower,Kush Co,each,35.00
Pineapple Express #4286,BULK-04286,Pre-Rolls,Cloud9 Labs,g,42.00
Northern Lights #4287,BULK-04287,Edibles,Nebula Extracts,each,49.00
Runtz #4288,BULK-04288,Vapes,Sungrown Farms,g,56.00
Zkittlez #4289,BULK-04289,Concentrates,Kush Co,each,63.00
Blue Dream #4290,BULK-04290,Flower,Cloud9 Labs,g,15.00
OG Kush #4291,BULK-04291,Pre-Rolls,Nebula Extracts,each,22.00
Sour Diesel #4292,BULK-04292,Edibles,Sungrown Farms,g,29.00
Gelato #4293,BULK-04293,Vapes,Kush Co,each,36.00
Wedding Cake #4294,BULK-04294,Concentrates,Cloud9 Labs,g,43.00
GDP #4295,BULK-04295,Flower,Nebula Extracts,each,50.00
Pineapple Express #4296,BULK-04296,Pre-Rolls,Sungrown Farms,g,57.00
Northern Lights #4297,BULK-04297,Edibles,Kush Co,each,64.00
Runtz #4298,BULK-04298,Vapes,Cloud9 Labs,g,16.00
Zkittlez #4299,BULK-04299,Concentrates,Nebula Extracts,each,23.00
Blue Dream #4300,BULK-04300,Flower,Sungrown Farms,g,30.00
OG Kush #4301,BULK-04301,Pre-Rolls,Kush Co,each,37.00
Sour Diesel #4302,BULK-04302,Edibles,Cloud9 Labs,g,44.00
Gelato #4303,BULK-04303,Vapes,Nebula Extracts,each,51.00
Wedding Cake #4304,BULK-04304,Concentrates,Sungrown Farms,g,58.00
GDP #4305,BULK-04305,Flower,Kush Co,each,65.00
Pineapple Express #4306,BULK-04306,Pre-Rolls,Cloud9 Labs,g,17.00
Northern Lights #4307,BULK-04307,Edibles,Nebula Extracts,each,24.00
Runtz #4308,BULK-04308,Vapes,Sungrown Farms,g,31.00
Zkittlez #4309,BULK-04309,Concentrates,Kush Co,each,38.00
Blue Dream #4310,BULK-04310,Flower,Cloud9 Labs,g,45.00
OG Kush #4311,BULK-04311,Pre-Rolls,Nebula Extracts,each,52.00
Sour Diesel #4312,BULK-04312,Edibles,Sungrown Farms,g,59.00
Gelato #4313,BULK-04313,Vapes,Kush Co,each,66.00
Wedding Cake #4314,BULK-04314,Concentrates,Cloud9 Labs,g,18.00
GDP #4315,BULK-04315,Flower,Nebula Extracts,each,25.00
Pineapple Express #4316,BULK-04316,Pre-Rolls,Sungrown Farms,g,32.00
Northern Lights #4317,BULK-04317,Edibles,Kush Co,each,39.00
Runtz #4318,BULK-04318,Vapes,Cloud9 Labs,g,46.00
Zkittlez #4319,BULK-04319,Concentrates,Nebula Extracts,each,53.00
Blue Dream #4320,BULK-04320,Flower,Sungrown Farms,g,60.00
OG Kush #4321,BULK-04321,Pre-Rolls,Kush Co,each,67.00
Sour Diesel #4322,BULK-04322,Edibles,Cloud9 Labs,g,19.00
Gelato #4323,BULK-04323,Vapes,Nebula Extracts,each,26.00
Wedding Cake #4324,BULK-04324,Concentrates,Sungrown Farms,g,33.00
GDP #4325,BULK-04325,Flower,Kush Co,each,40.00
Pineapple Express #4326,BULK-04326,Pre-Rolls,Cloud9 Labs,g,47.00
Northern Lights #4327,BULK-04327,Edibles,Nebula Extracts,each,54.00
Runtz #4328,BULK-04328,Vapes,Sungrown Farms,g,61.00
Zkittlez #4329,BULK-04329,Concentrates,Kush Co,each,68.00
Blue Dream #4330,BULK-04330,Flower,Cloud9 Labs,g,20.00
OG Kush #4331,BULK-04331,Pre-Rolls,Nebula Extracts,each,27.00
Sour Diesel #4332,BULK-04332,Edibles,Sungrown Farms,g,34.00
Gelato #4333,BULK-04333,Vapes,Kush Co,each,41.00
Wedding Cake #4334,BULK-04334,Concentrates,Cloud9 Labs,g,48.00
GDP #4335,BULK-04335,Flower,Nebula Extracts,each,55.00
Pineapple Express #4336,BULK-04336,Pre-Rolls,Sungrown Farms,g,62.00
Northern Lights #4337,BULK-04337,Edibles,Kush Co,each,69.00
Runtz #4338,BULK-04338,Vapes,Cloud9 Labs,g,21.00
Zkittlez #4339,BULK-04339,Concentrates,Nebula Extracts,each,28.00
Blue Dream #4340,BULK-04340,Flower,Sungrown Farms,g,35.00
OG Kush #4341,BULK-04341,Pre-Rolls,Kush Co,each,42.00
Sour Diesel #4342,BULK-04342,Edibles,Cloud9 Labs,g,49.00
Gelato #4343,BULK-04343,Vapes,Nebula Extracts,each,56.00
Wedding Cake #4344,BULK-04344,Concentrates,Sungrown Farms,g,63.00
GDP #4345,BULK-04345,Flower,Kush Co,each,15.00
Pineapple Express #4346,BULK-04346,Pre-Rolls,Cloud9 Labs,g,22.00
Northern Lights #4347,BULK-04347,Edibles,Nebula Extracts,each,29.00
Runtz #4348,BULK-04348,Vapes,Sungrown Farms,g,36.00
Zkittlez #4349,BULK-04349,Concentrates,Kush Co,each,43.00
Blue Dream #4350,BULK-04350,Flower,Cloud9 Labs,g,50.00
OG Kush #4351,BULK-04351,Pre-Rolls,Nebula Extracts,each,57.00
Sour Diesel #4352,BULK-04352,Edibles,Sungrown Farms,g,64.00
Gelato #4353,BULK-04353,Vapes,Kush Co,each,16.00
Wedding Cake #4354,BULK-04354,Concentrates,Cloud9 Labs,g,23.00
GDP #4355,BULK-04355,Flower,Nebula Extracts,each,30.00
Pineapple Express #4356,BULK-04356,Pre-Rolls,Sungrown Farms,g,37.00
Northern Lights #4357,BULK-04357,Edibles,Kush Co,each,44.00
Runtz #4358,BULK-04358,Vapes,Cloud9 Labs,g,51.00
Zkittlez #4359,BULK-04359,Concentrates,Nebula Extracts,each,58.00
Blue Dream #4360,BULK-04360,Flower,Sungrown Farms,g,65.00
OG Kush #4361,BULK-04361,Pre-Rolls,Kush Co,each,17.00
Sour Diesel #4362,BULK-04362,Edibles,Cloud9 Labs,g,24.00
Gelato #4363,BULK-04363,Vapes,Nebula Extracts,each,31.00
Wedding Cake #4364,BULK-04364,Concentrates,Sungrown Farms,g,38.00
GDP #4365,BULK-04365,Flower,Kush Co,each,45.00
Pineapple Express #4366,BULK-04366,Pre-Rolls,Cloud9 Labs,g,52.00
Northern Lights #4367,BULK-04367,Edibles,Nebula Extracts,each,59.00
Runtz #4368,BULK-04368,Vapes,Sungrown Farms,g,66.00
Zkittlez #4369,BULK-04369,Concentrates,Kush Co,each,18.00
Blue Dream #4370,BULK-04370,Flower,Cloud9 Labs,g,25.00
OG Kush #4371,BULK-04371,Pre-Rolls,Nebula Extracts,each,32.00
Sour Diesel #4372,BULK-04372,Edibles,Sungrown Farms,g,39.00
Gelato #4373,BULK-04373,Vapes,Kush Co,each,46.00
Wedding Cake #4374,BULK-04374,Concentrates,Cloud9 Labs,g,53.00
GDP #4375,BULK-04375,Flower,Nebula Extracts,each,60.00
Pineapple Express #4376,BULK-04376,Pre-Rolls,Sungrown Farms,g,67.00
Northern Lights #4377,BULK-04377,Edibles,Kush Co,each,19.00
Runtz #4378,BULK-04378,Vapes,Cloud9 Labs,g,26.00
Zkittlez #4379,BULK-04379,Concentrates,Nebula Extracts,each,33.00
Blue Dream #4380,BULK-04380,Flower,Sungrown Farms,g,40.00
OG Kush #4381,BULK-04381,Pre-Rolls,Kush Co,each,47.00
Sour Diesel #4382,BULK-04382,Edibles,Cloud9 Labs,g,54.00
Gelato #4383,BULK-04383,Vapes,Nebula Extracts,each,61.00
Wedding Cake #4384,BULK-04384,Concentrates,Sungrown Farms,g,68.00
GDP #4385,BULK-04385,Flower,Kush Co,each,20.00
Pineapple Express #4386,BULK-04386,Pre-Rolls,Cloud9 Labs,g,27.00
Northern Lights #4387,BULK-04387,Edibles,Nebula Extracts,each,34.00
Runtz #4388,BULK-04388,Vapes,Sungrown Farms,g,41.00
Zkittlez #4389,BULK-04389,Concentrates,Kush Co,each,48.00
Blue Dream #4390,BULK-04390,Flower,Cloud9 Labs,g,55.00
OG Kush #4391,BULK-04391,Pre-Rolls,Nebula Extracts,each,62.00
Sour Diesel #4392,BULK-04392,Edibles,Sungrown Farms,g,69.00
Gelato #4393,BULK-04393,Vapes,Kush Co,each,21.00
Wedding Cake #4394,BULK-04394,Concentrates,Cloud9 Labs,g,28.00
GDP #4395,BULK-04395,Flower,Nebula Extracts,each,35.00
Pineapple Express #4396,BULK-04396,Pre-Rolls,Sungrown Farms,g,42.00
Northern Lights #4397,BULK-04397,Edibles,Kush Co,each,49.00
Runtz #4398,BULK-04398,Vapes,Cloud9 Labs,g,56.00
Zkittlez #4399,BULK-04399,Concentrates,Nebula Extracts,each,63.00
Blue Dream #4400,BULK-04400,Flower,Sungrown Farms,g,15.00
OG Kush #4401,BULK-04401,Pre-Rolls,Kush Co,each,22.00
Sour Diesel #4402,BULK-04402,Edibles,Cloud9 Labs,g,29.00
Gelato #4403,BULK-04403,Vapes,Nebula Extracts,each,36.00
Wedding Cake #4404,BULK-04404,Concentrates,Sungrown Farms,g,43.00
GDP #4405,BULK-04405,Flower,Kush Co,each,50.00
Pineapple Express #4406,BULK-04406,Pre-Rolls,Cloud9 Labs,g,57.00
Northern Lights #4407,BULK-04407,Edibles,Nebula Extracts,each,64.00
Runtz #4408,BULK-04408,Vapes,Sungrown Farms,g,16.00
Zkittlez #4409,BULK-04409,Concentrates,Kush Co,each,23.00
Blue Dream #4410,BULK-04410,Flower,Cloud9 Labs,g,30.00
OG Kush #4411,BULK-04411,Pre-Rolls,Nebula Extracts,each,37.00
Sour Diesel #4412,BULK-04412,Edibles,Sungrown Farms,g,44.00
Gelato #4413,BULK-04413,Vapes,Kush Co,each,51.00
Wedding Cake #4414,BULK-04414,Concentrates,Cloud9 Labs,g,58.00
GDP #4415,BULK-04415,Flower,Nebula Extracts,each,65.00
Pineapple Express #4416,BULK-04416,Pre-Rolls,Sungrown Farms,g,17.00
Northern Lights #4417,BULK-04417,Edibles,Kush Co,each,24.00
Runtz #4418,BULK-04418,Vapes,Cloud9 Labs,g,31.00
Zkittlez #4419,BULK-04419,Concentrates,Nebula Extracts,each,38.00
Blue Dream #4420,BULK-04420,Flower,Sungrown Farms,g,45.00
OG Kush #4421,BULK-04421,Pre-Rolls,Kush Co,each,52.00
Sour Diesel #4422,BULK-04422,Edibles,Cloud9 Labs,g,59.00
Gelato #4423,BULK-04423,Vapes,Nebula Extracts,each,66.00
Wedding Cake #4424,BULK-04424,Concentrates,Sungrown Farms,g,18.00
GDP #4425,BULK-04425,Flower,Kush Co,each,25.00
Pineapple Express #4426,BULK-04426,Pre-Rolls,Cloud9 Labs,g,32.00
Northern Lights #4427,BULK-04427,Edibles,Nebula Extracts,each,39.00
Runtz #4428,BULK-04428,Vapes,Sungrown Farms,g,46.00
Zkittlez #4429,BULK-04429,Concentrates,Kush Co,each,53.00
Blue Dream #4430,BULK-04430,Flower,Cloud9 Labs,g,60.00
OG Kush #4431,BULK-04431,Pre-Rolls,Nebula Extracts,each,67.00
Sour Diesel #4432,BULK-04432,Edibles,Sungrown Farms,g,19.00
Gelato #4433,BULK-04433,Vapes,Kush Co,each,26.00
Wedding Cake #4434,BULK-04434,Concentrates,Cloud9 Labs,g,33.00
GDP #4435,BULK-04435,Flower,Nebula Extracts,each,40.00
Pineapple Express #4436,BULK-04436,Pre-Rolls,Sungrown Farms,g,47.00
Northern Lights #4437,BULK-04437,Edibles,Kush Co,each,54.00
Runtz #4438,BULK-04438,Vapes,Cloud9 Labs,g,61.00
Zkittlez #4439,BULK-04439,Concentrates,Nebula Extracts,each,68.00
Blue Dream #4440,BULK-04440,Flower,Sungrown Farms,g,20.00
OG Kush #4441,BULK-04441,Pre-Rolls,Kush Co,each,27.00
Sour Diesel #4442,BULK-04442,Edibles,Cloud9 Labs,g,34.00
Gelato #4443,BULK-04443,Vapes,Nebula Extracts,each,41.00
Wedding Cake #4444,BULK-04444,Concentrates,Sungrown Farms,g,48.00
GDP #4445,BULK-04445,Flower,Kush Co,each,55.00
Pineapple Express #4446,BULK-04446,Pre-Rolls,Cloud9 Labs,g,62.00
Northern Lights #4447,BULK-04447,Edibles,Nebula Extracts,each,69.00
Runtz #4448,BULK-04448,Vapes,Sungrown Farms,g,21.00
Zkittlez #4449,BULK-04449,Concentrates,Kush Co,each,28.00
Blue Dream #4450,BULK-04450,Flower,Cloud9 Labs,g,35.00
OG Kush #4451,BULK-04451,Pre-Rolls,Nebula Extracts,each,42.00
Sour Diesel #4452,BULK-04452,Edibles,Sungrown Farms,g,49.00
Gelato #4453,BULK-04453,Vapes,Kush Co,each,56.00
Wedding Cake #4454,BULK-04454,Concentrates,Cloud9 Labs,g,63.00
GDP #4455,BULK-04455,Flower,Nebula Extracts,each,15.00
Pineapple Express #4456,BULK-04456,Pre-Rolls,Sungrown Farms,g,22.00
Northern Lights #4457,BULK-04457,Edibles,Kush Co,each,29.00
Runtz #4458,BULK-04458,Vapes,Cloud9 Labs,g,36.00
Zkittlez #4459,BULK-04459,Concentrates,Nebula Extracts,each,43.00
Blue Dream #4460,BULK-04460,Flower,Sungrown Farms,g,50.00
OG Kush #4461,BULK-04461,Pre-Rolls,Kush Co,each,57.00
Sour Diesel #4462,BULK-04462,Edibles,Cloud9 Labs,g,64.00
Gelato #4463,BULK-04463,Vapes,Nebula Extracts,each,16.00
Wedding Cake #4464,BULK-04464,Concentrates,Sungrown Farms,g,23.00
GDP #4465,BULK-04465,Flower,Kush Co,each,30.00
Pineapple Express #4466,BULK-04466,Pre-Rolls,Cloud9 Labs,g,37.00
Northern Lights #4467,BULK-04467,Edibles,Nebula Extracts,each,44.00
Runtz #4468,BULK-04468,Vapes,Sungrown Farms,g,51.00
Zkittlez #4469,BULK-04469,Concentrates,Kush Co,each,58.00
Blue Dream #4470,BULK-04470,Flower,Cloud9 Labs,g,65.00
OG Kush #4471,BULK-04471,Pre-Rolls,Nebula Extracts,each,17.00
Sour Diesel #4472,BULK-04472,Edibles,Sungrown Farms,g,24.00
Gelato #4473,BULK-04473,Vapes,Kush Co,each,31.00
Wedding Cake #4474,BULK-04474,Concentrates,Cloud9 Labs,g,38.00
GDP #4475,BULK-04475,Flower,Nebula Extracts,each,45.00
Pineapple Express #4476,BULK-04476,Pre-Rolls,Sungrown Farms,g,52.00
Northern Lights #4477,BULK-04477,Edibles,Kush Co,each,59.00
Runtz #4478,BULK-04478,Vapes,Cloud9 Labs,g,66.00
Zkittlez #4479,BULK-04479,Concentrates,Nebula Extracts,each,18.00
Blue Dream #4480,BULK-04480,Flower,Sungrown Farms,g,25.00
OG Kush #4481,BULK-04481,Pre-Rolls,Kush Co,each,32.00
Sour Diesel #4482,BULK-04482,Edibles,Cloud9 Labs,g,39.00
Gelato #4483,BULK-04483,Vapes,Nebula Extracts,each,46.00
Wedding Cake #4484,BULK-04484,Concentrates,Sungrown Farms,g,53.00
GDP #4485,BULK-04485,Flower,Kush Co,each,60.00
Pineapple Express #4486,BULK-04486,Pre-Rolls,Cloud9 Labs,g,67.00
Northern Lights #4487,BULK-04487,Edibles,Nebula Extracts,each,19.00
Runtz #4488,BULK-04488,Vapes,Sungrown Farms,g,26.00
Zkittlez #4489,BULK-04489,Concentrates,Kush Co,each,33.00
Blue Dream #4490,BULK-04490,Flower,Cloud9 Labs,g,40.00
OG Kush #4491,BULK-04491,Pre-Rolls,Nebula Extracts,each,47.00
Sour Diesel #4492,BULK-04492,Edibles,Sungrown Farms,g,54.00
Gelato #4493,BULK-04493,Vapes,Kush Co,each,61.00
Wedding Cake #4494,BULK-04494,Concentrates,Cloud9 Labs,g,68.00
GDP #4495,BULK-04495,Flower,Nebula Extracts,each,20.00
Pineapple Express #4496,BULK-04496,Pre-Rolls,Sungrown Farms,g,27.00
Northern Lights #4497,BULK-04497,Edibles,Kush Co,each,34.00
Runtz #4498,BULK-04498,Vapes,Cloud9 Labs,g,41.00
Zkittlez #4499,BULK-04499,Concentrates,Nebula Extracts,each,48.00
Blue Dream #4500,BULK-04500,Flower,Sungrown Farms,g,55.00
OG Kush #4501,BULK-04501,Pre-Rolls,Kush Co,each,62.00
Sour Diesel #4502,BULK-04502,Edibles,Cloud9 Labs,g,69.00
Gelato #4503,BULK-04503,Vapes,Nebula Extracts,each,21.00
Wedding Cake #4504,BULK-04504,Concentrates,Sungrown Farms,g,28.00
GDP #4505,BULK-04505,Flower,Kush Co,each,35.00
Pineapple Express #4506,BULK-04506,Pre-Rolls,Cloud9 Labs,g,42.00
Northern Lights #4507,BULK-04507,Edibles,Nebula Extracts,each,49.00
Runtz #4508,BULK-04508,Vapes,Sungrown Farms,g,56.00
Zkittlez #4509,BULK-04509,Concentrates,Kush Co,each,63.00
Blue Dream #4510,BULK-04510,Flower,Cloud9 Labs,g,15.00
OG Kush #4511,BULK-04511,Pre-Rolls,Nebula Extracts,each,22.00
Sour Diesel #4512,BULK-04512,Edibles,Sungrown Farms,g,29.00
Gelato #4513,BULK-04513,Vapes,Kush Co,each,36.00
Wedding Cake #4514,BULK-04514,Concentrates,Cloud9 Labs,g,43.00
GDP #4515,BULK-04515,Flower,Nebula Extracts,each,50.00
Pineapple Express #4516,BULK-04516,Pre-Rolls,Sungrown Farms,g,57.00
Northern Lights #4517,BULK-04517,Edibles,Kush Co,each,64.00
Runtz #4518,BULK-04518,Vapes,Cloud9 Labs,g,16.00
Zkittlez #4519,BULK-04519,Concentrates,Nebula Extracts,each,23.00
Blue Dream #4520,BULK-04520,Flower,Sungrown Farms,g,30.00
OG Kush #4521,BULK-04521,Pre-Rolls,Kush Co,each,37.00
Sour Diesel #4522,BULK-04522,Edibles,Cloud9 Labs,g,44.00
Gelato #4523,BULK-04523,Vapes,Nebula Extracts,each,51.00
Wedding Cake #4524,BULK-04524,Concentrates,Sungrown Farms,g,58.00
GDP #4525,BULK-04525,Flower,Kush Co,each,65.00
Pineapple Express #4526,BULK-04526,Pre-Rolls,Cloud9 Labs,g,17.00
Northern Lights #4527,BULK-04527,Edibles,Nebula Extracts,each,24.00
Runtz #4528,BULK-04528,Vapes,Sungrown Farms,g,31.00
Zkittlez #4529,BULK-04529,Concentrates,Kush Co,each,38.00
Blue Dream #4530,BULK-04530,Flower,Cloud9 Labs,g,45.00
OG Kush #4531,BULK-04531,Pre-Rolls,Nebula Extracts,each,52.00
Sour Diesel #4532,BULK-04532,Edibles,Sungrown Farms,g,59.00
Gelato #4533,BULK-04533,Vapes,Kush Co,each,66.00
Wedding Cake #4534,BULK-04534,Concentrates,Cloud9 Labs,g,18.00
GDP #4535,BULK-04535,Flower,Nebula Extracts,each,25.00
Pineapple Express #4536,BULK-04536,Pre-Rolls,Sungrown Farms,g,32.00
Northern Lights #4537,BULK-04537,Edibles,Kush Co,each,39.00
Runtz #4538,BULK-04538,Vapes,Cloud9 Labs,g,46.00
Zkittlez #4539,BULK-04539,Concentrates,Nebula Extracts,each,53.00
Blue Dream #4540,BULK-04540,Flower,Sungrown Farms,g,60.00
OG Kush #4541,BULK-04541,Pre-Rolls,Kush Co,each,67.00
Sour Diesel #4542,BULK-04542,Edibles,Cloud9 Labs,g,19.00
Gelato #4543,BULK-04543,Vapes,Nebula Extracts,each,26.00
Wedding Cake #4544,BULK-04544,Concentrates,Sungrown Farms,g,33.00
GDP #4545,BULK-04545,Flower,Kush Co,each,40.00
Pineapple Express #4546,BULK-04546,Pre-Rolls,Cloud9 Labs,g,47.00
Northern Lights #4547,BULK-04547,Edibles,Nebula Extracts,each,54.00
Runtz #4548,BULK-04548,Vapes,Sungrown Farms,g,61.00
Zkittlez #4549,BULK-04549,Concentrates,Kush Co,each,68.00
Blue Dream #4550,BULK-04550,Flower,Cloud9 Labs,g,20.00
OG Kush #4551,BULK-04551,Pre-Rolls,Nebula Extracts,each,27.00
Sour Diesel #4552,BULK-04552,Edibles,Sungrown Farms,g,34.00
Gelato #4553,BULK-04553,Vapes,Kush Co,each,41.00
Wedding Cake #4554,BULK-04554,Concentrates,Cloud9 Labs,g,48.00
GDP #4555,BULK-04555,Flower,Nebula Extracts,each,55.00
Pineapple Express #4556,BULK-04556,Pre-Rolls,Sungrown Farms,g,62.00
Northern Lights #4557,BULK-04557,Edibles,Kush Co,each,69.00
Runtz #4558,BULK-04558,Vapes,Cloud9 Labs,g,21.00
Zkittlez #4559,BULK-04559,Concentrates,Nebula Extracts,each,28.00
Blue Dream #4560,BULK-04560,Flower,Sungrown Farms,g,35.00
OG Kush #4561,BULK-04561,Pre-Rolls,Kush Co,each,42.00
Sour Diesel #4562,BULK-04562,Edibles,Cloud9 Labs,g,49.00
Gelato #4563,BULK-04563,Vapes,Nebula Extracts,each,56.00
Wedding Cake #4564,BULK-04564,Concentrates,Sungrown Farms,g,63.00
GDP #4565,BULK-04565,Flower,Kush Co,each,15.00
Pineapple Express #4566,BULK-04566,Pre-Rolls,Cloud9 Labs,g,22.00
Northern Lights #4567,BULK-04567,Edibles,Nebula Extracts,each,29.00
Runtz #4568,BULK-04568,Vapes,Sungrown Farms,g,36.00
Zkittlez #4569,BULK-04569,Concentrates,Kush Co,each,43.00
Blue Dream #4570,BULK-04570,Flower,Cloud9 Labs,g,50.00
OG Kush #4571,BULK-04571,Pre-Rolls,Nebula Extracts,each,57.00
Sour Diesel #4572,BULK-04572,Edibles,Sungrown Farms,g,64.00
Gelato #4573,BULK-04573,Vapes,Kush Co,each,16.00
Wedding Cake #4574,BULK-04574,Concentrates,Cloud9 Labs,g,23.00
GDP #4575,BULK-04575,Flower,Nebula Extracts,each,30.00
Pineapple Express #4576,BULK-04576,Pre-Rolls,Sungrown Farms,g,37.00
Northern Lights #4577,BULK-04577,Edibles,Kush Co,each,44.00
Runtz #4578,BULK-04578,Vapes,Cloud9 Labs,g,51.00
Zkittlez #4579,BULK-04579,Concentrates,Nebula Extracts,each,58.00
Blue Dream #4580,BULK-04580,Flower,Sungrown Farms,g,65.00
OG Kush #4581,BULK-04581,Pre-Rolls,Kush Co,each,17.00
Sour Diesel #4582,BULK-04582,Edibles,Cloud9 Labs,g,24.00
Gelato #4583,BULK-04583,Vapes,Nebula Extracts,each,31.00
Wedding Cake #4584,BULK-04584,Concentrates,Sungrown Farms,g,38.00
GDP #4585,BULK-04585,Flower,Kush Co,each,45.00
Pineapple Express #4586,BULK-04586,Pre-Rolls,Cloud9 Labs,g,52.00
Northern Lights #4587,BULK-04587,Edibles,Nebula Extracts,each,59.00
Runtz #4588,BULK-04588,Vapes,Sungrown Farms,g,66.00
Zkittlez #4589,BULK-04589,Concentrates,Kush Co,each,18.00
Blue Dream #4590,BULK-04590,Flower,Cloud9 Labs,g,25.00
OG Kush #4591,BULK-04591,Pre-Rolls,Nebula Extracts,each,32.00
Sour Diesel #4592,BULK-04592,Edibles,Sungrown Farms,g,39.00
Gelato #4593,BULK-04593,Vapes,Kush Co,each,46.00
Wedding Cake #4594,BULK-04594,Concentrates,Cloud9 Labs,g,53.00
GDP #4595,BULK-04595,Flower,Nebula Extracts,each,60.00
Pineapple Express #4596,BULK-04596,Pre-Rolls,Sungrown Farms,g,67.00
Northern Lights #4597,BULK-04597,Edibles,Kush Co,each,19.00
Runtz #4598,BULK-04598,Vapes,Cloud9 Labs,g,26.00
Zkittlez #4599,BULK-04599,Concentrates,Nebula Extracts,each,33.00
Blue Dream #4600,BULK-04600,Flower,Sungrown Farms,g,40.00
OG Kush #4601,BULK-04601,Pre-Rolls,Kush Co,each,47.00
Sour Diesel #4602,BULK-04602,Edibles,Cloud9 Labs,g,54.00
Gelato #4603,BULK-04603,Vapes,Nebula Extracts,each,61.00
Wedding Cake #4604,BULK-04604,Concentrates,Sungrown Farms,g,68.00
GDP #4605,BULK-04605,Flower,Kush Co,each,20.00
Pineapple Express #4606,BULK-04606,Pre-Rolls,Cloud9 Labs,g,27.00
Northern Lights #4607,BULK-04607,Edibles,Nebula Extracts,each,34.00
Runtz #4608,BULK-04608,Vapes,Sungrown Farms,g,41.00
Zkittlez #4609,BULK-04609,Concentrates,Kush Co,each,48.00
Blue Dream #4610,BULK-04610,Flower,Cloud9 Labs,g,55.00
OG Kush #4611,BULK-04611,Pre-Rolls,Nebula Extracts,each,62.00
Sour Diesel #4612,BULK-04612,Edibles,Sungrown Farms,g,69.00
Gelato #4613,BULK-04613,Vapes,Kush Co,each,21.00
Wedding Cake #4614,BULK-04614,Concentrates,Cloud9 Labs,g,28.00
GDP #4615,BULK-04615,Flower,Nebula Extracts,each,35.00
Pineapple Express #4616,BULK-04616,Pre-Rolls,Sungrown Farms,g,42.00
Northern Lights #4617,BULK-04617,Edibles,Kush Co,each,49.00
Runtz #4618,BULK-04618,Vapes,Cloud9 Labs,g,56.00
Zkittlez #4619,BULK-04619,Concentrates,Nebula Extracts,each,63.00
Blue Dream #4620,BULK-04620,Flower,Sungrown Farms,g,15.00
OG Kush #4621,BULK-04621,Pre-Rolls,Kush Co,each,22.00
Sour Diesel #4622,BULK-04622,Edibles,Cloud9 Labs,g,29.00
Gelato #4623,BULK-04623,Vapes,Nebula Extracts,each,36.00
Wedding Cake #4624,BULK-04624,Concentrates,Sungrown Farms,g,43.00
GDP #4625,BULK-04625,Flower,Kush Co,each,50.00
Pineapple Express #4626,BULK-04626,Pre-Rolls,Cloud9 Labs,g,57.00
Northern Lights #4627,BULK-04627,Edibles,Nebula Extracts,each,64.00
Runtz #4628,BULK-04628,Vapes,Sungrown Farms,g,16.00
Zkittlez #4629,BULK-04629,Concentrates,Kush Co,each,23.00
Blue Dream #4630,BULK-04630,Flower,Cloud9 Labs,g,30.00
OG Kush #4631,BULK-04631,Pre-Rolls,Nebula Extracts,each,37.00
Sour Diesel #4632,BULK-04632,Edibles,Sungrown Farms,g,44.00
Gelato #4633,BULK-04633,Vapes,Kush Co,each,51.00
Wedding Cake #4634,BULK-04634,Concentrates,Cloud9 Labs,g,58.00
GDP #4635,BULK-04635,Flower,Nebula Extracts,each,65.00
Pineapple Express #4636,BULK-04636,Pre-Rolls,Sungrown Farms,g,17.00
Northern Lights #4637,BULK-04637,Edibles,Kush Co,each,24.00
Runtz #4638,BULK-04638,Vapes,Cloud9 Labs,g,31.00
Zkittlez #4639,BULK-04639,Concentrates,Nebula Extracts,each,38.00
Blue Dream #4640,BULK-04640,Flower,Sungrown Farms,g,45.00
OG Kush #4641,BULK-04641,Pre-Rolls,Kush Co,each,52.00
Sour Diesel #4642,BULK-04642,Edibles,Cloud9 Labs,g,59.00
Gelato #4643,BULK-04643,Vapes,Nebula Extracts,each,66.00
Wedding Cake #4644,BULK-04644,Concentrates,Sungrown Farms,g,18.00
GDP #4645,BULK-04645,Flower,Kush Co,each,25.00
Pineapple Express #4646,BULK-04646,Pre-Rolls,Cloud9 Labs,g,32.00
Northern Lights #4647,BULK-04647,Edibles,Nebula Extracts,each,39.00
Runtz #4648,BULK-04648,Vapes,Sungrown Farms,g,46.00
Zkittlez #4649,BULK-04649,Concentrates,Kush Co,each,53.00
Blue Dream #4650,BULK-04650,Flower,Cloud9 Labs,g,60.00
OG Kush #4651,BULK-04651,Pre-Rolls,Nebula Extracts,each,67.00
Sour Diesel #4652,BULK-04652,Edibles,Sungrown Farms,g,19.00
Gelato #4653,BULK-04653,Vapes,Kush Co,each,26.00
Wedding Cake #4654,BULK-04654,Concentrates,Cloud9 Labs,g,33.00
GDP #4655,BULK-04655,Flower,Nebula Extracts,each,40.00
Pineapple Express #4656,BULK-04656,Pre-Rolls,Sungrown Farms,g,47.00
Northern Lights #4657,BULK-04657,Edibles,Kush Co,each,54.00
Runtz #4658,BULK-04658,Vapes,Cloud9 Labs,g,61.00
Zkittlez #4659,BULK-04659,Concentrates,Nebula Extracts,each,68.00
Blue Dream #4660,BULK-04660,Flower,Sungrown Farms,g,20.00
OG Kush #4661,BULK-04661,Pre-Rolls,Kush Co,each,27.00
Sour Diesel #4662,BULK-04662,Edibles,Cloud9 Labs,g,34.00
Gelato #4663,BULK-04663,Vapes,Nebula Extracts,each,41.00
Wedding Cake #4664,BULK-04664,Concentrates,Sungrown Farms,g,48.00
GDP #4665,BULK-04665,Flower,Kush Co,each,55.00
Pineapple Express #4666,BULK-04666,Pre-Rolls,Cloud9 Labs,g,62.00
Northern Lights #4667,BULK-04667,Edibles,Nebula Extracts,each,69.00
Runtz #4668,BULK-04668,Vapes,Sungrown Farms,g,21.00
Zkittlez #4669,BULK-04669,Concentrates,Kush Co,each,28.00
Blue Dream #4670,BULK-04670,Flower,Cloud9 Labs,g,35.00
OG Kush #4671,BULK-04671,Pre-Rolls,Nebula Extracts,each,42.00
Sour Diesel #4672,BULK-04672,Edibles,Sungrown Farms,g,49.00
Gelato #4673,BULK-04673,Vapes,Kush Co,each,56.00
Wedding Cake #4674,BULK-04674,Concentrates,Cloud9 Labs,g,63.00
GDP #4675,BULK-04675,Flower,Nebula Extracts,each,15.00
Pineapple Express #4676,BULK-04676,Pre-Rolls,Sungrown Farms,g,22.00
Northern Lights #4677,BULK-04677,Edibles,Kush Co,each,29.00
Runtz #4678,BULK-04678,Vapes,Cloud9 Labs,g,36.00
Zkittlez #4679,BULK-04679,Concentrates,Nebula Extracts,each,43.00
Blue Dream #4680,BULK-04680,Flower,Sungrown Farms,g,50.00
OG Kush #4681,BULK-04681,Pre-Rolls,Kush Co,each,57.00
Sour Diesel #4682,BULK-04682,Edibles,Cloud9 Labs,g,64.00
Gelato #4683,BULK-04683,Vapes,Nebula Extracts,each,16.00
Wedding Cake #4684,BULK-04684,Concentrates,Sungrown Farms,g,23.00
GDP #4685,BULK-04685,Flower,Kush Co,each,30.00
Pineapple Express #4686,BULK-04686,Pre-Rolls,Cloud9 Labs,g,37.00
Northern Lights #4687,BULK-04687,Edibles,Nebula Extracts,each,44.00
Runtz #4688,BULK-04688,Vapes,Sungrown Farms,g,51.00
Zkittlez #4689,BULK-04689,Concentrates,Kush Co,each,58.00
Blue Dream #4690,BULK-04690,Flower,Cloud9 Labs,g,65.00
OG Kush #4691,BULK-04691,Pre-Rolls,Nebula Extracts,each,17.00
Sour Diesel #4692,BULK-04692,Edibles,Sungrown Farms,g,24.00
Gelato #4693,BULK-04693,Vapes,Kush Co,each,31.00
Wedding Cake #4694,BULK-04694,Concentrates,Cloud9 Labs,g,38.00
GDP #4695,BULK-04695,Flower,Nebula Extracts,each,45.00
Pineapple Express #4696,BULK-04696,Pre-Rolls,Sungrown Farms,g,52.00
Northern Lights #4697,BULK-04697,Edibles,Kush Co,each,59.00
Runtz #4698,BULK-04698,Vapes,Cloud9 Labs,g,66.00
Zkittlez #4699,BULK-04699,Concentrates,Nebula Extracts,each,18.00
Blue Dream #4700,BULK-04700,Flower,Sungrown Farms,g,25.00
OG Kush #4701,BULK-04701,Pre-Rolls,Kush Co,each,32.00
Sour Diesel #4702,BULK-04702,Edibles,Cloud9 Labs,g,39.00
Gelato #4703,BULK-04703,Vapes,Nebula Extracts,each,46.00
Wedding Cake #4704,BULK-04704,Concentrates,Sungrown Farms,g,53.00
GDP #4705,BULK-04705,Flower,Kush Co,each,60.00
Pineapple Express #4706,BULK-04706,Pre-Rolls,Cloud9 Labs,g,67.00
Northern Lights #4707,BULK-04707,Edibles,Nebula Extracts,each,19.00
Runtz #4708,BULK-04708,Vapes,Sungrown Farms,g,26.00
Zkittlez #4709,BULK-04709,Concentrates,Kush Co,each,33.00
Blue Dream #4710,BULK-04710,Flower,Cloud9 Labs,g,40.00
OG Kush #4711,BULK-04711,Pre-Rolls,Nebula Extracts,each,47.00
Sour Diesel #4712,BULK-04712,Edibles,Sungrown Farms,g,54.00
Gelato #4713,BULK-04713,Vapes,Kush Co,each,61.00
Wedding Cake #4714,BULK-04714,Concentrates,Cloud9 Labs,g,68.00
GDP #4715,BULK-04715,Flower,Nebula Extracts,each,20.00
Pineapple Express #4716,BULK-04716,Pre-Rolls,Sungrown Farms,g,27.00
Northern Lights #4717,BULK-04717,Edibles,Kush Co,each,34.00
Runtz #4718,BULK-04718,Vapes,Cloud9 Labs,g,41.00
Zkittlez #4719,BULK-04719,Concentrates,Nebula Extracts,each,48.00
Blue Dream #4720,BULK-04720,Flower,Sungrown Farms,g,55.00
OG Kush #4721,BULK-04721,Pre-Rolls,Kush Co,each,62.00
Sour Diesel #4722,BULK-04722,Edibles,Cloud9 Labs,g,69.00
Gelato #4723,BULK-04723,Vapes,Nebula Extracts,each,21.00
Wedding Cake #4724,BULK-04724,Concentrates,Sungrown Farms,g,28.00
GDP #4725,BULK-04725,Flower,Kush Co,each,35.00
Pineapple Express #4726,BULK-04726,Pre-Rolls,Cloud9 Labs,g,42.00
Northern Lights #4727,BULK-04727,Edibles,Nebula Extracts,each,49.00
Runtz #4728,BULK-04728,Vapes,Sungrown Farms,g,56.00
Zkittlez #4729,BULK-04729,Concentrates,Kush Co,each,63.00
Blue Dream #4730,BULK-04730,Flower,Cloud9 Labs,g,15.00
OG Kush #4731,BULK-04731,Pre-Rolls,Nebula Extracts,each,22.00
Sour Diesel #4732,BULK-04732,Edibles,Sungrown Farms,g,29.00
Gelato #4733,BULK-04733,Vapes,Kush Co,each,36.00
Wedding Cake #4734,BULK-04734,Concentrates,Cloud9 Labs,g,43.00
GDP #4735,BULK-04735,Flower,Nebula Extracts,each,50.00
Pineapple Express #4736,BULK-04736,Pre-Rolls,Sungrown Farms,g,57.00
Northern Lights #4737,BULK-04737,Edibles,Kush Co,each,64.00
Runtz #4738,BULK-04738,Vapes,Cloud9 Labs,g,16.00
Zkittlez #4739,BULK-04739,Concentrates,Nebula Extracts,each,23.00
Blue Dream #4740,BULK-04740,Flower,Sungrown Farms,g,30.00
OG Kush #4741,BULK-04741,Pre-Rolls,Kush Co,each,37.00
Sour Diesel #4742,BULK-04742,Edibles,Cloud9 Labs,g,44.00
Gelato #4743,BULK-04743,Vapes,Nebula Extracts,each,51.00
Wedding Cake #4744,BULK-04744,Concentrates,Sungrown Farms,g,58.00
GDP #4745,BULK-04745,Flower,Kush Co,each,65.00
Pineapple Express #4746,BULK-04746,Pre-Rolls,Cloud9 Labs,g,17.00
Northern Lights #4747,BULK-04747,Edibles,Nebula Extracts,each,24.00
Runtz #4748,BULK-04748,Vapes,Sungrown Farms,g,31.00
Zkittlez #4749,BULK-04749,Concentrates,Kush Co,each,38.00
Blue Dream #4750,BULK-04750,Flower,Cloud9 Labs,g,45.00
OG Kush #4751,BULK-04751,Pre-Rolls,Nebula Extracts,each,52.00
Sour Diesel #4752,BULK-04752,Edibles,Sungrown Farms,g,59.00
Gelato #4753,BULK-04753,Vapes,Kush Co,each,66.00
Wedding Cake #4754,BULK-04754,Concentrates,Cloud9 Labs,g,18.00
GDP #4755,BULK-04755,Flower,Nebula Extracts,each,25.00
Pineapple Express #4756,BULK-04756,Pre-Rolls,Sungrown Farms,g,32.00
Northern Lights #4757,BULK-04757,Edibles,Kush Co,each,39.00
Runtz #4758,BULK-04758,Vapes,Cloud9 Labs,g,46.00
Zkittlez #4759,BULK-04759,Concentrates,Nebula Extracts,each,53.00
Blue Dream #4760,BULK-04760,Flower,Sungrown Farms,g,60.00
OG Kush #4761,BULK-04761,Pre-Rolls,Kush Co,each,67.00
Sour Diesel #4762,BULK-04762,Edibles,Cloud9 Labs,g,19.00
Gelato #4763,BULK-04763,Vapes,Nebula Extracts,each,26.00
Wedding Cake #4764,BULK-04764,Concentrates,Sungrown Farms,g,33.00
GDP #4765,BULK-04765,Flower,Kush Co,each,40.00
Pineapple Express #4766,BULK-04766,Pre-Rolls,Cloud9 Labs,g,47.00
Northern Lights #4767,BULK-04767,Edibles,Nebula Extracts,each,54.00
Runtz #4768,BULK-04768,Vapes,Sungrown Farms,g,61.00
Zkittlez #4769,BULK-04769,Concentrates,Kush Co,each,68.00
Blue Dream #4770,BULK-04770,Flower,Cloud9 Labs,g,20.00
OG Kush #4771,BULK-04771,Pre-Rolls,Nebula Extracts,each,27.00
Sour Diesel #4772,BULK-04772,Edibles,Sungrown Farms,g,34.00
Gelato #4773,BULK-04773,Vapes,Kush Co,each,41.00
Wedding Cake #4774,BULK-04774,Concentrates,Cloud9 Labs,g,48.00
GDP #4775,BULK-04775,Flower,Nebula Extracts,each,55.00
Pineapple Express #4776,BULK-04776,Pre-Rolls,Sungrown Farms,g,62.00
Northern Lights #4777,BULK-04777,Edibles,Kush Co,each,69.00
Runtz #4778,BULK-04778,Vapes,Cloud9 Labs,g,21.00
Zkittlez #4779,BULK-04779,Concentrates,Nebula Extracts,each,28.00
Blue Dream #4780,BULK-04780,Flower,Sungrown Farms,g,35.00
OG Kush #4781,BULK-04781,Pre-Rolls,Kush Co,each,42.00
Sour Diesel #4782,BULK-04782,Edibles,Cloud9 Labs,g,49.00
Gelato #4783,BULK-04783,Vapes,Nebula Extracts,each,56.00
Wedding Cake #4784,BULK-04784,Concentrates,Sungrown Farms,g,63.00
GDP #4785,BULK-04785,Flower,Kush Co,each,15.00
Pineapple Express #4786,BULK-04786,Pre-Rolls,Cloud9 Labs,g,22.00
Northern Lights #4787,BULK-04787,Edibles,Nebula Extracts,each,29.00
Runtz #4788,BULK-04788,Vapes,Sungrown Farms,g,36.00
Zkittlez #4789,BULK-04789,Concentrates,Kush Co,each,43.00
Blue Dream #4790,BULK-04790,Flower,Cloud9 Labs,g,50.00
OG Kush #4791,BULK-04791,Pre-Rolls,Nebula Extracts,each,57.00
Sour Diesel #4792,BULK-04792,Edibles,Sungrown Farms,g,64.00
Gelato #4793,BULK-04793,Vapes,Kush Co,each,16.00
Wedding Cake #4794,BULK-04794,Concentrates,Cloud9 Labs,g,23.00
GDP #4795,BULK-04795,Flower,Nebula Extracts,each,30.00
Pineapple Express #4796,BULK-04796,Pre-Rolls,Sungrown Farms,g,37.00
Northern Lights #4797,BULK-04797,Edibles,Kush Co,each,44.00
Runtz #4798,BULK-04798,Vapes,Cloud9 Labs,g,51.00
Zkittlez #4799,BULK-04799,Concentrates,Nebula Extracts,each,58.00
Blue Dream #4800,BULK-04800,Flower,Sungrown Farms,g,65.00
OG Kush #4801,BULK-04801,Pre-Rolls,Kush Co,each,17.00
Sour Diesel #4802,BULK-04802,Edibles,Cloud9 Labs,g,24.00
Gelato #4803,BULK-04803,Vapes,Nebula Extracts,each,31.00
Wedding Cake #4804,BULK-04804,Concentrates,Sungrown Farms,g,38.00
GDP #4805,BULK-04805,Flower,Kush Co,each,45.00
Pineapple Express #4806,BULK-04806,Pre-Rolls,Cloud9 Labs,g,52.00
Northern Lights #4807,BULK-04807,Edibles,Nebula Extracts,each,59.00
Runtz #4808,BULK-04808,Vapes,Sungrown Farms,g,66.00
Zkittlez #4809,BULK-04809,Concentrates,Kush Co,each,18.00
Blue Dream #4810,BULK-04810,Flower,Cloud9 Labs,g,25.00
OG Kush #4811,BULK-04811,Pre-Rolls,Nebula Extracts,each,32.00
Sour Diesel #4812,BULK-04812,Edibles,Sungrown Farms,g,39.00
Gelato #4813,BULK-04813,Vapes,Kush Co,each,46.00
Wedding Cake #4814,BULK-04814,Concentrates,Cloud9 Labs,g,53.00
GDP #4815,BULK-04815,Flower,Nebula Extracts,each,60.00
Pineapple Express #4816,BULK-04816,Pre-Rolls,Sungrown Farms,g,67.00
Northern Lights #4817,BULK-04817,Edibles,Kush Co,each,19.00
Runtz #4818,BULK-04818,Vapes,Cloud9 Labs,g,26.00
Zkittlez #4819,BULK-04819,Concentrates,Nebula Extracts,each,33.00
Blue Dream #4820,BULK-04820,Flower,Sungrown Farms,g,40.00
OG Kush #4821,BULK-04821,Pre-Rolls,Kush Co,each,47.00
Sour Diesel #4822,BULK-04822,Edibles,Cloud9 Labs,g,54.00
Gelato #4823,BULK-04823,Vapes,Nebula Extracts,each,61.00
Wedding Cake #4824,BULK-04824,Concentrates,Sungrown Farms,g,68.00
GDP #4825,BULK-04825,Flower,Kush Co,each,20.00
Pineapple Express #4826,BULK-04826,Pre-Rolls,Cloud9 Labs,g,27.00
Northern Lights #4827,BULK-04827,Edibles,Nebula Extracts,each,34.00
Runtz #4828,BULK-04828,Vapes,Sungrown Farms,g,41.00
Zkittlez #4829,BULK-04829,Concentrates,Kush Co,each,48.00
Blue Dream #4830,BULK-04830,Flower,Cloud9 Labs,g,55.00
OG Kush #4831,BULK-04831,Pre-Rolls,Nebula Extracts,each,62.00
Sour Diesel #4832,BULK-04832,Edibles,Sungrown Farms,g,69.00
Gelato #4833,BULK-04833,Vapes,Kush Co,each,21.00
Wedding Cake #4834,BULK-04834,Concentrates,Cloud9 Labs,g,28.00
GDP #4835,BULK-04835,Flower,Nebula Extracts,each,35.00
Pineapple Express #4836,BULK-04836,Pre-Rolls,Sungrown Farms,g,42.00
Northern Lights #4837,BULK-04837,Edibles,Kush Co,each,49.00
Runtz #4838,BULK-04838,Vapes,Cloud9 Labs,g,56.00
Zkittlez #4839,BULK-04839,Concentrates,Nebula Extracts,each,63.00
Blue Dream #4840,BULK-04840,Flower,Sungrown Farms,g,15.00
OG Kush #4841,BULK-04841,Pre-Rolls,Kush Co,each,22.00
Sour Diesel #4842,BULK-04842,Edibles,Cloud9 Labs,g,29.00
Gelato #4843,BULK-04843,Vapes,Nebula Extracts,each,36.00
Wedding Cake #4844,BULK-04844,Concentrates,Sungrown Farms,g,43.00
GDP #4845,BULK-04845,Flower,Kush Co,each,50.00
Pineapple Express #4846,BULK-04846,Pre-Rolls,Cloud9 Labs,g,57.00
Northern Lights #4847,BULK-04847,Edibles,Nebula Extracts,each,64.00
Runtz #4848,BULK-04848,Vapes,Sungrown Farms,g,16.00
Zkittlez #4849,BULK-04849,Concentrates,Kush Co,each,23.00
Blue Dream #4850,BULK-04850,Flower,Cloud9 Labs,g,30.00
OG Kush #4851,BULK-04851,Pre-Rolls,Nebula Extracts,each,37.00
Sour Diesel #4852,BULK-04852,Edibles,Sungrown Farms,g,44.00
Gelato #4853,BULK-04853,Vapes,Kush Co,each,51.00
Wedding Cake #4854,BULK-04854,Concentrates,Cloud9 Labs,g,58.00
GDP #4855,BULK-04855,Flower,Nebula Extracts,each,65.00
Pineapple Express #4856,BULK-04856,Pre-Rolls,Sungrown Farms,g,17.00
Northern Lights #4857,BULK-04857,Edibles,Kush Co,each,24.00
Runtz #4858,BULK-04858,Vapes,Cloud9 Labs,g,31.00
Zkittlez #4859,BULK-04859,Concentrates,Nebula Extracts,each,38.00
Blue Dream #4860,BULK-04860,Flower,Sungrown Farms,g,45.00
OG Kush #4861,BULK-04861,Pre-Rolls,Kush Co,each,52.00
Sour Diesel #4862,BULK-04862,Edibles,Cloud9 Labs,g,59.00
Gelato #4863,BULK-04863,Vapes,Nebula Extracts,each,66.00
Wedding Cake #4864,BULK-04864,Concentrates,Sungrown Farms,g,18.00
GDP #4865,BULK-04865,Flower,Kush Co,each,25.00
Pineapple Express #4866,BULK-04866,Pre-Rolls,Cloud9 Labs,g,32.00
Northern Lights #4867,BULK-04867,Edibles,Nebula Extracts,each,39.00
Runtz #4868,BULK-04868,Vapes,Sungrown Farms,g,46.00
Zkittlez #4869,BULK-04869,Concentrates,Kush Co,each,53.00
Blue Dream #4870,BULK-04870,Flower,Cloud9 Labs,g,60.00
OG Kush #4871,BULK-04871,Pre-Rolls,Nebula Extracts,each,67.00
Sour Diesel #4872,BULK-04872,Edibles,Sungrown Farms,g,19.00
Gelato #4873,BULK-04873,Vapes,Kush Co,each,26.00
Wedding Cake #4874,BULK-04874,Concentrates,Cloud9 Labs,g,33.00
GDP #4875,BULK-04875,Flower,Nebula Extracts,each,40.00
Pineapple Express #4876,BULK-04876,Pre-Rolls,Sungrown Farms,g,47.00
Northern Lights #4877,BULK-04877,Edibles,Kush Co,each,54.00
Runtz #4878,BULK-04878,Vapes,Cloud9 Labs,g,61.00
Zkittlez #4879,BULK-04879,Concentrates,Nebula Extracts,each,68.00
Blue Dream #4880,BULK-04880,Flower,Sungrown Farms,g,20.00
OG Kush #4881,BULK-04881,Pre-Rolls,Kush Co,each,27.00
Sour Diesel #4882,BULK-04882,Edibles,Cloud9 Labs,g,34.00
Gelato #4883,BULK-04883,Vapes,Nebula Extracts,each,41.00
Wedding Cake #4884,BULK-04884,Concentrates,Sungrown Farms,g,48.00
GDP #4885,BULK-04885,Flower,Kush Co,each,55.00
Pineapple Express #4886,BULK-04886,Pre-Rolls,Cloud9 Labs,g,62.00
Northern Lights #4887,BULK-04887,Edibles,Nebula Extracts,each,69.00
Runtz #4888,BULK-04888,Vapes,Sungrown Farms,g,21.00
Zkittlez #4889,BULK-04889,Concentrates,Kush Co,each,28.00
Blue Dream #4890,BULK-04890,Flower,Cloud9 Labs,g,35.00
OG Kush #4891,BULK-04891,Pre-Rolls,Nebula Extracts,each,42.00
Sour Diesel #4892,BULK-04892,Edibles,Sungrown Farms,g,49.00
Gelato #4893,BULK-04893,Vapes,Kush Co,each,56.00
Wedding Cake #4894,BULK-04894,Concentrates,Cloud9 Labs,g,63.00
GDP #4895,BULK-04895,Flower,Nebula Extracts,each,15.00
Pineapple Express #4896,BULK-04896,Pre-Rolls,Sungrown Farms,g,22.00
Northern Lights #4897,BULK-04897,Edibles,Kush Co,each,29.00
Runtz #4898,BULK-04898,Vapes,Cloud9 Labs,g,36.00
Zkittlez #4899,BULK-04899,Concentrates,Nebula Extracts,each,43.00
Blue Dream #4900,BULK-04900,Flower,Sungrown Farms,g,50.00
OG Kush #4901,BULK-04901,Pre-Rolls,Kush Co,each,57.00
Sour Diesel #4902,BULK-04902,Edibles,Cloud9 Labs,g,64.00
Gelato #4903,BULK-04903,Vapes,Nebula Extracts,each,16.00
Wedding Cake #4904,BULK-04904,Concentrates,Sungrown Farms,g,23.00
GDP #4905,BULK-04905,Flower,Kush Co,each,30.00
Pineapple Express #4906,BULK-04906,Pre-Rolls,Cloud9 Labs,g,37.00
Northern Lights #4907,BULK-04907,Edibles,Nebula Extracts,each,44.00
Runtz #4908,BULK-04908,Vapes,Sungrown Farms,g,51.00
Zkittlez #4909,BULK-04909,Concentrates,Kush Co,each,58.00
Blue Dream #4910,BULK-04910,Flower,Cloud9 Labs,g,65.00
OG Kush #4911,BULK-04911,Pre-Rolls,Nebula Extracts,each,17.00
Sour Diesel #4912,BULK-04912,Edibles,Sungrown Farms,g,24.00
Gelato #4913,BULK-04913,Vapes,Kush Co,each,31.00
Wedding Cake #4914,BULK-04914,Concentrates,Cloud9 Labs,g,38.00
GDP #4915,BULK-04915,Flower,Nebula Extracts,each,45.00
Pineapple Express #4916,BULK-04916,Pre-Rolls,Sungrown Farms,g,52.00
Northern Lights #4917,BULK-04917,Edibles,Kush Co,each,59.00
Runtz #4918,BULK-04918,Vapes,Cloud9 Labs,g,66.00
Zkittlez #4919,BULK-04919,Concentrates,Nebula Extracts,each,18.00
Blue Dream #4920,BULK-04920,Flower,Sungrown Farms,g,25.00
OG Kush #4921,BULK-04921,Pre-Rolls,Kush Co,each,32.00
Sour Diesel #4922,BULK-04922,Edibles,Cloud9 Labs,g,39.00
Gelato #4923,BULK-04923,Vapes,Nebula Extracts,each,46.00
Wedding Cake #4924,BULK-04924,Concentrates,Sungrown Farms,g,53.00
GDP #4925,BULK-04925,Flower,Kush Co,each,60.00
Pineapple Express #4926,BULK-04926,Pre-Rolls,Cloud9 Labs,g,67.00
Northern Lights #4927,BULK-04927,Edibles,Nebula Extracts,each,19.00
Runtz #4928,BULK-04928,Vapes,Sungrown Farms,g,26.00
Zkittlez #4929,BULK-04929,Concentrates,Kush Co,each,33.00
Blue Dream #4930,BULK-04930,Flower,Cloud9 Labs,g,40.00
OG Kush #4931,BULK-04931,Pre-Rolls,Nebula Extracts,each,47.00
Sour Diesel #4932,BULK-04932,Edibles,Sungrown Farms,g,54.00
Gelato #4933,BULK-04933,Vapes,Kush Co,each,61.00
Wedding Cake #4934,BULK-04934,Concentrates,Cloud9 Labs,g,68.00
GDP #4935,BULK-04935,Flower,Nebula Extracts,each,20.00
Pineapple Express #4936,BULK-04936,Pre-Rolls,Sungrown Farms,g,27.00
Northern Lights #4937,BULK-04937,Edibles,Kush Co,each,34.00
Runtz #4938,BULK-04938,Vapes,Cloud9 Labs,g,41.00
Zkittlez #4939,BULK-04939,Concentrates,Nebula Extracts,each,48.00
Blue Dream #4940,BULK-04940,Flower,Sungrown Farms,g,55.00
OG Kush #4941,BULK-04941,Pre-Rolls,Kush Co,each,62.00
Sour Diesel #4942,BULK-04942,Edibles,Cloud9 Labs,g,69.00
Gelato #4943,BULK-04943,Vapes,Nebula Extracts,each,21.00
Wedding Cake #4944,BULK-04944,Concentrates,Sungrown Farms,g,28.00
GDP #4945,BULK-04945,Flower,Kush Co,each,35.00
Pineapple Express #4946,BULK-04946,Pre-Rolls,Cloud9 Labs,g,42.00
Northern Lights #4947,BULK-04947,Edibles,Nebula Extracts,each,49.00
Runtz #4948,BULK-04948,Vapes,Sungrown Farms,g,56.00
Zkittlez #4949,BULK-04949,Concentrates,Kush Co,each,63.00
Blue Dream #4950,BULK-04950,Flower,Cloud9 Labs,g,15.00
OG Kush #4951,BULK-04951,Pre-Rolls,Nebula Extracts,each,22.00
Sour Diesel #4952,BULK-04952,Edibles,Sungrown Farms,g,29.00
Gelato #4953,BULK-04953,Vapes,Kush Co,each,36.00
Wedding Cake #4954,BULK-04954,Concentrates,Cloud9 Labs,g,43.00
GDP #4955,BULK-04955,Flower,Nebula Extracts,each,50.00
Pineapple Express #4956,BULK-04956,Pre-Rolls,Sungrown Farms,g,57.00
Northern Lights #4957,BULK-04957,Edibles,Kush Co,each,64.00
Runtz #4958,BULK-04958,Vapes,Cloud9 Labs,g,16.00
Zkittlez #4959,BULK-04959,Concentrates,Nebula Extracts,each,23.00
Blue Dream #4960,BULK-04960,Flower,Sungrown Farms,g,30.00
OG Kush #4961,BULK-04961,Pre-Rolls,Kush Co,each,37.00
Sour Diesel #4962,BULK-04962,Edibles,Cloud9 Labs,g,44.00
Gelato #4963,BULK-04963,Vapes,Nebula Extracts,each,51.00
Wedding Cake #4964,BULK-04964,Concentrates,Sungrown Farms,g,58.00
GDP #4965,BULK-04965,Flower,Kush Co,each,65.00
Pineapple Express #4966,BULK-04966,Pre-Rolls,Cloud9 Labs,g,17.00
Northern Lights #4967,BULK-04967,Edibles,Nebula Extracts,each,24.00
Runtz #4968,BULK-04968,Vapes,Sungrown Farms,g,31.00
Zkittlez #4969,BULK-04969,Concentrates,Kush Co,each,38.00
Blue Dream #4970,BULK-04970,Flower,Cloud9 Labs,g,45.00
OG Kush #4971,BULK-04971,Pre-Rolls,Nebula Extracts,each,52.00
Sour Diesel #4972,BULK-04972,Edibles,Sungrown Farms,g,59.00
Gelato #4973,BULK-04973,Vapes,Kush Co,each,66.00
Wedding Cake #4974,BULK-04974,Concentrates,Cloud9 Labs,g,18.00
GDP #4975,BULK-04975,Flower,Nebula Extracts,each,25.00
Pineapple Express #4976,BULK-04976,Pre-Rolls,Sungrown Farms,g,32.00
Northern Lights #4977,BULK-04977,Edibles,Kush Co,each,39.00
Runtz #4978,BULK-04978,Vapes,Cloud9 Labs,g,46.00
Zkittlez #4979,BULK-04979,Concentrates,Nebula Extracts,each,53.00
Blue Dream #4980,BULK-04980,Flower,Sungrown Farms,g,60.00
OG Kush #4981,BULK-04981,Pre-Rolls,Kush Co,each,67.00
Sour Diesel #4982,BULK-04982,Edibles,Cloud9 Labs,g,19.00
Gelato #4983,BULK-04983,Vapes,Nebula Extracts,each,26.00
Wedding Cake #4984,BULK-04984,Concentrates,Sungrown Farms,g,33.00
GDP #4985,BULK-04985,Flower,Kush Co,each,40.00
Pineapple Express #4986,BULK-04986,Pre-Rolls,Cloud9 Labs,g,47.00
Northern Lights #4987,BULK-04987,Edibles,Nebula Extracts,each,54.00
Runtz #4988,BULK-04988,Vapes,Sungrown Farms,g,61.00
Zkittlez #4989,BULK-04989,Concentrates,Kush Co,each,68.00
Blue Dream #4990,BULK-04990,Flower,Cloud9 Labs,g,20.00
OG Kush #4991,BULK-04991,Pre-Rolls,Nebula Extracts,each,27.00
Sour Diesel #4992,BULK-04992,Edibles,Sungrown Farms,g,34.00
Gelato #4993,BULK-04993,Vapes,Kush Co,each,41.00
Wedding Cake #4994,BULK-04994,Concentrates,Cloud9 Labs,g,48.00
GDP #4995,BULK-04995,Flower,Nebula Extracts,each,55.00
Pineapple Express #4996,BULK-04996,Pre-Rolls,Sungrown Farms,g,62.00
Northern Lights #4997,BULK-04997,Edibles,Kush Co,each,69.00
Runtz #4998,BULK-04998,Vapes,Cloud9 Labs,g,21.00
Zkittlez #4999,BULK-04999,Concentrates,Nebula Extracts,each,28.00
Blue Dream #5000,BULK-05000,Flower,Sungrown Farms,g,35.00
OG Kush #5001,BULK-05001,Pre-Rolls,Kush Co,each,42.00
Sour Diesel #5002,BULK-05002,Edibles,Cloud9 Labs,g,49.00
Gelato #5003,BULK-05003,Vapes,Nebula Extracts,each,56.00
Wedding Cake #5004,BULK-05004,Concentrates,Sungrown Farms,g,63.00
GDP #5005,BULK-05005,Flower,Kush Co,each,15.00
Pineapple Express #5006,BULK-05006,Pre-Rolls,Cloud9 Labs,g,22.00
Northern Lights #5007,BULK-05007,Edibles,Nebula Extracts,each,29.00
Runtz #5008,BULK-05008,Vapes,Sungrown Farms,g,36.00
Zkittlez #5009,BULK-05009,Concentrates,Kush Co,each,43.00
Blue Dream #5010,BULK-05010,Flower,Cloud9 Labs,g,50.00
OG Kush #5011,BULK-05011,Pre-Rolls,Nebula Extracts,each,57.00
Sour Diesel #5012,BULK-05012,Edibles,Sungrown Farms,g,64.00
Gelato #5013,BULK-05013,Vapes,Kush Co,each,16.00
Wedding Cake #5014,BULK-05014,Concentrates,Cloud9 Labs,g,23.00
GDP #5015,BULK-05015,Flower,Nebula Extracts,each,30.00
Pineapple Express #5016,BULK-05016,Pre-Rolls,Sungrown Farms,g,37.00
Northern Lights #5017,BULK-05017,Edibles,Kush Co,each,44.00
Runtz #5018,BULK-05018,Vapes,Cloud9 Labs,g,51.00
Zkittlez #5019,BULK-05019,Concentrates,Nebula Extracts,each,58.00
Blue Dream #5020,BULK-05020,Flower,Sungrown Farms,g,65.00
OG Kush #5021,BULK-05021,Pre-Rolls,Kush Co,each,17.00
Sour Diesel #5022,BULK-05022,Edibles,Cloud9 Labs,g,24.00
Gelato #5023,BULK-05023,Vapes,Nebula Extracts,each,31.00
Wedding Cake #5024,BULK-05024,Concentrates,Sungrown Farms,g,38.00
GDP #5025,BULK-05025,Flower,Kush Co,each,45.00
Pineapple Express #5026,BULK-05026,Pre-Rolls,Cloud9 Labs,g,52.00
Northern Lights #5027,BULK-05027,Edibles,Nebula Extracts,each,59.00
Runtz #5028,BULK-05028,Vapes,Sungrown Farms,g,66.00
Zkittlez #5029,BULK-05029,Concentrates,Kush Co,each,18.00
Blue Dream #5030,BULK-05030,Flower,Cloud9 Labs,g,25.00
OG Kush #5031,BULK-05031,Pre-Rolls,Nebula Extracts,each,32.00
Sour Diesel #5032,BULK-05032,Edibles,Sungrown Farms,g,39.00
Gelato #5033,BULK-05033,Vapes,Kush Co,each,46.00
Wedding Cake #5034,BULK-05034,Concentrates,Cloud9 Labs,g,53.00
GDP #5035,BULK-05035,Flower,Nebula Extracts,each,60.00
Pineapple Express #5036,BULK-05036,Pre-Rolls,Sungrown Farms,g,67.00
Northern Lights #5037,BULK-05037,Edibles,Kush Co,each,19.00
Runtz #5038,BULK-05038,Vapes,Cloud9 Labs,g,26.00
Zkittlez #5039,BULK-05039,Concentrates,Nebula Extracts,each,33.00
Blue Dream #5040,BULK-05040,Flower,Sungrown Farms,g,40.00
OG Kush #5041,BULK-05041,Pre-Rolls,Kush Co,each,47.00
Sour Diesel #5042,BULK-05042,Edibles,Cloud9 Labs,g,54.00
Gelato #5043,BULK-05043,Vapes,Nebula Extracts,each,61.00
Wedding Cake #5044,BULK-05044,Concentrates,Sungrown Farms,g,68.00
GDP #5045,BULK-05045,Flower,Kush Co,each,20.00
Pineapple Express #5046,BULK-05046,Pre-Rolls,Cloud9 Labs,g,27.00
Northern Lights #5047,BULK-05047,Edibles,Nebula Extracts,each,34.00
Runtz #5048,BULK-05048,Vapes,Sungrown Farms,g,41.00
Zkittlez #5049,BULK-05049,Concentrates,Kush Co,each,48.00
Blue Dream #5050,BULK-05050,Flower,Cloud9 Labs,g,55.00
OG Kush #5051,BULK-05051,Pre-Rolls,Nebula Extracts,each,62.00
Sour Diesel #5052,BULK-05052,Edibles,Sungrown Farms,g,69.00
Gelato #5053,BULK-05053,Vapes,Kush Co,each,21.00
Wedding Cake #5054,BULK-05054,Concentrates,Cloud9 Labs,g,28.00
GDP #5055,BULK-05055,Flower,Nebula Extracts,each,35.00
Pineapple Express #5056,BULK-05056,Pre-Rolls,Sungrown Farms,g,42.00
Northern Lights #5057,BULK-05057,Edibles,Kush Co,each,49.00
Runtz #5058,BULK-05058,Vapes,Cloud9 Labs,g,56.00
Zkittlez #5059,BULK-05059,Concentrates,Nebula Extracts,each,63.00
Blue Dream #5060,BULK-05060,Flower,Sungrown Farms,g,15.00
OG Kush #5061,BULK-05061,Pre-Rolls,Kush Co,each,22.00
Sour Diesel #5062,BULK-05062,Edibles,Cloud9 Labs,g,29.00
Gelato #5063,BULK-05063,Vapes,Nebula Extracts,each,36.00
Wedding Cake #5064,BULK-05064,Concentrates,Sungrown Farms,g,43.00
GDP #5065,BULK-05065,Flower,Kush Co,each,50.00
Pineapple Express #5066,BULK-05066,Pre-Rolls,Cloud9 Labs,g,57.00
Northern Lights #5067,BULK-05067,Edibles,Nebula Extracts,each,64.00
Runtz #5068,BULK-05068,Vapes,Sungrown Farms,g,16.00
Zkittlez #5069,BULK-05069,Concentrates,Kush Co,each,23.00
Blue Dream #5070,BULK-05070,Flower,Cloud9 Labs,g,30.00
OG Kush #5071,BULK-05071,Pre-Rolls,Nebula Extracts,each,37.00
Sour Diesel #5072,BULK-05072,Edibles,Sungrown Farms,g,44.00
Gelato #5073,BULK-05073,Vapes,Kush Co,each,51.00
Wedding Cake #5074,BULK-05074,Concentrates,Cloud9 Labs,g,58.00
GDP #5075,BULK-05075,Flower,Nebula Extracts,each,65.00
Pineapple Express #5076,BULK-05076,Pre-Rolls,Sungrown Farms,g,17.00
Northern Lights #5077,BULK-05077,Edibles,Kush Co,each,24.00
Runtz #5078,BULK-05078,Vapes,Cloud9 Labs,g,31.00
Zkittlez #5079,BULK-05079,Concentrates,Nebula Extracts,each,38.00
Blue Dream #5080,BULK-05080,Flower,Sungrown Farms,g,45.00
OG Kush #5081,BULK-05081,Pre-Rolls,Kush Co,each,52.00
Sour Diesel #5082,BULK-05082,Edibles,Cloud9 Labs,g,59.00
Gelato #5083,BULK-05083,Vapes,Nebula Extracts,each,66.00
Wedding Cake #5084,BULK-05084,Concentrates,Sungrown Farms,g,18.00
GDP #5085,BULK-05085,Flower,Kush Co,each,25.00
Pineapple Express #5086,BULK-05086,Pre-Rolls,Cloud9 Labs,g,32.00
Northern Lights #5087,BULK-05087,Edibles,Nebula Extracts,each,39.00
Runtz #5088,BULK-05088,Vapes,Sungrown Farms,g,46.00
Zkittlez #5089,BULK-05089,Concentrates,Kush Co,each,53.00
Blue Dream #5090,BULK-05090,Flower,Cloud9 Labs,g,60.00
OG Kush #5091,BULK-05091,Pre-Rolls,Nebula Extracts,each,67.00
Sour Diesel #5092,BULK-05092,Edibles,Sungrown Farms,g,19.00
Gelato #5093,BULK-05093,Vapes,Kush Co,each,26.00
Wedding Cake #5094,BULK-05094,Concentrates,Cloud9 Labs,g,33.00
GDP #5095,BULK-05095,Flower,Nebula Extracts,each,40.00
Pineapple Express #5096,BULK-05096,Pre-Rolls,Sungrown Farms,g,47.00
Northern Lights #5097,BULK-05097,Edibles,Kush Co,each,54.00
Runtz #5098,BULK-05098,Vapes,Cloud9 Labs,g,61.00
Zkittlez #5099,BULK-05099,Concentrates,Nebula Extracts,each,68.00
Blue Dream #5100,BULK-05100,Flower,Sungrown Farms,g,20.00
OG Kush #5101,BULK-05101,Pre-Rolls,Kush Co,each,27.00
Sour Diesel #5102,BULK-05102,Edibles,Cloud9 Labs,g,34.00
Gelato #5103,BULK-05103,Vapes,Nebula Extracts,each,41.00
Wedding Cake #5104,BULK-05104,Concentrates,Sungrown Farms,g,48.00
GDP #5105,BULK-05105,Flower,Kush Co,each,55.00
Pineapple Express #5106,BULK-05106,Pre-Rolls,Cloud9 Labs,g,62.00
Northern Lights #5107,BULK-05107,Edibles,Nebula Extracts,each,69.00
Runtz #5108,BULK-05108,Vapes,Sungrown Farms,g,21.00
Zkittlez #5109,BULK-05109,Concentrates,Kush Co,each,28.00
Blue Dream #5110,BULK-05110,Flower,Cloud9 Labs,g,35.00
OG Kush #5111,BULK-05111,Pre-Rolls,Nebula Extracts,each,42.00
Sour Diesel #5112,BULK-05112,Edibles,Sungrown Farms,g,49.00
Gelato #5113,BULK-05113,Vapes,Kush Co,each,56.00
Wedding Cake #5114,BULK-05114,Concentrates,Cloud9 Labs,g,63.00
GDP #5115,BULK-05115,Flower,Nebula Extracts,each,15.00
Pineapple Express #5116,BULK-05116,Pre-Rolls,Sungrown Farms,g,22.00
Northern Lights #5117,BULK-05117,Edibles,Kush Co,each,29.00
Runtz #5118,BULK-05118,Vapes,Cloud9 Labs,g,36.00
Zkittlez #5119,BULK-05119,Concentrates,Nebula Extracts,each,43.00
Blue Dream #5120,BULK-05120,Flower,Sungrown Farms,g,50.00
OG Kush #5121,BULK-05121,Pre-Rolls,Kush Co,each,57.00
Sour Diesel #5122,BULK-05122,Edibles,Cloud9 Labs,g,64.00
Gelato #5123,BULK-05123,Vapes,Nebula Extracts,each,16.00
Wedding Cake #5124,BULK-05124,Concentrates,Sungrown Farms,g,23.00
GDP #5125,BULK-05125,Flower,Kush Co,each,30.00
Pineapple Express #5126,BULK-05126,Pre-Rolls,Cloud9 Labs,g,37.00
Northern Lights #5127,BULK-05127,Edibles,Nebula Extracts,each,44.00
Runtz #5128,BULK-05128,Vapes,Sungrown Farms,g,51.00
Zkittlez #5129,BULK-05129,Concentrates,Kush Co,each,58.00
Blue Dream #5130,BULK-05130,Flower,Cloud9 Labs,g,65.00
OG Kush #5131,BULK-05131,Pre-Rolls,Nebula Extracts,each,17.00
Sour Diesel #5132,BULK-05132,Edibles,Sungrown Farms,g,24.00
Gelato #5133,BULK-05133,Vapes,Kush Co,each,31.00
Wedding Cake #5134,BULK-05134,Concentrates,Cloud9 Labs,g,38.00
GDP #5135,BULK-05135,Flower,Nebula Extracts,each,45.00
Pineapple Express #5136,BULK-05136,Pre-Rolls,Sungrown Farms,g,52.00
Northern Lights #5137,BULK-05137,Edibles,Kush Co,each,59.00
Runtz #5138,BULK-05138,Vapes,Cloud9 Labs,g,66.00
Zkittlez #5139,BULK-05139,Concentrates,Nebula Extracts,each,18.00
Blue Dream #5140,BULK-05140,Flower,Sungrown Farms,g,25.00
OG Kush #5141,BULK-05141,Pre-Rolls,Kush Co,each,32.00
Sour Diesel #5142,BULK-05142,Edibles,Cloud9 Labs,g,39.00
Gelato #5143,BULK-05143,Vapes,Nebula Extracts,each,46.00
Wedding Cake #5144,BULK-05144,Concentrates,Sungrown Farms,g,53.00
GDP #5145,BULK-05145,Flower,Kush Co,each,60.00
Pineapple Express #5146,BULK-05146,Pre-Rolls,Cloud9 Labs,g,67.00
Northern Lights #5147,BULK-05147,Edibles,Nebula Extracts,each,19.00
Runtz #5148,BULK-05148,Vapes,Sungrown Farms,g,26.00
Zkittlez #5149,BULK-05149,Concentrates,Kush Co,each,33.00
Blue Dream #5150,BULK-05150,Flower,Cloud9 Labs,g,40.00
OG Kush #5151,BULK-05151,Pre-Rolls,Nebula Extracts,each,47.00
Sour Diesel #5152,BULK-05152,Edibles,Sungrown Farms,g,54.00
Gelato #5153,BULK-05153,Vapes,Kush Co,each,61.00
Wedding Cake #5154,BULK-05154,Concentrates,Cloud9 Labs,g,68.00
GDP #5155,BULK-05155,Flower,Nebula Extracts,each,20.00
Pineapple Express #5156,BULK-05156,Pre-Rolls,Sungrown Farms,g,27.00
Northern Lights #5157,BULK-05157,Edibles,Kush Co,each,34.00
Runtz #5158,BULK-05158,Vapes,Cloud9 Labs,g,41.00
Zkittlez #5159,BULK-05159,Concentrates,Nebula Extracts,each,48.00
Blue Dream #5160,BULK-05160,Flower,Sungrown Farms,g,55.00
OG Kush #5161,BULK-05161,Pre-Rolls,Kush Co,each,62.00
Sour Diesel #5162,BULK-05162,Edibles,Cloud9 Labs,g,69.00
Gelato #5163,BULK-05163,Vapes,Nebula Extracts,each,21.00
Wedding Cake #5164,BULK-05164,Concentrates,Sungrown Farms,g,28.00
GDP #5165,BULK-05165,Flower,Kush Co,each,35.00
Pineapple Express #5166,BULK-05166,Pre-Rolls,Cloud9 Labs,g,42.00
Northern Lights #5167,BULK-05167,Edibles,Nebula Extracts,each,49.00
Runtz #5168,BULK-05168,Vapes,Sungrown Farms,g,56.00
Zkittlez #5169,BULK-05169,Concentrates,Kush Co,each,63.00
Blue Dream #5170,BULK-05170,Flower,Cloud9 Labs,g,15.00
OG Kush #5171,BULK-05171,Pre-Rolls,Nebula Extracts,each,22.00
Sour Diesel #5172,BULK-05172,Edibles,Sungrown Farms,g,29.00
Gelato #5173,BULK-05173,Vapes,Kush Co,each,36.00
Wedding Cake #5174,BULK-05174,Concentrates,Cloud9 Labs,g,43.00
GDP #5175,BULK-05175,Flower,Nebula Extracts,each,50.00
Pineapple Express #5176,BULK-05176,Pre-Rolls,Sungrown Farms,g,57.00
Northern Lights #5177,BULK-05177,Edibles,Kush Co,each,64.00
Runtz #5178,BULK-05178,Vapes,Cloud9 Labs,g,16.00
Zkittlez #5179,BULK-05179,Concentrates,Nebula Extracts,each,23.00
Blue Dream #5180,BULK-05180,Flower,Sungrown Farms,g,30.00
OG Kush #5181,BULK-05181,Pre-Rolls,Kush Co,each,37.00
Sour Diesel #5182,BULK-05182,Edibles,Cloud9 Labs,g,44.00
Gelato #5183,BULK-05183,Vapes,Nebula Extracts,each,51.00
Wedding Cake #5184,BULK-05184,Concentrates,Sungrown Farms,g,58.00
GDP #5185,BULK-05185,Flower,Kush Co,each,65.00
Pineapple Express #5186,BULK-05186,Pre-Rolls,Cloud9 Labs,g,17.00
Northern Lights #5187,BULK-05187,Edibles,Nebula Extracts,each,24.00
Runtz #5188,BULK-05188,Vapes,Sungrown Farms,g,31.00
Zkittlez #5189,BULK-05189,Concentrates,Kush Co,each,38.00
Blue Dream #5190,BULK-05190,Flower,Cloud9 Labs,g,45.00
OG Kush #5191,BULK-05191,Pre-Rolls,Nebula Extracts,each,52.00
Sour Diesel #5192,BULK-05192,Edibles,Sungrown Farms,g,59.00
Gelato #5193,BULK-05193,Vapes,Kush Co,each,66.00
Wedding Cake #5194,BULK-05194,Concentrates,Cloud9 Labs,g,18.00
GDP #5195,BULK-05195,Flower,Nebula Extracts,each,25.00
Pineapple Express #5196,BULK-05196,Pre-Rolls,Sungrown Farms,g,32.00
Northern Lights #5197,BULK-05197,Edibles,Kush Co,each,39.00
Runtz #5198,BULK-05198,Vapes,Cloud9 Labs,g,46.00
Zkittlez #5199,BULK-05199,Concentrates,Nebula Extracts,each,53.00
Blue Dream #5200,BULK-05200,Flower,Sungrown Farms,g,60.00
OG Kush #5201,BULK-05201,Pre-Rolls,Kush Co,each,67.00
Sour Diesel #5202,BULK-05202,Edibles,Cloud9 Labs,g,19.00
Gelato #5203,BULK-05203,Vapes,Nebula Extracts,each,26.00
Wedding Cake #5204,BULK-05204,Concentrates,Sungrown Farms,g,33.00
GDP #5205,BULK-05205,Flower,Kush Co,each,40.00
Pineapple Express #5206,BULK-05206,Pre-Rolls,Cloud9 Labs,g,47.00
Northern Lights #5207,BULK-05207,Edibles,Nebula Extracts,each,54.00
Runtz #5208,BULK-05208,Vapes,Sungrown Farms,g,61.00
Zkittlez #5209,BULK-05209,Concentrates,Kush Co,each,68.00
Blue Dream #5210,BULK-05210,Flower,Cloud9 Labs,g,20.00
OG Kush #5211,BULK-05211,Pre-Rolls,Nebula Extracts,each,27.00
Sour Diesel #5212,BULK-05212,Edibles,Sungrown Farms,g,34.00
Gelato #5213,BULK-05213,Vapes,Kush Co,each,41.00
Wedding Cake #5214,BULK-05214,Concentrates,Cloud9 Labs,g,48.00
GDP #5215,BULK-05215,Flower,Nebula Extracts,each,55.00
Pineapple Express #5216,BULK-05216,Pre-Rolls,Sungrown Farms,g,62.00
Northern Lights #5217,BULK-05217,Edibles,Kush Co,each,69.00
Runtz #5218,BULK-05218,Vapes,Cloud9 Labs,g,21.00
Zkittlez #5219,BULK-05219,Concentrates,Nebula Extracts,each,28.00
Blue Dream #5220,BULK-05220,Flower,Sungrown Farms,g,35.00
OG Kush #5221,BULK-05221,Pre-Rolls,Kush Co,each,42.00
Sour Diesel #5222,BULK-05222,Edibles,Cloud9 Labs,g,49.00
Gelato #5223,BULK-05223,Vapes,Nebula Extracts,each,56.00
Wedding Cake #5224,BULK-05224,Concentrates,Sungrown Farms,g,63.00
GDP #5225,BULK-05225,Flower,Kush Co,each,15.00
Pineapple Express #5226,BULK-05226,Pre-Rolls,Cloud9 Labs,g,22.00
Northern Lights #5227,BULK-05227,Edibles,Nebula Extracts,each,29.00
Runtz #5228,BULK-05228,Vapes,Sungrown Farms,g,36.00
Zkittlez #5229,BULK-05229,Concentrates,Kush Co,each,43.00
Blue Dream #5230,BULK-05230,Flower,Cloud9 Labs,g,50.00
OG Kush #5231,BULK-05231,Pre-Rolls,Nebula Extracts,each,57.00
Sour Diesel #5232,BULK-05232,Edibles,Sungrown Farms,g,64.00
Gelato #5233,BULK-05233,Vapes,Kush Co,each,16.00
Wedding Cake #5234,BULK-05234,Concentrates,Cloud9 Labs,g,23.00
GDP #5235,BULK-05235,Flower,Nebula Extracts,each,30.00
Pineapple Express #5236,BULK-05236,Pre-Rolls,Sungrown Farms,g,37.00
Northern Lights #5237,BULK-05237,Edibles,Kush Co,each,44.00
Runtz #5238,BULK-05238,Vapes,Cloud9 Labs,g,51.00
Zkittlez #5239,BULK-05239,Concentrates,Nebula Extracts,each,58.00
Blue Dream #5240,BULK-05240,Flower,Sungrown Farms,g,65.00
OG Kush #5241,BULK-05241,Pre-Rolls,Kush Co,each,17.00
Sour Diesel #5242,BULK-05242,Edibles,Cloud9 Labs,g,24.00
Gelato #5243,BULK-05243,Vapes,Nebula Extracts,each,31.00
Wedding Cake #5244,BULK-05244,Concentrates,Sungrown Farms,g,38.00
GDP #5245,BULK-05245,Flower,Kush Co,each,45.00
Pineapple Express #5246,BULK-05246,Pre-Rolls,Cloud9 Labs,g,52.00
Northern Lights #5247,BULK-05247,Edibles,Nebula Extracts,each,59.00
Runtz #5248,BULK-05248,Vapes,Sungrown Farms,g,66.00
Zkittlez #5249,BULK-05249,Concentrates,Kush Co,each,18.00
Blue Dream #5250,BULK-05250,Flower,Cloud9 Labs,g,25.00
OG Kush #5251,BULK-05251,Pre-Rolls,Nebula Extracts,each,32.00
Sour Diesel #5252,BULK-05252,Edibles,Sungrown Farms,g,39.00
Gelato #5253,BULK-05253,Vapes,Kush Co,each,46.00
Wedding Cake #5254,BULK-05254,Concentrates,Cloud9 Labs,g,53.00
GDP #5255,BULK-05255,Flower,Nebula Extracts,each,60.00
Pineapple Express #5256,BULK-05256,Pre-Rolls,Sungrown Farms,g,67.00
Northern Lights #5257,BULK-05257,Edibles,Kush Co,each,19.00
Runtz #5258,BULK-05258,Vapes,Cloud9 Labs,g,26.00
Zkittlez #5259,BULK-05259,Concentrates,Nebula Extracts,each,33.00
Blue Dream #5260,BULK-05260,Flower,Sungrown Farms,g,40.00
OG Kush #5261,BULK-05261,Pre-Rolls,Kush Co,each,47.00
Sour Diesel #5262,BULK-05262,Edibles,Cloud9 Labs,g,54.00
Gelato #5263,BULK-05263,Vapes,Nebula Extracts,each,61.00
Wedding Cake #5264,BULK-05264,Concentrates,Sungrown Farms,g,68.00
GDP #5265,BULK-05265,Flower,Kush Co,each,20.00
Pineapple Express #5266,BULK-05266,Pre-Rolls,Cloud9 Labs,g,27.00
Northern Lights #5267,BULK-05267,Edibles,Nebula Extracts,each,34.00
Runtz #5268,BULK-05268,Vapes,Sungrown Farms,g,41.00
Zkittlez #5269,BULK-05269,Concentrates,Kush Co,each,48.00
Blue Dream #5270,BULK-05270,Flower,Cloud9 Labs,g,55.00
OG Kush #5271,BULK-05271,Pre-Rolls,Nebula Extracts,each,62.00
Sour Diesel #5272,BULK-05272,Edibles,Sungrown Farms,g,69.00
Gelato #5273,BULK-05273,Vapes,Kush Co,each,21.00
Wedding Cake #5274,BULK-05274,Concentrates,Cloud9 Labs,g,28.00
GDP #5275,BULK-05275,Flower,Nebula Extracts,each,35.00
Pineapple Express #5276,BULK-05276,Pre-Rolls,Sungrown Farms,g,42.00
Northern Lights #5277,BULK-05277,Edibles,Kush Co,each,49.00
Runtz #5278,BULK-05278,Vapes,Cloud9 Labs,g,56.00
Zkittlez #5279,BULK-05279,Concentrates,Nebula Extracts,each,63.00
Blue Dream #5280,BULK-05280,Flower,Sungrown Farms,g,15.00
OG Kush #5281,BULK-05281,Pre-Rolls,Kush Co,each,22.00
Sour Diesel #5282,BULK-05282,Edibles,Cloud9 Labs,g,29.00
Gelato #5283,BULK-05283,Vapes,Nebula Extracts,each,36.00
Wedding Cake #5284,BULK-05284,Concentrates,Sungrown Farms,g,43.00
GDP #5285,BULK-05285,Flower,Kush Co,each,50.00
Pineapple Express #5286,BULK-05286,Pre-Rolls,Cloud9 Labs,g,57.00
Northern Lights #5287,BULK-05287,Edibles,Nebula Extracts,each,64.00
Runtz #5288,BULK-05288,Vapes,Sungrown Farms,g,16.00
Zkittlez #5289,BULK-05289,Concentrates,Kush Co,each,23.00
Blue Dream #5290,BULK-05290,Flower,Cloud9 Labs,g,30.00
OG Kush #5291,BULK-05291,Pre-Rolls,Nebula Extracts,each,37.00
Sour Diesel #5292,BULK-05292,Edibles,Sungrown Farms,g,44.00
Gelato #5293,BULK-05293,Vapes,Kush Co,each,51.00
Wedding Cake #5294,BULK-05294,Concentrates,Cloud9 Labs,g,58.00
GDP #5295,BULK-05295,Flower,Nebula Extracts,each,65.00
Pineapple Express #5296,BULK-05296,Pre-Rolls,Sungrown Farms,g,17.00
Northern Lights #5297,BULK-05297,Edibles,Kush Co,each,24.00
Runtz #5298,BULK-05298,Vapes,Cloud9 Labs,g,31.00
Zkittlez #5299,BULK-05299,Concentrates,Nebula Extracts,each,38.00
Blue Dream #5300,BULK-05300,Flower,Sungrown Farms,g,45.00
OG Kush #5301,BULK-05301,Pre-Rolls,Kush Co,each,52.00
Sour Diesel #5302,BULK-05302,Edibles,Cloud9 Labs,g,59.00
Gelato #5303,BULK-05303,Vapes,Nebula Extracts,each,66.00
Wedding Cake #5304,BULK-05304,Concentrates,Sungrown Farms,g,18.00
GDP #5305,BULK-05305,Flower,Kush Co,each,25.00
Pineapple Express #5306,BULK-05306,Pre-Rolls,Cloud9 Labs,g,32.00
Northern Lights #5307,BULK-05307,Edibles,Nebula Extracts,each,39.00
Runtz #5308,BULK-05308,Vapes,Sungrown Farms,g,46.00
Zkittlez #5309,BULK-05309,Concentrates,Kush Co,each,53.00
Blue Dream #5310,BULK-05310,Flower,Cloud9 Labs,g,60.00
OG Kush #5311,BULK-05311,Pre-Rolls,Nebula Extracts,each,67.00
Sour Diesel #5312,BULK-05312,Edibles,Sungrown Farms,g,19.00
Gelato #5313,BULK-05313,Vapes,Kush Co,each,26.00
Wedding Cake #5314,BULK-05314,Concentrates,Cloud9 Labs,g,33.00
GDP #5315,BULK-05315,Flower,Nebula Extracts,each,40.00
Pineapple Express #5316,BULK-05316,Pre-Rolls,Sungrown Farms,g,47.00
Northern Lights #5317,BULK-05317,Edibles,Kush Co,each,54.00
Runtz #5318,BULK-05318,Vapes,Cloud9 Labs,g,61.00
Zkittlez #5319,BULK-05319,Concentrates,Nebula Extracts,each,68.00
Blue Dream #5320,BULK-05320,Flower,Sungrown Farms,g,20.00
OG Kush #5321,BULK-05321,Pre-Rolls,Kush Co,each,27.00
Sour Diesel #5322,BULK-05322,Edibles,Cloud9 Labs,g,34.00
Gelato #5323,BULK-05323,Vapes,Nebula Extracts,each,41.00
Wedding Cake #5324,BULK-05324,Concentrates,Sungrown Farms,g,48.00
GDP #5325,BULK-05325,Flower,Kush Co,each,55.00
Pineapple Express #5326,BULK-05326,Pre-Rolls,Cloud9 Labs,g,62.00
Northern Lights #5327,BULK-05327,Edibles,Nebula Extracts,each,69.00
Runtz #5328,BULK-05328,Vapes,Sungrown Farms,g,21.00
Zkittlez #5329,BULK-05329,Concentrates,Kush Co,each,28.00
Blue Dream #5330,BULK-05330,Flower,Cloud9 Labs,g,35.00
OG Kush #5331,BULK-05331,Pre-Rolls,Nebula Extracts,each,42.00
Sour Diesel #5332,BULK-05332,Edibles,Sungrown Farms,g,49.00
Gelato #5333,BULK-05333,Vapes,Kush Co,each,56.00
Wedding Cake #5334,BULK-05334,Concentrates,Cloud9 Labs,g,63.00
GDP #5335,BULK-05335,Flower,Nebula Extracts,each,15.00
Pineapple Express #5336,BULK-05336,Pre-Rolls,Sungrown Farms,g,22.00
Northern Lights #5337,BULK-05337,Edibles,Kush Co,each,29.00
Runtz #5338,BULK-05338,Vapes,Cloud9 Labs,g,36.00
Zkittlez #5339,BULK-05339,Concentrates,Nebula Extracts,each,43.00
Blue Dream #5340,BULK-05340,Flower,Sungrown Farms,g,50.00
OG Kush #5341,BULK-05341,Pre-Rolls,Kush Co,each,57.00
Sour Diesel #5342,BULK-05342,Edibles,Cloud9 Labs,g,64.00
Gelato #5343,BULK-05343,Vapes,Nebula Extracts,each,16.00
Wedding Cake #5344,BULK-05344,Concentrates,Sungrown Farms,g,23.00
GDP #5345,BULK-05345,Flower,Kush Co,each,30.00
Pineapple Express #5346,BULK-05346,Pre-Rolls,Cloud9 Labs,g,37.00
Northern Lights #5347,BULK-05347,Edibles,Nebula Extracts,each,44.00
Runtz #5348,BULK-05348,Vapes,Sungrown Farms,g,51.00
Zkittlez #5349,BULK-05349,Concentrates,Kush Co,each,58.00
Blue Dream #5350,BULK-05350,Flower,Cloud9 Labs,g,65.00
OG Kush #5351,BULK-05351,Pre-Rolls,Nebula Extracts,each,17.00
Sour Diesel #5352,BULK-05352,Edibles,Sungrown Farms,g,24.00
Gelato #5353,BULK-05353,Vapes,Kush Co,each,31.00
Wedding Cake #5354,BULK-05354,Concentrates,Cloud9 Labs,g,38.00
GDP #5355,BULK-05355,Flower,Nebula Extracts,each,45.00
Pineapple Express #5356,BULK-05356,Pre-Rolls,Sungrown Farms,g,52.00
Northern Lights #5357,BULK-05357,Edibles,Kush Co,each,59.00
Runtz #5358,BULK-05358,Vapes,Cloud9 Labs,g,66.00
Zkittlez #5359,BULK-05359,Concentrates,Nebula Extracts,each,18.00
Blue Dream #5360,BULK-05360,Flower,Sungrown Farms,g,25.00
OG Kush #5361,BULK-05361,Pre-Rolls,Kush Co,each,32.00
Sour Diesel #5362,BULK-05362,Edibles,Cloud9 Labs,g,39.00
Gelato #5363,BULK-05363,Vapes,Nebula Extracts,each,46.00
Wedding Cake #5364,BULK-05364,Concentrates,Sungrown Farms,g,53.00
GDP #5365,BULK-05365,Flower,Kush Co,each,60.00
Pineapple Express #5366,BULK-05366,Pre-Rolls,Cloud9 Labs,g,67.00
Northern Lights #5367,BULK-05367,Edibles,Nebula Extracts,each,19.00
Runtz #5368,BULK-05368,Vapes,Sungrown Farms,g,26.00
Zkittlez #5369,BULK-05369,Concentrates,Kush Co,each,33.00
Blue Dream #5370,BULK-05370,Flower,Cloud9 Labs,g,40.00
OG Kush #5371,BULK-05371,Pre-Rolls,Nebula Extracts,each,47.00
Sour Diesel #5372,BULK-05372,Edibles,Sungrown Farms,g,54.00
Gelato #5373,BULK-05373,Vapes,Kush Co,each,61.00
Wedding Cake #5374,BULK-05374,Concentrates,Cloud9 Labs,g,68.00
GDP #5375,BULK-05375,Flower,Nebula Extracts,each,20.00
Pineapple Express #5376,BULK-05376,Pre-Rolls,Sungrown Farms,g,27.00
Northern Lights #5377,BULK-05377,Edibles,Kush Co,each,34.00
Runtz #5378,BULK-05378,Vapes,Cloud9 Labs,g,41.00
Zkittlez #5379,BULK-05379,Concentrates,Nebula Extracts,each,48.00
Blue Dream #5380,BULK-05380,Flower,Sungrown Farms,g,55.00
OG Kush #5381,BULK-05381,Pre-Rolls,Kush Co,each,62.00
Sour Diesel #5382,BULK-05382,Edibles,Cloud9 Labs,g,69.00
Gelato #5383,BULK-05383,Vapes,Nebula Extracts,each,21.00
Wedding Cake #5384,BULK-05384,Concentrates,Sungrown Farms,g,28.00
GDP #5385,BULK-05385,Flower,Kush Co,each,35.00
Pineapple Express #5386,BULK-05386,Pre-Rolls,Cloud9 Labs,g,42.00
Northern Lights #5387,BULK-05387,Edibles,Nebula Extracts,each,49.00
Runtz #5388,BULK-05388,Vapes,Sungrown Farms,g,56.00
Zkittlez #5389,BULK-05389,Concentrates,Kush Co,each,63.00
Blue Dream #5390,BULK-05390,Flower,Cloud9 Labs,g,15.00
OG Kush #5391,BULK-05391,Pre-Rolls,Nebula Extracts,each,22.00
Sour Diesel #5392,BULK-05392,Edibles,Sungrown Farms,g,29.00
Gelato #5393,BULK-05393,Vapes,Kush Co,each,36.00
Wedding Cake #5394,BULK-05394,Concentrates,Cloud9 Labs,g,43.00
GDP #5395,BULK-05395,Flower,Nebula Extracts,each,50.00
Pineapple Express #5396,BULK-05396,Pre-Rolls,Sungrown Farms,g,57.00
Northern Lights #5397,BULK-05397,Edibles,Kush Co,each,64.00
Runtz #5398,BULK-05398,Vapes,Cloud9 Labs,g,16.00
Zkittlez #5399,BULK-05399,Concentrates,Nebula Extracts,each,23.00
Blue Dream #5400,BULK-05400,Flower,Sungrown Farms,g,30.00
OG Kush #5401,BULK-05401,Pre-Rolls,Kush Co,each,37.00
Sour Diesel #5402,BULK-05402,Edibles,Cloud9 Labs,g,44.00
Gelato #5403,BULK-05403,Vapes,Nebula Extracts,each,51.00
Wedding Cake #5404,BULK-05404,Concentrates,Sungrown Farms,g,58.00
GDP #5405,BULK-05405,Flower,Kush Co,each,65.00
Pineapple Express #5406,BULK-05406,Pre-Rolls,Cloud9 Labs,g,17.00
Northern Lights #5407,BULK-05407,Edibles,Nebula Extracts,each,24.00
Runtz #5408,BULK-05408,Vapes,Sungrown Farms,g,31.00
Zkittlez #5409,BULK-05409,Concentrates,Kush Co,each,38.00
Blue Dream #5410,BULK-05410,Flower,Cloud9 Labs,g,45.00
OG Kush #5411,BULK-05411,Pre-Rolls,Nebula Extracts,each,52.00
Sour Diesel #5412,BULK-05412,Edibles,Sungrown Farms,g,59.00
Gelato #5413,BULK-05413,Vapes,Kush Co,each,66.00
Wedding Cake #5414,BULK-05414,Concentrates,Cloud9 Labs,g,18.00
GDP #5415,BULK-05415,Flower,Nebula Extracts,each,25.00
Pineapple Express #5416,BULK-05416,Pre-Rolls,Sungrown Farms,g,32.00
Northern Lights #5417,BULK-05417,Edibles,Kush Co,each,39.00
Runtz #5418,BULK-05418,Vapes,Cloud9 Labs,g,46.00
Zkittlez #5419,BULK-05419,Concentrates,Nebula Extracts,each,53.00
Blue Dream #5420,BULK-05420,Flower,Sungrown Farms,g,60.00
OG Kush #5421,BULK-05421,Pre-Rolls,Kush Co,each,67.00
Sour Diesel #5422,BULK-05422,Edibles,Cloud9 Labs,g,19.00
Gelato #5423,BULK-05423,Vapes,Nebula Extracts,each,26.00
Wedding Cake #5424,BULK-05424,Concentrates,Sungrown Farms,g,33.00
GDP #5425,BULK-05425,Flower,Kush Co,each,40.00
Pineapple Express #5426,BULK-05426,Pre-Rolls,Cloud9 Labs,g,47.00
Northern Lights #5427,BULK-05427,Edibles,Nebula Extracts,each,54.00
Runtz #5428,BULK-05428,Vapes,Sungrown Farms,g,61.00
Zkittlez #5429,BULK-05429,Concentrates,Kush Co,each,68.00
Blue Dream #5430,BULK-05430,Flower,Cloud9 Labs,g,20.00
OG Kush #5431,BULK-05431,Pre-Rolls,Nebula Extracts,each,27.00
Sour Diesel #5432,BULK-05432,Edibles,Sungrown Farms,g,34.00
Gelato #5433,BULK-05433,Vapes,Kush Co,each,41.00
Wedding Cake #5434,BULK-05434,Concentrates,Cloud9 Labs,g,48.00
GDP #5435,BULK-05435,Flower,Nebula Extracts,each,55.00
Pineapple Express #5436,BULK-05436,Pre-Rolls,Sungrown Farms,g,62.00
Northern Lights #5437,BULK-05437,Edibles,Kush Co,each,69.00
Runtz #5438,BULK-05438,Vapes,Cloud9 Labs,g,21.00
Zkittlez #5439,BULK-05439,Concentrates,Nebula Extracts,each,28.00
Blue Dream #5440,BULK-05440,Flower,Sungrown Farms,g,35.00
OG Kush #5441,BULK-05441,Pre-Rolls,Kush Co,each,42.00
Sour Diesel #5442,BULK-05442,Edibles,Cloud9 Labs,g,49.00
Gelato #5443,BULK-05443,Vapes,Nebula Extracts,each,56.00
Wedding Cake #5444,BULK-05444,Concentrates,Sungrown Farms,g,63.00
GDP #5445,BULK-05445,Flower,Kush Co,each,15.00
Pineapple Express #5446,BULK-05446,Pre-Rolls,Cloud9 Labs,g,22.00
Northern Lights #5447,BULK-05447,Edibles,Nebula Extracts,each,29.00
Runtz #5448,BULK-05448,Vapes,Sungrown Farms,g,36.00
Zkittlez #5449,BULK-05449,Concentrates,Kush Co,each,43.00
Blue Dream #5450,BULK-05450,Flower,Cloud9 Labs,g,50.00
OG Kush #5451,BULK-05451,Pre-Rolls,Nebula Extracts,each,57.00
Sour Diesel #5452,BULK-05452,Edibles,Sungrown Farms,g,64.00
Gelato #5453,BULK-05453,Vapes,Kush Co,each,16.00
Wedding Cake #5454,BULK-05454,Concentrates,Cloud9 Labs,g,23.00
GDP #5455,BULK-05455,Flower,Nebula Extracts,each,30.00
Pineapple Express #5456,BULK-05456,Pre-Rolls,Sungrown Farms,g,37.00
Northern Lights #5457,BULK-05457,Edibles,Kush Co,each,44.00
Runtz #5458,BULK-05458,Vapes,Cloud9 Labs,g,51.00
Zkittlez #5459,BULK-05459,Concentrates,Nebula Extracts,each,58.00
Blue Dream #5460,BULK-05460,Flower,Sungrown Farms,g,65.00
OG Kush #5461,BULK-05461,Pre-Rolls,Kush Co,each,17.00
Sour Diesel #5462,BULK-05462,Edibles,Cloud9 Labs,g,24.00
Gelato #5463,BULK-05463,Vapes,Nebula Extracts,each,31.00
Wedding Cake #5464,BULK-05464,Concentrates,Sungrown Farms,g,38.00
GDP #5465,BULK-05465,Flower,Kush Co,each,45.00
Pineapple Express #5466,BULK-05466,Pre-Rolls,Cloud9 Labs,g,52.00
Northern Lights #5467,BULK-05467,Edibles,Nebula Extracts,each,59.00
Runtz #5468,BULK-05468,Vapes,Sungrown Farms,g,66.00
Zkittlez #5469,BULK-05469,Concentrates,Kush Co,each,18.00
Blue Dream #5470,BULK-05470,Flower,Cloud9 Labs,g,25.00
OG Kush #5471,BULK-05471,Pre-Rolls,Nebula Extracts,each,32.00
Sour Diesel #5472,BULK-05472,Edibles,Sungrown Farms,g,39.00
Gelato #5473,BULK-05473,Vapes,Kush Co,each,46.00
Wedding Cake #5474,BULK-05474,Concentrates,Cloud9 Labs,g,53.00
GDP #5475,BULK-05475,Flower,Nebula Extracts,each,60.00
Pineapple Express #5476,BULK-05476,Pre-Rolls,Sungrown Farms,g,67.00
Northern Lights #5477,BULK-05477,Edibles,Kush Co,each,19.00
Runtz #5478,BULK-05478,Vapes,Cloud9 Labs,g,26.00
Zkittlez #5479,BULK-05479,Concentrates,Nebula Extracts,each,33.00
Blue Dream #5480,BULK-05480,Flower,Sungrown Farms,g,40.00
OG Kush #5481,BULK-05481,Pre-Rolls,Kush Co,each,47.00
Sour Diesel #5482,BULK-05482,Edibles,Cloud9 Labs,g,54.00
Gelato #5483,BULK-05483,Vapes,Nebula Extracts,each,61.00
Wedding Cake #5484,BULK-05484,Concentrates,Sungrown Farms,g,68.00
GDP #5485,BULK-05485,Flower,Kush Co,each,20.00
Pineapple Express #5486,BULK-05486,Pre-Rolls,Cloud9 Labs,g,27.00
Northern Lights #5487,BULK-05487,Edibles,Nebula Extracts,each,34.00
Runtz #5488,BULK-05488,Vapes,Sungrown Farms,g,41.00
Zkittlez #5489,BULK-05489,Concentrates,Kush Co,each,48.00
Blue Dream #5490,BULK-05490,Flower,Cloud9 Labs,g,55.00
OG Kush #5491,BULK-05491,Pre-Rolls,Nebula Extracts,each,62.00
Sour Diesel #5492,BULK-05492,Edibles,Sungrown Farms,g,69.00
Gelato #5493,BULK-05493,Vapes,Kush Co,each,21.00
Wedding Cake #5494,BULK-05494,Concentrates,Cloud9 Labs,g,28.00
GDP #5495,BULK-05495,Flower,Nebula Extracts,each,35.00
Pineapple Express #5496,BULK-05496,Pre-Rolls,Sungrown Farms,g,42.00
Northern Lights #5497,BULK-05497,Edibles,Kush Co,each,49.00
Runtz #5498,BULK-05498,Vapes,Cloud9 Labs,g,56.00
Zkittlez #5499,BULK-05499,Concentrates,Nebula Extracts,each,63.00
Blue Dream #5500,BULK-05500,Flower,Sungrown Farms,g,15.00
OG Kush #5501,BULK-05501,Pre-Rolls,Kush Co,each,22.00
Sour Diesel #5502,BULK-05502,Edibles,Cloud9 Labs,g,29.00
Gelato #5503,BULK-05503,Vapes,Nebula Extracts,each,36.00
Wedding Cake #5504,BULK-05504,Concentrates,Sungrown Farms,g,43.00
GDP #5505,BULK-05505,Flower,Kush Co,each,50.00
Pineapple Express #5506,BULK-05506,Pre-Rolls,Cloud9 Labs,g,57.00
Northern Lights #5507,BULK-05507,Edibles,Nebula Extracts,each,64.00
Runtz #5508,BULK-05508,Vapes,Sungrown Farms,g,16.00
Zkittlez #5509,BULK-05509,Concentrates,Kush Co,each,23.00
Blue Dream #5510,BULK-05510,Flower,Cloud9 Labs,g,30.00
OG Kush #5511,BULK-05511,Pre-Rolls,Nebula Extracts,each,37.00
Sour Diesel #5512,BULK-05512,Edibles,Sungrown Farms,g,44.00
Gelato #5513,BULK-05513,Vapes,Kush Co,each,51.00
Wedding Cake #5514,BULK-05514,Concentrates,Cloud9 Labs,g,58.00
GDP #5515,BULK-05515,Flower,Nebula Extracts,each,65.00
Pineapple Express #5516,BULK-05516,Pre-Rolls,Sungrown Farms,g,17.00
Northern Lights #5517,BULK-05517,Edibles,Kush Co,each,24.00
Runtz #5518,BULK-05518,Vapes,Cloud9 Labs,g,31.00
Zkittlez #5519,BULK-05519,Concentrates,Nebula Extracts,each,38.00
Blue Dream #5520,BULK-05520,Flower,Sungrown Farms,g,45.00
OG Kush #5521,BULK-05521,Pre-Rolls,Kush Co,each,52.00
Sour Diesel #5522,BULK-05522,Edibles,Cloud9 Labs,g,59.00
Gelato #5523,BULK-05523,Vapes,Nebula Extracts,each,66.00
Wedding Cake #5524,BULK-05524,Concentrates,Sungrown Farms,g,18.00
GDP #5525,BULK-05525,Flower,Kush Co,each,25.00
Pineapple Express #5526,BULK-05526,Pre-Rolls,Cloud9 Labs,g,32.00
Northern Lights #5527,BULK-05527,Edibles,Nebula Extracts,each,39.00
Runtz #5528,BULK-05528,Vapes,Sungrown Farms,g,46.00
Zkittlez #5529,BULK-05529,Concentrates,Kush Co,each,53.00
Blue Dream #5530,BULK-05530,Flower,Cloud9 Labs,g,60.00
OG Kush #5531,BULK-05531,Pre-Rolls,Nebula Extracts,each,67.00
Sour Diesel #5532,BULK-05532,Edibles,Sungrown Farms,g,19.00
Gelato #5533,BULK-05533,Vapes,Kush Co,each,26.00
Wedding Cake #5534,BULK-05534,Concentrates,Cloud9 Labs,g,33.00
GDP #5535,BULK-05535,Flower,Nebula Extracts,each,40.00
Pineapple Express #5536,BULK-05536,Pre-Rolls,Sungrown Farms,g,47.00
Northern Lights #5537,BULK-05537,Edibles,Kush Co,each,54.00
Runtz #5538,BULK-05538,Vapes,Cloud9 Labs,g,61.00
Zkittlez #5539,BULK-05539,Concentrates,Nebula Extracts,each,68.00
Blue Dream #5540,BULK-05540,Flower,Sungrown Farms,g,20.00
OG Kush #5541,BULK-05541,Pre-Rolls,Kush Co,each,27.00
Sour Diesel #5542,BULK-05542,Edibles,Cloud9 Labs,g,34.00
Gelato #5543,BULK-05543,Vapes,Nebula Extracts,each,41.00
Wedding Cake #5544,BULK-05544,Concentrates,Sungrown Farms,g,48.00
GDP #5545,BULK-05545,Flower,Kush Co,each,55.00
Pineapple Express #5546,BULK-05546,Pre-Rolls,Cloud9 Labs,g,62.00
Northern Lights #5547,BULK-05547,Edibles,Nebula Extracts,each,69.00
Runtz #5548,BULK-05548,Vapes,Sungrown Farms,g,21.00
Zkittlez #5549,BULK-05549,Concentrates,Kush Co,each,28.00
Blue Dream #5550,BULK-05550,Flower,Cloud9 Labs,g,35.00
OG Kush #5551,BULK-05551,Pre-Rolls,Nebula Extracts,each,42.00
Sour Diesel #5552,BULK-05552,Edibles,Sungrown Farms,g,49.00
Gelato #5553,BULK-05553,Vapes,Kush Co,each,56.00
Wedding Cake #5554,BULK-05554,Concentrates,Cloud9 Labs,g,63.00
GDP #5555,BULK-05555,Flower,Nebula Extracts,each,15.00
Pineapple Express #5556,BULK-05556,Pre-Rolls,Sungrown Farms,g,22.00
Northern Lights #5557,BULK-05557,Edibles,Kush Co,each,29.00
Runtz #5558,BULK-05558,Vapes,Cloud9 Labs,g,36.00
Zkittlez #5559,BULK-05559,Concentrates,Nebula Extracts,each,43.00
Blue Dream #5560,BULK-05560,Flower,Sungrown Farms,g,50.00
OG Kush #5561,BULK-05561,Pre-Rolls,Kush Co,each,57.00
Sour Diesel #5562,BULK-05562,Edibles,Cloud9 Labs,g,64.00
Gelato #5563,BULK-05563,Vapes,Nebula Extracts,each,16.00
Wedding Cake #5564,BULK-05564,Concentrates,Sungrown Farms,g,23.00
GDP #5565,BULK-05565,Flower,Kush Co,each,30.00
Pineapple Express #5566,BULK-05566,Pre-Rolls,Cloud9 Labs,g,37.00
Northern Lights #5567,BULK-05567,Edibles,Nebula Extracts,each,44.00
Runtz #5568,BULK-05568,Vapes,Sungrown Farms,g,51.00
Zkittlez #5569,BULK-05569,Concentrates,Kush Co,each,58.00
Blue Dream #5570,BULK-05570,Flower,Cloud9 Labs,g,65.00
OG Kush #5571,BULK-05571,Pre-Rolls,Nebula Extracts,each,17.00
Sour Diesel #5572,BULK-05572,Edibles,Sungrown Farms,g,24.00
Gelato #5573,BULK-05573,Vapes,Kush Co,each,31.00
Wedding Cake #5574,BULK-05574,Concentrates,Cloud9 Labs,g,38.00
GDP #5575,BULK-05575,Flower,Nebula Extracts,each,45.00
Pineapple Express #5576,BULK-05576,Pre-Rolls,Sungrown Farms,g,52.00
Northern Lights #5577,BULK-05577,Edibles,Kush Co,each,59.00
Runtz #5578,BULK-05578,Vapes,Cloud9 Labs,g,66.00
Zkittlez #5579,BULK-05579,Concentrates,Nebula Extracts,each,18.00
Blue Dream #5580,BULK-05580,Flower,Sungrown Farms,g,25.00
OG Kush #5581,BULK-05581,Pre-Rolls,Kush Co,each,32.00
Sour Diesel #5582,BULK-05582,Edibles,Cloud9 Labs,g,39.00
Gelato #5583,BULK-05583,Vapes,Nebula Extracts,each,46.00
Wedding Cake #5584,BULK-05584,Concentrates,Sungrown Farms,g,53.00
GDP #5585,BULK-05585,Flower,Kush Co,each,60.00
Pineapple Express #5586,BULK-05586,Pre-Rolls,Cloud9 Labs,g,67.00
Northern Lights #5587,BULK-05587,Edibles,Nebula Extracts,each,19.00
Runtz #5588,BULK-05588,Vapes,Sungrown Farms,g,26.00
Zkittlez #5589,BULK-05589,Concentrates,Kush Co,each,33.00
Blue Dream #5590,BULK-05590,Flower,Cloud9 Labs,g,40.00
OG Kush #5591,BULK-05591,Pre-Rolls,Nebula Extracts,each,47.00
Sour Diesel #5592,BULK-05592,Edibles,Sungrown Farms,g,54.00
Gelato #5593,BULK-05593,Vapes,Kush Co,each,61.00
Wedding Cake #5594,BULK-05594,Concentrates,Cloud9 Labs,g,68.00
GDP #5595,BULK-05595,Flower,Nebula Extracts,each,20.00
Pineapple Express #5596,BULK-05596,Pre-Rolls,Sungrown Farms,g,27.00
Northern Lights #5597,BULK-05597,Edibles,Kush Co,each,34.00
Runtz #5598,BULK-05598,Vapes,Cloud9 Labs,g,41.00
Zkittlez #5599,BULK-05599,Concentrates,Nebula Extracts,each,48.00
Blue Dream #5600,BULK-05600,Flower,Sungrown Farms,g,55.00
OG Kush #5601,BULK-05601,Pre-Rolls,Kush Co,each,62.00
Sour Diesel #5602,BULK-05602,Edibles,Cloud9 Labs,g,69.00
Gelato #5603,BULK-05603,Vapes,Nebula Extracts,each,21.00
Wedding Cake #5604,BULK-05604,Concentrates,Sungrown Farms,g,28.00
GDP #5605,BULK-05605,Flower,Kush Co,each,35.00
Pineapple Express #5606,BULK-05606,Pre-Rolls,Cloud9 Labs,g,42.00
Northern Lights #5607,BULK-05607,Edibles,Nebula Extracts,each,49.00
Runtz #5608,BULK-05608,Vapes,Sungrown Farms,g,56.00
Zkittlez #5609,BULK-05609,Concentrates,Kush Co,each,63.00
Blue Dream #5610,BULK-05610,Flower,Cloud9 Labs,g,15.00
OG Kush #5611,BULK-05611,Pre-Rolls,Nebula Extracts,each,22.00
Sour Diesel #5612,BULK-05612,Edibles,Sungrown Farms,g,29.00
Gelato #5613,BULK-05613,Vapes,Kush Co,each,36.00
Wedding Cake #5614,BULK-05614,Concentrates,Cloud9 Labs,g,43.00
GDP #5615,BULK-05615,Flower,Nebula Extracts,each,50.00
Pineapple Express #5616,BULK-05616,Pre-Rolls,Sungrown Farms,g,57.00
Northern Lights #5617,BULK-05617,Edibles,Kush Co,each,64.00
Runtz #5618,BULK-05618,Vapes,Cloud9 Labs,g,16.00
Zkittlez #5619,BULK-05619,Concentrates,Nebula Extracts,each,23.00
Blue Dream #5620,BULK-05620,Flower,Sungrown Farms,g,30.00
OG Kush #5621,BULK-05621,Pre-Rolls,Kush Co,each,37.00
Sour Diesel #5622,BULK-05622,Edibles,Cloud9 Labs,g,44.00
Gelato #5623,BULK-05623,Vapes,Nebula Extracts,each,51.00
Wedding Cake #5624,BULK-05624,Concentrates,Sungrown Farms,g,58.00
GDP #5625,BULK-05625,Flower,Kush Co,each,65.00
Pineapple Express #5626,BULK-05626,Pre-Rolls,Cloud9 Labs,g,17.00
Northern Lights #5627,BULK-05627,Edibles,Nebula Extracts,each,24.00
Runtz #5628,BULK-05628,Vapes,Sungrown Farms,g,31.00
Zkittlez #5629,BULK-05629,Concentrates,Kush Co,each,38.00
Blue Dream #5630,BULK-05630,Flower,Cloud9 Labs,g,45.00
OG Kush #5631,BULK-05631,Pre-Rolls,Nebula Extracts,each,52.00
Sour Diesel #5632,BULK-05632,Edibles,Sungrown Farms,g,59.00
Gelato #5633,BULK-05633,Vapes,Kush Co,each,66.00
Wedding Cake #5634,BULK-05634,Concentrates,Cloud9 Labs,g,18.00
GDP #5635,BULK-05635,Flower,Nebula Extracts,each,25.00
Pineapple Express #5636,BULK-05636,Pre-Rolls,Sungrown Farms,g,32.00
Northern Lights #5637,BULK-05637,Edibles,Kush Co,each,39.00
Runtz #5638,BULK-05638,Vapes,Cloud9 Labs,g,46.00
Zkittlez #5639,BULK-05639,Concentrates,Nebula Extracts,each,53.00
Blue Dream #5640,BULK-05640,Flower,Sungrown Farms,g,60.00
OG Kush #5641,BULK-05641,Pre-Rolls,Kush Co,each,67.00
Sour Diesel #5642,BULK-05642,Edibles,Cloud9 Labs,g,19.00
Gelato #5643,BULK-05643,Vapes,Nebula Extracts,each,26.00
Wedding Cake #5644,BULK-05644,Concentrates,Sungrown Farms,g,33.00
GDP #5645,BULK-05645,Flower,Kush Co,each,40.00
Pineapple Express #5646,BULK-05646,Pre-Rolls,Cloud9 Labs,g,47.00
Northern Lights #5647,BULK-05647,Edibles,Nebula Extracts,each,54.00
Runtz #5648,BULK-05648,Vapes,Sungrown Farms,g,61.00
Zkittlez #5649,BULK-05649,Concentrates,Kush Co,each,68.00
Blue Dream #5650,BULK-05650,Flower,Cloud9 Labs,g,20.00
OG Kush #5651,BULK-05651,Pre-Rolls,Nebula Extracts,each,27.00
Sour Diesel #5652,BULK-05652,Edibles,Sungrown Farms,g,34.00
Gelato #5653,BULK-05653,Vapes,Kush Co,each,41.00
Wedding Cake #5654,BULK-05654,Concentrates,Cloud9 Labs,g,48.00
GDP #5655,BULK-05655,Flower,Nebula Extracts,each,55.00
Pineapple Express #5656,BULK-05656,Pre-Rolls,Sungrown Farms,g,62.00
Northern Lights #5657,BULK-05657,Edibles,Kush Co,each,69.00
Runtz #5658,BULK-05658,Vapes,Cloud9 Labs,g,21.00
Zkittlez #5659,BULK-05659,Concentrates,Nebula Extracts,each,28.00
Blue Dream #5660,BULK-05660,Flower,Sungrown Farms,g,35.00
OG Kush #5661,BULK-05661,Pre-Rolls,Kush Co,each,42.00
Sour Diesel #5662,BULK-05662,Edibles,Cloud9 Labs,g,49.00
Gelato #5663,BULK-05663,Vapes,Nebula Extracts,each,56.00
Wedding Cake #5664,BULK-05664,Concentrates,Sungrown Farms,g,63.00
GDP #5665,BULK-05665,Flower,Kush Co,each,15.00
Pineapple Express #5666,BULK-05666,Pre-Rolls,Cloud9 Labs,g,22.00
Northern Lights #5667,BULK-05667,Edibles,Nebula Extracts,each,29.00
Runtz #5668,BULK-05668,Vapes,Sungrown Farms,g,36.00
Zkittlez #5669,BULK-05669,Concentrates,Kush Co,each,43.00
Blue Dream #5670,BULK-05670,Flower,Cloud9 Labs,g,50.00
OG Kush #5671,BULK-05671,Pre-Rolls,Nebula Extracts,each,57.00
Sour Diesel #5672,BULK-05672,Edibles,Sungrown Farms,g,64.00
Gelato #5673,BULK-05673,Vapes,Kush Co,each,16.00
Wedding Cake #5674,BULK-05674,Concentrates,Cloud9 Labs,g,23.00
GDP #5675,BULK-05675,Flower,Nebula Extracts,each,30.00
Pineapple Express #5676,BULK-05676,Pre-Rolls,Sungrown Farms,g,37.00
Northern Lights #5677,BULK-05677,Edibles,Kush Co,each,44.00
Runtz #5678,BULK-05678,Vapes,Cloud9 Labs,g,51.00
Zkittlez #5679,BULK-05679,Concentrates,Nebula Extracts,each,58.00
Blue Dream #5680,BULK-05680,Flower,Sungrown Farms,g,65.00
OG Kush #5681,BULK-05681,Pre-Rolls,Kush Co,each,17.00
Sour Diesel #5682,BULK-05682,Edibles,Cloud9 Labs,g,24.00
Gelato #5683,BULK-05683,Vapes,Nebula Extracts,each,31.00
Wedding Cake #5684,BULK-05684,Concentrates,Sungrown Farms,g,38.00
GDP #5685,BULK-05685,Flower,Kush Co,each,45.00
Pineapple Express #5686,BULK-05686,Pre-Rolls,Cloud9 Labs,g,52.00
Northern Lights #5687,BULK-05687,Edibles,Nebula Extracts,each,59.00
Runtz #5688,BULK-05688,Vapes,Sungrown Farms,g,66.00
Zkittlez #5689,BULK-05689,Concentrates,Kush Co,each,18.00
Blue Dream #5690,BULK-05690,Flower,Cloud9 Labs,g,25.00
OG Kush #5691,BULK-05691,Pre-Rolls,Nebula Extracts,each,32.00
Sour Diesel #5692,BULK-05692,Edibles,Sungrown Farms,g,39.00
Gelato #5693,BULK-05693,Vapes,Kush Co,each,46.00
Wedding Cake #5694,BULK-05694,Concentrates,Cloud9 Labs,g,53.00
GDP #5695,BULK-05695,Flower,Nebula Extracts,each,60.00
Pineapple Express #5696,BULK-05696,Pre-Rolls,Sungrown Farms,g,67.00
Northern Lights #5697,BULK-05697,Edibles,Kush Co,each,19.00
Runtz #5698,BULK-05698,Vapes,Cloud9 Labs,g,26.00
Zkittlez #5699,BULK-05699,Concentrates,Nebula Extracts,each,33.00
Blue Dream #5700,BULK-05700,Flower,Sungrown Farms,g,40.00
OG Kush #5701,BULK-05701,Pre-Rolls,Kush Co,each,47.00
Sour Diesel #5702,BULK-05702,Edibles,Cloud9 Labs,g,54.00
Gelato #5703,BULK-05703,Vapes,Nebula Extracts,each,61.00
Wedding Cake #5704,BULK-05704,Concentrates,Sungrown Farms,g,68.00
GDP #5705,BULK-05705,Flower,Kush Co,each,20.00
Pineapple Express #5706,BULK-05706,Pre-Rolls,Cloud9 Labs,g,27.00
Northern Lights #5707,BULK-05707,Edibles,Nebula Extracts,each,34.00
Runtz #5708,BULK-05708,Vapes,Sungrown Farms,g,41.00
Zkittlez #5709,BULK-05709,Concentrates,Kush Co,each,48.00
Blue Dream #5710,BULK-05710,Flower,Cloud9 Labs,g,55.00
OG Kush #5711,BULK-05711,Pre-Rolls,Nebula Extracts,each,62.00
Sour Diesel #5712,BULK-05712,Edibles,Sungrown Farms,g,69.00
Gelato #5713,BULK-05713,Vapes,Kush Co,each,21.00
Wedding Cake #5714,BULK-05714,Concentrates,Cloud9 Labs,g,28.00
GDP #5715,BULK-05715,Flower,Nebula Extracts,each,35.00
Pineapple Express #5716,BULK-05716,Pre-Rolls,Sungrown Farms,g,42.00
Northern Lights #5717,BULK-05717,Edibles,Kush Co,each,49.00
Runtz #5718,BULK-05718,Vapes,Cloud9 Labs,g,56.00
Zkittlez #5719,BULK-05719,Concentrates,Nebula Extracts,each,63.00
Blue Dream #5720,BULK-05720,Flower,Sungrown Farms,g,15.00
OG Kush #5721,BULK-05721,Pre-Rolls,Kush Co,each,22.00
Sour Diesel #5722,BULK-05722,Edibles,Cloud9 Labs,g,29.00
Gelato #5723,BULK-05723,Vapes,Nebula Extracts,each,36.00
Wedding Cake #5724,BULK-05724,Concentrates,Sungrown Farms,g,43.00
GDP #5725,BULK-05725,Flower,Kush Co,each,50.00
Pineapple Express #5726,BULK-05726,Pre-Rolls,Cloud9 Labs,g,57.00
Northern Lights #5727,BULK-05727,Edibles,Nebula Extracts,each,64.00
Runtz #5728,BULK-05728,Vapes,Sungrown Farms,g,16.00
Zkittlez #5729,BULK-05729,Concentrates,Kush Co,each,23.00
Blue Dream #5730,BULK-05730,Flower,Cloud9 Labs,g,30.00
OG Kush #5731,BULK-05731,Pre-Rolls,Nebula Extracts,each,37.00
Sour Diesel #5732,BULK-05732,Edibles,Sungrown Farms,g,44.00
Gelato #5733,BULK-05733,Vapes,Kush Co,each,51.00
Wedding Cake #5734,BULK-05734,Concentrates,Cloud9 Labs,g,58.00
GDP #5735,BULK-05735,Flower,Nebula Extracts,each,65.00
Pineapple Express #5736,BULK-05736,Pre-Rolls,Sungrown Farms,g,17.00
Northern Lights #5737,BULK-05737,Edibles,Kush Co,each,24.00
Runtz #5738,BULK-05738,Vapes,Cloud9 Labs,g,31.00
Zkittlez #5739,BULK-05739,Concentrates,Nebula Extracts,each,38.00
Blue Dream #5740,BULK-05740,Flower,Sungrown Farms,g,45.00
OG Kush #5741,BULK-05741,Pre-Rolls,Kush Co,each,52.00
Sour Diesel #5742,BULK-05742,Edibles,Cloud9 Labs,g,59.00
Gelato #5743,BULK-05743,Vapes,Nebula Extracts,each,66.00
Wedding Cake #5744,BULK-05744,Concentrates,Sungrown Farms,g,18.00
GDP #5745,BULK-05745,Flower,Kush Co,each,25.00
Pineapple Express #5746,BULK-05746,Pre-Rolls,Cloud9 Labs,g,32.00
Northern Lights #5747,BULK-05747,Edibles,Nebula Extracts,each,39.00
Runtz #5748,BULK-05748,Vapes,Sungrown Farms,g,46.00
Zkittlez #5749,BULK-05749,Concentrates,Kush Co,each,53.00
Blue Dream #5750,BULK-05750,Flower,Cloud9 Labs,g,60.00
OG Kush #5751,BULK-05751,Pre-Rolls,Nebula Extracts,each,67.00
Sour Diesel #5752,BULK-05752,Edibles,Sungrown Farms,g,19.00
Gelato #5753,BULK-05753,Vapes,Kush Co,each,26.00
Wedding Cake #5754,BULK-05754,Concentrates,Cloud9 Labs,g,33.00
GDP #5755,BULK-05755,Flower,Nebula Extracts,each,40.00
Pineapple Express #5756,BULK-05756,Pre-Rolls,Sungrown Farms,g,47.00
Northern Lights #5757,BULK-05757,Edibles,Kush Co,each,54.00
Runtz #5758,BULK-05758,Vapes,Cloud9 Labs,g,61.00
Zkittlez #5759,BULK-05759,Concentrates,Nebula Extracts,each,68.00
Blue Dream #5760,BULK-05760,Flower,Sungrown Farms,g,20.00
OG Kush #5761,BULK-05761,Pre-Rolls,Kush Co,each,27.00
Sour Diesel #5762,BULK-05762,Edibles,Cloud9 Labs,g,34.00
Gelato #5763,BULK-05763,Vapes,Nebula Extracts,each,41.00
Wedding Cake #5764,BULK-05764,Concentrates,Sungrown Farms,g,48.00
GDP #5765,BULK-05765,Flower,Kush Co,each,55.00
Pineapple Express #5766,BULK-05766,Pre-Rolls,Cloud9 Labs,g,62.00
Northern Lights #5767,BULK-05767,Edibles,Nebula Extracts,each,69.00
Runtz #5768,BULK-05768,Vapes,Sungrown Farms,g,21.00
Zkittlez #5769,BULK-05769,Concentrates,Kush Co,each,28.00
Blue Dream #5770,BULK-05770,Flower,Cloud9 Labs,g,35.00
OG Kush #5771,BULK-05771,Pre-Rolls,Nebula Extracts,each,42.00
Sour Diesel #5772,BULK-05772,Edibles,Sungrown Farms,g,49.00
Gelato #5773,BULK-05773,Vapes,Kush Co,each,56.00
Wedding Cake #5774,BULK-05774,Concentrates,Cloud9 Labs,g,63.00
GDP #5775,BULK-05775,Flower,Nebula Extracts,each,15.00
Pineapple Express #5776,BULK-05776,Pre-Rolls,Sungrown Farms,g,22.00
Northern Lights #5777,BULK-05777,Edibles,Kush Co,each,29.00
Runtz #5778,BULK-05778,Vapes,Cloud9 Labs,g,36.00
Zkittlez #5779,BULK-05779,Concentrates,Nebula Extracts,each,43.00
Blue Dream #5780,BULK-05780,Flower,Sungrown Farms,g,50.00
OG Kush #5781,BULK-05781,Pre-Rolls,Kush Co,each,57.00
Sour Diesel #5782,BULK-05782,Edibles,Cloud9 Labs,g,64.00
Gelato #5783,BULK-05783,Vapes,Nebula Extracts,each,16.00
Wedding Cake #5784,BULK-05784,Concentrates,Sungrown Farms,g,23.00
GDP #5785,BULK-05785,Flower,Kush Co,each,30.00
Pineapple Express #5786,BULK-05786,Pre-Rolls,Cloud9 Labs,g,37.00
Northern Lights #5787,BULK-05787,Edibles,Nebula Extracts,each,44.00
Runtz #5788,BULK-05788,Vapes,Sungrown Farms,g,51.00
Zkittlez #5789,BULK-05789,Concentrates,Kush Co,each,58.00
Blue Dream #5790,BULK-05790,Flower,Cloud9 Labs,g,65.00
OG Kush #5791,BULK-05791,Pre-Rolls,Nebula Extracts,each,17.00
Sour Diesel #5792,BULK-05792,Edibles,Sungrown Farms,g,24.00
Gelato #5793,BULK-05793,Vapes,Kush Co,each,31.00
Wedding Cake #5794,BULK-05794,Concentrates,Cloud9 Labs,g,38.00
GDP #5795,BULK-05795,Flower,Nebula Extracts,each,45.00
Pineapple Express #5796,BULK-05796,Pre-Rolls,Sungrown Farms,g,52.00
Northern Lights #5797,BULK-05797,Edibles,Kush Co,each,59.00
Runtz #5798,BULK-05798,Vapes,Cloud9 Labs,g,66.00
Zkittlez #5799,BULK-05799,Concentrates,Nebula Extracts,each,18.00
Blue Dream #5800,BULK-05800,Flower,Sungrown Farms,g,25.00
OG Kush #5801,BULK-05801,Pre-Rolls,Kush Co,each,32.00
Sour Diesel #5802,BULK-05802,Edibles,Cloud9 Labs,g,39.00
Gelato #5803,BULK-05803,Vapes,Nebula Extracts,each,46.00
Wedding Cake #5804,BULK-05804,Concentrates,Sungrown Farms,g,53.00
GDP #5805,BULK-05805,Flower,Kush Co,each,60.00
Pineapple Express #5806,BULK-05806,Pre-Rolls,Cloud9 Labs,g,67.00
Northern Lights #5807,BULK-05807,Edibles,Nebula Extracts,each,19.00
Runtz #5808,BULK-05808,Vapes,Sungrown Farms,g,26.00
Zkittlez #5809,BULK-05809,Concentrates,Kush Co,each,33.00
Blue Dream #5810,BULK-05810,Flower,Cloud9 Labs,g,40.00
OG Kush #5811,BULK-05811,Pre-Rolls,Nebula Extracts,each,47.00
Sour Diesel #5812,BULK-05812,Edibles,Sungrown Farms,g,54.00
Gelato #5813,BULK-05813,Vapes,Kush Co,each,61.00
Wedding Cake #5814,BULK-05814,Concentrates,Cloud9 Labs,g,68.00
GDP #5815,BULK-05815,Flower,Nebula Extracts,each,20.00
Pineapple Express #5816,BULK-05816,Pre-Rolls,Sungrown Farms,g,27.00
Northern Lights #5817,BULK-05817,Edibles,Kush Co,each,34.00
Runtz #5818,BULK-05818,Vapes,Cloud9 Labs,g,41.00
Zkittlez #5819,BULK-05819,Concentrates,Nebula Extracts,each,48.00
Blue Dream #5820,BULK-05820,Flower,Sungrown Farms,g,55.00
OG Kush #5821,BULK-05821,Pre-Rolls,Kush Co,each,62.00
Sour Diesel #5822,BULK-05822,Edibles,Cloud9 Labs,g,69.00
Gelato #5823,BULK-05823,Vapes,Nebula Extracts,each,21.00
Wedding Cake #5824,BULK-05824,Concentrates,Sungrown Farms,g,28.00
GDP #5825,BULK-05825,Flower,Kush Co,each,35.00
Pineapple Express #5826,BULK-05826,Pre-Rolls,Cloud9 Labs,g,42.00
Northern Lights #5827,BULK-05827,Edibles,Nebula Extracts,each,49.00
Runtz #5828,BULK-05828,Vapes,Sungrown Farms,g,56.00
Zkittlez #5829,BULK-05829,Concentrates,Kush Co,each,63.00
Blue Dream #5830,BULK-05830,Flower,Cloud9 Labs,g,15.00
OG Kush #5831,BULK-05831,Pre-Rolls,Nebula Extracts,each,22.00
Sour Diesel #5832,BULK-05832,Edibles,Sungrown Farms,g,29.00
Gelato #5833,BULK-05833,Vapes,Kush Co,each,36.00
Wedding Cake #5834,BULK-05834,Concentrates,Cloud9 Labs,g,43.00
GDP #5835,BULK-05835,Flower,Nebula Extracts,each,50.00
Pineapple Express #5836,BULK-05836,Pre-Rolls,Sungrown Farms,g,57.00
Northern Lights #5837,BULK-05837,Edibles,Kush Co,each,64.00
Runtz #5838,BULK-05838,Vapes,Cloud9 Labs,g,16.00
Zkittlez #5839,BULK-05839,Concentrates,Nebula Extracts,each,23.00
Blue Dream #5840,BULK-05840,Flower,Sungrown Farms,g,30.00
OG Kush #5841,BULK-05841,Pre-Rolls,Kush Co,each,37.00
Sour Diesel #5842,BULK-05842,Edibles,Cloud9 Labs,g,44.00
Gelato #5843,BULK-05843,Vapes,Nebula Extracts,each,51.00
Wedding Cake #5844,BULK-05844,Concentrates,Sungrown Farms,g,58.00
GDP #5845,BULK-05845,Flower,Kush Co,each,65.00
Pineapple Express #5846,BULK-05846,Pre-Rolls,Cloud9 Labs,g,17.00
Northern Lights #5847,BULK-05847,Edibles,Nebula Extracts,each,24.00
Runtz #5848,BULK-05848,Vapes,Sungrown Farms,g,31.00
Zkittlez #5849,BULK-05849,Concentrates,Kush Co,each,38.00
Blue Dream #5850,BULK-05850,Flower,Cloud9 Labs,g,45.00
OG Kush #5851,BULK-05851,Pre-Rolls,Nebula Extracts,each,52.00
Sour Diesel #5852,BULK-05852,Edibles,Sungrown Farms,g,59.00
Gelato #5853,BULK-05853,Vapes,Kush Co,each,66.00
Wedding Cake #5854,BULK-05854,Concentrates,Cloud9 Labs,g,18.00
GDP #5855,BULK-05855,Flower,Nebula Extracts,each,25.00
Pineapple Express #5856,BULK-05856,Pre-Rolls,Sungrown Farms,g,32.00
Northern Lights #5857,BULK-05857,Edibles,Kush Co,each,39.00
Runtz #5858,BULK-05858,Vapes,Cloud9 Labs,g,46.00
Zkittlez #5859,BULK-05859,Concentrates,Nebula Extracts,each,53.00
Blue Dream #5860,BULK-05860,Flower,Sungrown Farms,g,60.00
OG Kush #5861,BULK-05861,Pre-Rolls,Kush Co,each,67.00
Sour Diesel #5862,BULK-05862,Edibles,Cloud9 Labs,g,19.00
Gelato #5863,BULK-05863,Vapes,Nebula Extracts,each,26.00
Wedding Cake #5864,BULK-05864,Concentrates,Sungrown Farms,g,33.00
GDP #5865,BULK-05865,Flower,Kush Co,each,40.00
Pineapple Express #5866,BULK-05866,Pre-Rolls,Cloud9 Labs,g,47.00
Northern Lights #5867,BULK-05867,Edibles,Nebula Extracts,each,54.00
Runtz #5868,BULK-05868,Vapes,Sungrown Farms,g,61.00
Zkittlez #5869,BULK-05869,Concentrates,Kush Co,each,68.00
Blue Dream #5870,BULK-05870,Flower,Cloud9 Labs,g,20.00
OG Kush #5871,BULK-05871,Pre-Rolls,Nebula Extracts,each,27.00
Sour Diesel #5872,BULK-05872,Edibles,Sungrown Farms,g,34.00
Gelato #5873,BULK-05873,Vapes,Kush Co,each,41.00
Wedding Cake #5874,BULK-05874,Concentrates,Cloud9 Labs,g,48.00
GDP #5875,BULK-05875,Flower,Nebula Extracts,each,55.00
Pineapple Express #5876,BULK-05876,Pre-Rolls,Sungrown Farms,g,62.00
Northern Lights #5877,BULK-05877,Edibles,Kush Co,each,69.00
Runtz #5878,BULK-05878,Vapes,Cloud9 Labs,g,21.00
Zkittlez #5879,BULK-05879,Concentrates,Nebula Extracts,each,28.00
Blue Dream #5880,BULK-05880,Flower,Sungrown Farms,g,35.00
OG Kush #5881,BULK-05881,Pre-Rolls,Kush Co,each,42.00
Sour Diesel #5882,BULK-05882,Edibles,Cloud9 Labs,g,49.00
Gelato #5883,BULK-05883,Vapes,Nebula Extracts,each,56.00
Wedding Cake #5884,BULK-05884,Concentrates,Sungrown Farms,g,63.00
GDP #5885,BULK-05885,Flower,Kush Co,each,15.00
Pineapple Express #5886,BULK-05886,Pre-Rolls,Cloud9 Labs,g,22.00
Northern Lights #5887,BULK-05887,Edibles,Nebula Extracts,each,29.00
Runtz #5888,BULK-05888,Vapes,Sungrown Farms,g,36.00
Zkittlez #5889,BULK-05889,Concentrates,Kush Co,each,43.00
Blue Dream #5890,BULK-05890,Flower,Cloud9 Labs,g,50.00
OG Kush #5891,BULK-05891,Pre-Rolls,Nebula Extracts,each,57.00
Sour Diesel #5892,BULK-05892,Edibles,Sungrown Farms,g,64.00
Gelato #5893,BULK-05893,Vapes,Kush Co,each,16.00
Wedding Cake #5894,BULK-05894,Concentrates,Cloud9 Labs,g,23.00
GDP #5895,BULK-05895,Flower,Nebula Extracts,each,30.00
Pineapple Express #5896,BULK-05896,Pre-Rolls,Sungrown Farms,g,37.00
Northern Lights #5897,BULK-05897,Edibles,Kush Co,each,44.00
Runtz #5898,BULK-05898,Vapes,Cloud9 Labs,g,51.00
Zkittlez #5899,BULK-05899,Concentrates,Nebula Extracts,each,58.00
Blue Dream #5900,BULK-05900,Flower,Sungrown Farms,g,65.00
OG Kush #5901,BULK-05901,Pre-Rolls,Kush Co,each,17.00
Sour Diesel #5902,BULK-05902,Edibles,Cloud9 Labs,g,24.00
Gelato #5903,BULK-05903,Vapes,Nebula Extracts,each,31.00
Wedding Cake #5904,BULK-05904,Concentrates,Sungrown Farms,g,38.00
GDP #5905,BULK-05905,Flower,Kush Co,each,45.00
Pineapple Express #5906,BULK-05906,Pre-Rolls,Cloud9 Labs,g,52.00
Northern Lights #5907,BULK-05907,Edibles,Nebula Extracts,each,59.00
Runtz #5908,BULK-05908,Vapes,Sungrown Farms,g,66.00
Zkittlez #5909,BULK-05909,Concentrates,Kush Co,each,18.00
Blue Dream #5910,BULK-05910,Flower,Cloud9 Labs,g,25.00
OG Kush #5911,BULK-05911,Pre-Rolls,Nebula Extracts,each,32.00
Sour Diesel #5912,BULK-05912,Edibles,Sungrown Farms,g,39.00
Gelato #5913,BULK-05913,Vapes,Kush Co,each,46.00
Wedding Cake #5914,BULK-05914,Concentrates,Cloud9 Labs,g,53.00
GDP #5915,BULK-05915,Flower,Nebula Extracts,each,60.00
Pineapple Express #5916,BULK-05916,Pre-Rolls,Sungrown Farms,g,67.00
Northern Lights #5917,BULK-05917,Edibles,Kush Co,each,19.00
Runtz #5918,BULK-05918,Vapes,Cloud9 Labs,g,26.00
Zkittlez #5919,BULK-05919,Concentrates,Nebula Extracts,each,33.00
Blue Dream #5920,BULK-05920,Flower,Sungrown Farms,g,40.00
OG Kush #5921,BULK-05921,Pre-Rolls,Kush Co,each,47.00
Sour Diesel #5922,BULK-05922,Edibles,Cloud9 Labs,g,54.00
Gelato #5923,BULK-05923,Vapes,Nebula Extracts,each,61.00
Wedding Cake #5924,BULK-05924,Concentrates,Sungrown Farms,g,68.00
GDP #5925,BULK-05925,Flower,Kush Co,each,20.00
Pineapple Express #5926,BULK-05926,Pre-Rolls,Cloud9 Labs,g,27.00
Northern Lights #5927,BULK-05927,Edibles,Nebula Extracts,each,34.00
Runtz #5928,BULK-05928,Vapes,Sungrown Farms,g,41.00
Zkittlez #5929,BULK-05929,Concentrates,Kush Co,each,48.00
Blue Dream #5930,BULK-05930,Flower,Cloud9 Labs,g,55.00
OG Kush #5931,BULK-05931,Pre-Rolls,Nebula Extracts,each,62.00
Sour Diesel #5932,BULK-05932,Edibles,Sungrown Farms,g,69.00
Gelato #5933,BULK-05933,Vapes,Kush Co,each,21.00
Wedding Cake #5934,BULK-05934,Concentrates,Cloud9 Labs,g,28.00
GDP #5935,BULK-05935,Flower,Nebula Extracts,each,35.00
Pineapple Express #5936,BULK-05936,Pre-Rolls,Sungrown Farms,g,42.00
Northern Lights #5937,BULK-05937,Edibles,Kush Co,each,49.00
Runtz #5938,BULK-05938,Vapes,Cloud9 Labs,g,56.00
Zkittlez #5939,BULK-05939,Concentrates,Nebula Extracts,each,63.00
Blue Dream #5940,BULK-05940,Flower,Sungrown Farms,g,15.00
OG Kush #5941,BULK-05941,Pre-Rolls,Kush Co,each,22.00
Sour Diesel #5942,BULK-05942,Edibles,Cloud9 Labs,g,29.00
Gelato #5943,BULK-05943,Vapes,Nebula Extracts,each,36.00
Wedding Cake #5944,BULK-05944,Concentrates,Sungrown Farms,g,43.00
GDP #5945,BULK-05945,Flower,Kush Co,each,50.00
Pineapple Express #5946,BULK-05946,Pre-Rolls,Cloud9 Labs,g,57.00
Northern Lights #5947,BULK-05947,Edibles,Nebula Extracts,each,64.00
Runtz #5948,BULK-05948,Vapes,Sungrown Farms,g,16.00
Zkittlez #5949,BULK-05949,Concentrates,Kush Co,each,23.00
Blue Dream #5950,BULK-05950,Flower,Cloud9 Labs,g,30.00
OG Kush #5951,BULK-05951,Pre-Rolls,Nebula Extracts,each,37.00
Sour Diesel #5952,BULK-05952,Edibles,Sungrown Farms,g,44.00
Gelato #5953,BULK-05953,Vapes,Kush Co,each,51.00
Wedding Cake #5954,BULK-05954,Concentrates,Cloud9 Labs,g,58.00
GDP #5955,BULK-05955,Flower,Nebula Extracts,each,65.00
Pineapple Express #5956,BULK-05956,Pre-Rolls,Sungrown Farms,g,17.00
Northern Lights #5957,BULK-05957,Edibles,Kush Co,each,24.00
Runtz #5958,BULK-05958,Vapes,Cloud9 Labs,g,31.00
Zkittlez #5959,BULK-05959,Concentrates,Nebula Extracts,each,38.00
Blue Dream #5960,BULK-05960,Flower,Sungrown Farms,g,45.00
OG Kush #5961,BULK-05961,Pre-Rolls,Kush Co,each,52.00
Sour Diesel #5962,BULK-05962,Edibles,Cloud9 Labs,g,59.00
Gelato #5963,BULK-05963,Vapes,Nebula Extracts,each,66.00
Wedding Cake #5964,BULK-05964,Concentrates,Sungrown Farms,g,18.00
GDP #5965,BULK-05965,Flower,Kush Co,each,25.00
Pineapple Express #5966,BULK-05966,Pre-Rolls,Cloud9 Labs,g,32.00
Northern Lights #5967,BULK-05967,Edibles,Nebula Extracts,each,39.00
Runtz #5968,BULK-05968,Vapes,Sungrown Farms,g,46.00
Zkittlez #5969,BULK-05969,Concentrates,Kush Co,each,53.00
Blue Dream #5970,BULK-05970,Flower,Cloud9 Labs,g,60.00
OG Kush #5971,BULK-05971,Pre-Rolls,Nebula Extracts,each,67.00
Sour Diesel #5972,BULK-05972,Edibles,Sungrown Farms,g,19.00
Gelato #5973,BULK-05973,Vapes,Kush Co,each,26.00
Wedding Cake #5974,BULK-05974,Concentrates,Cloud9 Labs,g,33.00
GDP #5975,BULK-05975,Flower,Nebula Extracts,each,40.00
Pineapple Express #5976,BULK-05976,Pre-Rolls,Sungrown Farms,g,47.00
Northern Lights #5977,BULK-05977,Edibles,Kush Co,each,54.00
Runtz #5978,BULK-05978,Vapes,Cloud9 Labs,g,61.00
Zkittlez #5979,BULK-05979,Concentrates,Nebula Extracts,each,68.00
Blue Dream #5980,BULK-05980,Flower,Sungrown Farms,g,20.00
OG Kush #5981,BULK-05981,Pre-Rolls,Kush Co,each,27.00
Sour Diesel #5982,BULK-05982,Edibles,Cloud9 Labs,g,34.00
Gelato #5983,BULK-05983,Vapes,Nebula Extracts,each,41.00
Wedding Cake #5984,BULK-05984,Concentrates,Sungrown Farms,g,48.00
GDP #5985,BULK-05985,Flower,Kush Co,each,55.00
Pineapple Express #5986,BULK-05986,Pre-Rolls,Cloud9 Labs,g,62.00
Northern Lights #5987,BULK-05987,Edibles,Nebula Extracts,each,69.00
Runtz #5988,BULK-05988,Vapes,Sungrown Farms,g,21.00
Zkittlez #5989,BULK-05989,Concentrates,Kush Co,each,28.00
Blue Dream #5990,BULK-05990,Flower,Cloud9 Labs,g,35.00
OG Kush #5991,BULK-05991,Pre-Rolls,Nebula Extracts,each,42.00
Sour Diesel #5992,BULK-05992,Edibles,Sungrown Farms,g,49.00
Gelato #5993,BULK-05993,Vapes,Kush Co,each,56.00
Wedding Cake #5994,BULK-05994,Concentrates,Cloud9 Labs,g,63.00
GDP #5995,BULK-05995,Flower,Nebula Extracts,each,15.00
Pineapple Express #5996,BULK-05996,Pre-Rolls,Sungrown Farms,g,22.00
Northern Lights #5997,BULK-05997,Edibles,Kush Co,each,29.00
Runtz #5998,BULK-05998,Vapes,Cloud9 Labs,g,36.00
Zkittlez #5999,BULK-05999,Concentrates,Nebula Extracts,each,43.00
Blue Dream #6000,BULK-06000,Flower,Sungrown Farms,g,50.00
OG Kush #6001,BULK-06001,Pre-Rolls,Kush Co,each,57.00
Sour Diesel #6002,BULK-06002,Edibles,Cloud9 Labs,g,64.00
Gelato #6003,BULK-06003,Vapes,Nebula Extracts,each,16.00
Wedding Cake #6004,BULK-06004,Concentrates,Sungrown Farms,g,23.00
GDP #6005,BULK-06005,Flower,Kush Co,each,30.00
Pineapple Express #6006,BULK-06006,Pre-Rolls,Cloud9 Labs,g,37.00
Northern Lights #6007,BULK-06007,Edibles,Nebula Extracts,each,44.00
Runtz #6008,BULK-06008,Vapes,Sungrown Farms,g,51.00
Zkittlez #6009,BULK-06009,Concentrates,Kush Co,each,58.00
Blue Dream #6010,BULK-06010,Flower,Cloud9 Labs,g,65.00
OG Kush #6011,BULK-06011,Pre-Rolls,Nebula Extracts,each,17.00
Sour Diesel #6012,BULK-06012,Edibles,Sungrown Farms,g,24.00
Gelato #6013,BULK-06013,Vapes,Kush Co,each,31.00
Wedding Cake #6014,BULK-06014,Concentrates,Cloud9 Labs,g,38.00
GDP #6015,BULK-06015,Flower,Nebula Extracts,each,45.00
Pineapple Express #6016,BULK-06016,Pre-Rolls,Sungrown Farms,g,52.00
Northern Lights #6017,BULK-06017,Edibles,Kush Co,each,59.00
Runtz #6018,BULK-06018,Vapes,Cloud9 Labs,g,66.00
Zkittlez #6019,BULK-06019,Concentrates,Nebula Extracts,each,18.00
Blue Dream #6020,BULK-06020,Flower,Sungrown Farms,g,25.00
OG Kush #6021,BULK-06021,Pre-Rolls,Kush Co,each,32.00
Sour Diesel #6022,BULK-06022,Edibles,Cloud9 Labs,g,39.00
Gelato #6023,BULK-06023,Vapes,Nebula Extracts,each,46.00
Wedding Cake #6024,BULK-06024,Concentrates,Sungrown Farms,g,53.00
GDP #6025,BULK-06025,Flower,Kush Co,each,60.00
Pineapple Express #6026,BULK-06026,Pre-Rolls,Cloud9 Labs,g,67.00
Northern Lights #6027,BULK-06027,Edibles,Nebula Extracts,each,19.00
Runtz #6028,BULK-06028,Vapes,Sungrown Farms,g,26.00
Zkittlez #6029,BULK-06029,Concentrates,Kush Co,each,33.00
Blue Dream #6030,BULK-06030,Flower,Cloud9 Labs,g,40.00
OG Kush #6031,BULK-06031,Pre-Rolls,Nebula Extracts,each,47.00
Sour Diesel #6032,BULK-06032,Edibles,Sungrown Farms,g,54.00
Gelato #6033,BULK-06033,Vapes,Kush Co,each,61.00
Wedding Cake #6034,BULK-06034,Concentrates,Cloud9 Labs,g,68.00
GDP #6035,BULK-06035,Flower,Nebula Extracts,each,20.00
Pineapple Express #6036,BULK-06036,Pre-Rolls,Sungrown Farms,g,27.00
Northern Lights #6037,BULK-06037,Edibles,Kush Co,each,34.00
Runtz #6038,BULK-06038,Vapes,Cloud9 Labs,g,41.00
Zkittlez #6039,BULK-06039,Concentrates,Nebula Extracts,each,48.00
Blue Dream #6040,BULK-06040,Flower,Sungrown Farms,g,55.00
OG Kush #6041,BULK-06041,Pre-Rolls,Kush Co,each,62.00
Sour Diesel #6042,BULK-06042,Edibles,Cloud9 Labs,g,69.00
Gelato #6043,BULK-06043,Vapes,Nebula Extracts,each,21.00
Wedding Cake #6044,BULK-06044,Concentrates,Sungrown Farms,g,28.00
GDP #6045,BULK-06045,Flower,Kush Co,each,35.00
Pineapple Express #6046,BULK-06046,Pre-Rolls,Cloud9 Labs,g,42.00
Northern Lights #6047,BULK-06047,Edibles,Nebula Extracts,each,49.00
Runtz #6048,BULK-06048,Vapes,Sungrown Farms,g,56.00
Zkittlez #6049,BULK-06049,Concentrates,Kush Co,each,63.00
Blue Dream #6050,BULK-06050,Flower,Cloud9 Labs,g,15.00
OG Kush #6051,BULK-06051,Pre-Rolls,Nebula Extracts,each,22.00
Sour Diesel #6052,BULK-06052,Edibles,Sungrown Farms,g,29.00
Gelato #6053,BULK-06053,Vapes,Kush Co,each,36.00
Wedding Cake #6054,BULK-06054,Concentrates,Cloud9 Labs,g,43.00
GDP #6055,BULK-06055,Flower,Nebula Extracts,each,50.00
Pineapple Express #6056,BULK-06056,Pre-Rolls,Sungrown Farms,g,57.00
Northern Lights #6057,BULK-06057,Edibles,Kush Co,each,64.00
Runtz #6058,BULK-06058,Vapes,Cloud9 Labs,g,16.00
Zkittlez #6059,BULK-06059,Concentrates,Nebula Extracts,each,23.00
Blue Dream #6060,BULK-06060,Flower,Sungrown Farms,g,30.00
OG Kush #6061,BULK-06061,Pre-Rolls,Kush Co,each,37.00
Sour Diesel #6062,BULK-06062,Edibles,Cloud9 Labs,g,44.00
Gelato #6063,BULK-06063,Vapes,Nebula Extracts,each,51.00
Wedding Cake #6064,BULK-06064,Concentrates,Sungrown Farms,g,58.00
GDP #6065,BULK-06065,Flower,Kush Co,each,65.00
Pineapple Express #6066,BULK-06066,Pre-Rolls,Cloud9 Labs,g,17.00
Northern Lights #6067,BULK-06067,Edibles,Nebula Extracts,each,24.00
Runtz #6068,BULK-06068,Vapes,Sungrown Farms,g,31.00
Zkittlez #6069,BULK-06069,Concentrates,Kush Co,each,38.00
Blue Dream #6070,BULK-06070,Flower,Cloud9 Labs,g,45.00
OG Kush #6071,BULK-06071,Pre-Rolls,Nebula Extracts,each,52.00
Sour Diesel #6072,BULK-06072,Edibles,Sungrown Farms,g,59.00
Gelato #6073,BULK-06073,Vapes,Kush Co,each,66.00
Wedding Cake #6074,BULK-06074,Concentrates,Cloud9 Labs,g,18.00
GDP #6075,BULK-06075,Flower,Nebula Extracts,each,25.00
Pineapple Express #6076,BULK-06076,Pre-Rolls,Sungrown Farms,g,32.00
Northern Lights #6077,BULK-06077,Edibles,Kush Co,each,39.00
Runtz #6078,BULK-06078,Vapes,Cloud9 Labs,g,46.00
Zkittlez #6079,BULK-06079,Concentrates,Nebula Extracts,each,53.00
Blue Dream #6080,BULK-06080,Flower,Sungrown Farms,g,60.00
OG Kush #6081,BULK-06081,Pre-Rolls,Kush Co,each,67.00
Sour Diesel #6082,BULK-06082,Edibles,Cloud9 Labs,g,19.00
Gelato #6083,BULK-06083,Vapes,Nebula Extracts,each,26.00
Wedding Cake #6084,BULK-06084,Concentrates,Sungrown Farms,g,33.00
GDP #6085,BULK-06085,Flower,Kush Co,each,40.00
Pineapple Express #6086,BULK-06086,Pre-Rolls,Cloud9 Labs,g,47.00
Northern Lights #6087,BULK-06087,Edibles,Nebula Extracts,each,54.00
Runtz #6088,BULK-06088,Vapes,Sungrown Farms,g,61.00
Zkittlez #6089,BULK-06089,Concentrates,Kush Co,each,68.00
Blue Dream #6090,BULK-06090,Flower,Cloud9 Labs,g,20.00
OG Kush #6091,BULK-06091,Pre-Rolls,Nebula Extracts,each,27.00
Sour Diesel #6092,BULK-06092,Edibles,Sungrown Farms,g,34.00
Gelato #6093,BULK-06093,Vapes,Kush Co,each,41.00
Wedding Cake #6094,BULK-06094,Concentrates,Cloud9 Labs,g,48.00
GDP #6095,BULK-06095,Flower,Nebula Extracts,each,55.00
Pineapple Express #6096,BULK-06096,Pre-Rolls,Sungrown Farms,g,62.00
Northern Lights #6097,BULK-06097,Edibles,Kush Co,each,69.00
Runtz #6098,BULK-06098,Vapes,Cloud9 Labs,g,21.00
Zkittlez #6099,BULK-06099,Concentrates,Nebula Extracts,each,28.00
Blue Dream #6100,BULK-06100,Flower,Sungrown Farms,g,35.00
OG Kush #6101,BULK-06101,Pre-Rolls,Kush Co,each,42.00
Sour Diesel #6102,BULK-06102,Edibles,Cloud9 Labs,g,49.00
Gelato #6103,BULK-06103,Vapes,Nebula Extracts,each,56.00
Wedding Cake #6104,BULK-06104,Concentrates,Sungrown Farms,g,63.00
GDP #6105,BULK-06105,Flower,Kush Co,each,15.00
Pineapple Express #6106,BULK-06106,Pre-Rolls,Cloud9 Labs,g,22.00
Northern Lights #6107,BULK-06107,Edibles,Nebula Extracts,each,29.00
Runtz #6108,BULK-06108,Vapes,Sungrown Farms,g,36.00
Zkittlez #6109,BULK-06109,Concentrates,Kush Co,each,43.00
Blue Dream #6110,BULK-06110,Flower,Cloud9 Labs,g,50.00
OG Kush #6111,BULK-06111,Pre-Rolls,Nebula Extracts,each,57.00
Sour Diesel #6112,BULK-06112,Edibles,Sungrown Farms,g,64.00
Gelato #6113,BULK-06113,Vapes,Kush Co,each,16.00
Wedding Cake #6114,BULK-06114,Concentrates,Cloud9 Labs,g,23.00
GDP #6115,BULK-06115,Flower,Nebula Extracts,each,30.00
Pineapple Express #6116,BULK-06116,Pre-Rolls,Sungrown Farms,g,37.00
Northern Lights #6117,BULK-06117,Edibles,Kush Co,each,44.00
Runtz #6118,BULK-06118,Vapes,Cloud9 Labs,g,51.00
Zkittlez #6119,BULK-06119,Concentrates,Nebula Extracts,each,58.00
Blue Dream #6120,BULK-06120,Flower,Sungrown Farms,g,65.00
OG Kush #6121,BULK-06121,Pre-Rolls,Kush Co,each,17.00
Sour Diesel #6122,BULK-06122,Edibles,Cloud9 Labs,g,24.00
Gelato #6123,BULK-06123,Vapes,Nebula Extracts,each,31.00
Wedding Cake #6124,BULK-06124,Concentrates,Sungrown Farms,g,38.00
GDP #6125,BULK-06125,Flower,Kush Co,each,45.00
Pineapple Express #6126,BULK-06126,Pre-Rolls,Cloud9 Labs,g,52.00
Northern Lights #6127,BULK-06127,Edibles,Nebula Extracts,each,59.00
Runtz #6128,BULK-06128,Vapes,Sungrown Farms,g,66.00
Zkittlez #6129,BULK-06129,Concentrates,Kush Co,each,18.00
Blue Dream #6130,BULK-06130,Flower,Cloud9 Labs,g,25.00
OG Kush #6131,BULK-06131,Pre-Rolls,Nebula Extracts,each,32.00
Sour Diesel #6132,BULK-06132,Edibles,Sungrown Farms,g,39.00
Gelato #6133,BULK-06133,Vapes,Kush Co,each,46.00
Wedding Cake #6134,BULK-06134,Concentrates,Cloud9 Labs,g,53.00
GDP #6135,BULK-06135,Flower,Nebula Extracts,each,60.00
Pineapple Express #6136,BULK-06136,Pre-Rolls,Sungrown Farms,g,67.00
Northern Lights #6137,BULK-06137,Edibles,Kush Co,each,19.00
Runtz #6138,BULK-06138,Vapes,Cloud9 Labs,g,26.00
Zkittlez #6139,BULK-06139,Concentrates,Nebula Extracts,each,33.00
Blue Dream #6140,BULK-06140,Flower,Sungrown Farms,g,40.00
OG Kush #6141,BULK-06141,Pre-Rolls,Kush Co,each,47.00
Sour Diesel #6142,BULK-06142,Edibles,Cloud9 Labs,g,54.00
Gelato #6143,BULK-06143,Vapes,Nebula Extracts,each,61.00
Wedding Cake #6144,BULK-06144,Concentrates,Sungrown Farms,g,68.00
GDP #6145,BULK-06145,Flower,Kush Co,each,20.00
Pineapple Express #6146,BULK-06146,Pre-Rolls,Cloud9 Labs,g,27.00
Northern Lights #6147,BULK-06147,Edibles,Nebula Extracts,each,34.00
Runtz #6148,BULK-06148,Vapes,Sungrown Farms,g,41.00
Zkittlez #6149,BULK-06149,Concentrates,Kush Co,each,48.00
Blue Dream #6150,BULK-06150,Flower,Cloud9 Labs,g,55.00
OG Kush #6151,BULK-06151,Pre-Rolls,Nebula Extracts,each,62.00
Sour Diesel #6152,BULK-06152,Edibles,Sungrown Farms,g,69.00
Gelato #6153,BULK-06153,Vapes,Kush Co,each,21.00
Wedding Cake #6154,BULK-06154,Concentrates,Cloud9 Labs,g,28.00
GDP #6155,BULK-06155,Flower,Nebula Extracts,each,35.00
Pineapple Express #6156,BULK-06156,Pre-Rolls,Sungrown Farms,g,42.00
Northern Lights #6157,BULK-06157,Edibles,Kush Co,each,49.00
Runtz #6158,BULK-06158,Vapes,Cloud9 Labs,g,56.00
Zkittlez #6159,BULK-06159,Concentrates,Nebula Extracts,each,63.00
Blue Dream #6160,BULK-06160,Flower,Sungrown Farms,g,15.00
OG Kush #6161,BULK-06161,Pre-Rolls,Kush Co,each,22.00
Sour Diesel #6162,BULK-06162,Edibles,Cloud9 Labs,g,29.00
Gelato #6163,BULK-06163,Vapes,Nebula Extracts,each,36.00
Wedding Cake #6164,BULK-06164,Concentrates,Sungrown Farms,g,43.00
GDP #6165,BULK-06165,Flower,Kush Co,each,50.00
Pineapple Express #6166,BULK-06166,Pre-Rolls,Cloud9 Labs,g,57.00
Northern Lights #6167,BULK-06167,Edibles,Nebula Extracts,each,64.00
Runtz #6168,BULK-06168,Vapes,Sungrown Farms,g,16.00
Zkittlez #6169,BULK-06169,Concentrates,Kush Co,each,23.00
Blue Dream #6170,BULK-06170,Flower,Cloud9 Labs,g,30.00
OG Kush #6171,BULK-06171,Pre-Rolls,Nebula Extracts,each,37.00
Sour Diesel #6172,BULK-06172,Edibles,Sungrown Farms,g,44.00
Gelato #6173,BULK-06173,Vapes,Kush Co,each,51.00
Wedding Cake #6174,BULK-06174,Concentrates,Cloud9 Labs,g,58.00
GDP #6175,BULK-06175,Flower,Nebula Extracts,each,65.00
Pineapple Express #6176,BULK-06176,Pre-Rolls,Sungrown Farms,g,17.00
Northern Lights #6177,BULK-06177,Edibles,Kush Co,each,24.00
Runtz #6178,BULK-06178,Vapes,Cloud9 Labs,g,31.00
Zkittlez #6179,BULK-06179,Concentrates,Nebula Extracts,each,38.00
Blue Dream #6180,BULK-06180,Flower,Sungrown Farms,g,45.00
OG Kush #6181,BULK-06181,Pre-Rolls,Kush Co,each,52.00
Sour Diesel #6182,BULK-06182,Edibles,Cloud9 Labs,g,59.00
Gelato #6183,BULK-06183,Vapes,Nebula Extracts,each,66.00
Wedding Cake #6184,BULK-06184,Concentrates,Sungrown Farms,g,18.00
GDP #6185,BULK-06185,Flower,Kush Co,each,25.00
Pineapple Express #6186,BULK-06186,Pre-Rolls,Cloud9 Labs,g,32.00
Northern Lights #6187,BULK-06187,Edibles,Nebula Extracts,each,39.00
Runtz #6188,BULK-06188,Vapes,Sungrown Farms,g,46.00
Zkittlez #6189,BULK-06189,Concentrates,Kush Co,each,53.00
Blue Dream #6190,BULK-06190,Flower,Cloud9 Labs,g,60.00
OG Kush #6191,BULK-06191,Pre-Rolls,Nebula Extracts,each,67.00
Sour Diesel #6192,BULK-06192,Edibles,Sungrown Farms,g,19.00
Gelato #6193,BULK-06193,Vapes,Kush Co,each,26.00
Wedding Cake #6194,BULK-06194,Concentrates,Cloud9 Labs,g,33.00
GDP #6195,BULK-06195,Flower,Nebula Extracts,each,40.00
Pineapple Express #6196,BULK-06196,Pre-Rolls,Sungrown Farms,g,47.00
Northern Lights #6197,BULK-06197,Edibles,Kush Co,each,54.00
Runtz #6198,BULK-06198,Vapes,Cloud9 Labs,g,61.00
Zkittlez #6199,BULK-06199,Concentrates,Nebula Extracts,each,68.00
Blue Dream #6200,BULK-06200,Flower,Sungrown Farms,g,20.00
OG Kush #6201,BULK-06201,Pre-Rolls,Kush Co,each,27.00
Sour Diesel #6202,BULK-06202,Edibles,Cloud9 Labs,g,34.00
Gelato #6203,BULK-06203,Vapes,Nebula Extracts,each,41.00
Wedding Cake #6204,BULK-06204,Concentrates,Sungrown Farms,g,48.00
GDP #6205,BULK-06205,Flower,Kush Co,each,55.00
Pineapple Express #6206,BULK-06206,Pre-Rolls,Cloud9 Labs,g,62.00
Northern Lights #6207,BULK-06207,Edibles,Nebula Extracts,each,69.00
Runtz #6208,BULK-06208,Vapes,Sungrown Farms,g,21.00
Zkittlez #6209,BULK-06209,Concentrates,Kush Co,each,28.00
Blue Dream #6210,BULK-06210,Flower,Cloud9 Labs,g,35.00
OG Kush #6211,BULK-06211,Pre-Rolls,Nebula Extracts,each,42.00
Sour Diesel #6212,BULK-06212,Edibles,Sungrown Farms,g,49.00
Gelato #6213,BULK-06213,Vapes,Kush Co,each,56.00
Wedding Cake #6214,BULK-06214,Concentrates,Cloud9 Labs,g,63.00
GDP #6215,BULK-06215,Flower,Nebula Extracts,each,15.00
Pineapple Express #6216,BULK-06216,Pre-Rolls,Sungrown Farms,g,22.00
Northern Lights #6217,BULK-06217,Edibles,Kush Co,each,29.00
Runtz #6218,BULK-06218,Vapes,Cloud9 Labs,g,36.00
Zkittlez #6219,BULK-06219,Concentrates,Nebula Extracts,each,43.00
Blue Dream #6220,BULK-06220,Flower,Sungrown Farms,g,50.00
OG Kush #6221,BULK-06221,Pre-Rolls,Kush Co,each,57.00
Sour Diesel #6222,BULK-06222,Edibles,Cloud9 Labs,g,64.00
Gelato #6223,BULK-06223,Vapes,Nebula Extracts,each,16.00
Wedding Cake #6224,BULK-06224,Concentrates,Sungrown Farms,g,23.00
GDP #6225,BULK-06225,Flower,Kush Co,each,30.00
Pineapple Express #6226,BULK-06226,Pre-Rolls,Cloud9 Labs,g,37.00
Northern Lights #6227,BULK-06227,Edibles,Nebula Extracts,each,44.00
Runtz #6228,BULK-06228,Vapes,Sungrown Farms,g,51.00
Zkittlez #6229,BULK-06229,Concentrates,Kush Co,each,58.00
Blue Dream #6230,BULK-06230,Flower,Cloud9 Labs,g,65.00
OG Kush #6231,BULK-06231,Pre-Rolls,Nebula Extracts,each,17.00
Sour Diesel #6232,BULK-06232,Edibles,Sungrown Farms,g,24.00
Gelato #6233,BULK-06233,Vapes,Kush Co,each,31.00
Wedding Cake #6234,BULK-06234,Concentrates,Cloud9 Labs,g,38.00
GDP #6235,BULK-06235,Flower,Nebula Extracts,each,45.00
Pineapple Express #6236,BULK-06236,Pre-Rolls,Sungrown Farms,g,52.00
Northern Lights #6237,BULK-06237,Edibles,Kush Co,each,59.00
Runtz #6238,BULK-06238,Vapes,Cloud9 Labs,g,66.00
Zkittlez #6239,BULK-06239,Concentrates,Nebula Extracts,each,18.00
Blue Dream #6240,BULK-06240,Flower,Sungrown Farms,g,25.00
OG Kush #6241,BULK-06241,Pre-Rolls,Kush Co,each,32.00
Sour Diesel #6242,BULK-06242,Edibles,Cloud9 Labs,g,39.00
Gelato #6243,BULK-06243,Vapes,Nebula Extracts,each,46.00
Wedding Cake #6244,BULK-06244,Concentrates,Sungrown Farms,g,53.00
GDP #6245,BULK-06245,Flower,Kush Co,each,60.00
Pineapple Express #6246,BULK-06246,Pre-Rolls,Cloud9 Labs,g,67.00
Northern Lights #6247,BULK-06247,Edibles,Nebula Extracts,each,19.00
Runtz #6248,BULK-06248,Vapes,Sungrown Farms,g,26.00
Zkittlez #6249,BULK-06249,Concentrates,Kush Co,each,33.00
Blue Dream #6250,BULK-06250,Flower,Cloud9 Labs,g,40.00
OG Kush #6251,BULK-06251,Pre-Rolls,Nebula Extracts,each,47.00
Sour Diesel #6252,BULK-06252,Edibles,Sungrown Farms,g,54.00
Gelato #6253,BULK-06253,Vapes,Kush Co,each,61.00
Wedding Cake #6254,BULK-06254,Concentrates,Cloud9 Labs,g,68.00
GDP #6255,BULK-06255,Flower,Nebula Extracts,each,20.00
Pineapple Express #6256,BULK-06256,Pre-Rolls,Sungrown Farms,g,27.00
Northern Lights #6257,BULK-06257,Edibles,Kush Co,each,34.00
Runtz #6258,BULK-06258,Vapes,Cloud9 Labs,g,41.00
Zkittlez #6259,BULK-06259,Concentrates,Nebula Extracts,each,48.00
Blue Dream #6260,BULK-06260,Flower,Sungrown Farms,g,55.00
OG Kush #6261,BULK-06261,Pre-Rolls,Kush Co,each,62.00
Sour Diesel #6262,BULK-06262,Edibles,Cloud9 Labs,g,69.00
Gelato #6263,BULK-06263,Vapes,Nebula Extracts,each,21.00
Wedding Cake #6264,BULK-06264,Concentrates,Sungrown Farms,g,28.00
GDP #6265,BULK-06265,Flower,Kush Co,each,35.00
Pineapple Express #6266,BULK-06266,Pre-Rolls,Cloud9 Labs,g,42.00
Northern Lights #6267,BULK-06267,Edibles,Nebula Extracts,each,49.00
Runtz #6268,BULK-06268,Vapes,Sungrown Farms,g,56.00
Zkittlez #6269,BULK-06269,Concentrates,Kush Co,each,63.00
Blue Dream #6270,BULK-06270,Flower,Cloud9 Labs,g,15.00
OG Kush #6271,BULK-06271,Pre-Rolls,Nebula Extracts,each,22.00
Sour Diesel #6272,BULK-06272,Edibles,Sungrown Farms,g,29.00
Gelato #6273,BULK-06273,Vapes,Kush Co,each,36.00
Wedding Cake #6274,BULK-06274,Concentrates,Cloud9 Labs,g,43.00
GDP #6275,BULK-06275,Flower,Nebula Extracts,each,50.00
Pineapple Express #6276,BULK-06276,Pre-Rolls,Sungrown Farms,g,57.00
Northern Lights #6277,BULK-06277,Edibles,Kush Co,each,64.00
Runtz #6278,BULK-06278,Vapes,Cloud9 Labs,g,16.00
Zkittlez #6279,BULK-06279,Concentrates,Nebula Extracts,each,23.00
Blue Dream #6280,BULK-06280,Flower,Sungrown Farms,g,30.00
OG Kush #6281,BULK-06281,Pre-Rolls,Kush Co,each,37.00
Sour Diesel #6282,BULK-06282,Edibles,Cloud9 Labs,g,44.00
Gelato #6283,BULK-06283,Vapes,Nebula Extracts,each,51.00
Wedding Cake #6284,BULK-06284,Concentrates,Sungrown Farms,g,58.00
GDP #6285,BULK-06285,Flower,Kush Co,each,65.00
Pineapple Express #6286,BULK-06286,Pre-Rolls,Cloud9 Labs,g,17.00
Northern Lights #6287,BULK-06287,Edibles,Nebula Extracts,each,24.00
Runtz #6288,BULK-06288,Vapes,Sungrown Farms,g,31.00
Zkittlez #6289,BULK-06289,Concentrates,Kush Co,each,38.00
Blue Dream #6290,BULK-06290,Flower,Cloud9 Labs,g,45.00
OG Kush #6291,BULK-06291,Pre-Rolls,Nebula Extracts,each,52.00
Sour Diesel #6292,BULK-06292,Edibles,Sungrown Farms,g,59.00
Gelato #6293,BULK-06293,Vapes,Kush Co,each,66.00
Wedding Cake #6294,BULK-06294,Concentrates,Cloud9 Labs,g,18.00
GDP #6295,BULK-06295,Flower,Nebula Extracts,each,25.00
Pineapple Express #6296,BULK-06296,Pre-Rolls,Sungrown Farms,g,32.00
Northern Lights #6297,BULK-06297,Edibles,Kush Co,each,39.00
Runtz #6298,BULK-06298,Vapes,Cloud9 Labs,g,46.00
Zkittlez #6299,BULK-06299,Concentrates,Nebula Extracts,each,53.00
Blue Dream #6300,BULK-06300,Flower,Sungrown Farms,g,60.00
OG Kush #6301,BULK-06301,Pre-Rolls,Kush Co,each,67.00
Sour Diesel #6302,BULK-06302,Edibles,Cloud9 Labs,g,19.00
Gelato #6303,BULK-06303,Vapes,Nebula Extracts,each,26.00
Wedding Cake #6304,BULK-06304,Concentrates,Sungrown Farms,g,33.00
GDP #6305,BULK-06305,Flower,Kush Co,each,40.00
Pineapple Express #6306,BULK-06306,Pre-Rolls,Cloud9 Labs,g,47.00
Northern Lights #6307,BULK-06307,Edibles,Nebula Extracts,each,54.00
Runtz #6308,BULK-06308,Vapes,Sungrown Farms,g,61.00
Zkittlez #6309,BULK-06309,Concentrates,Kush Co,each,68.00
Blue Dream #6310,BULK-06310,Flower,Cloud9 Labs,g,20.00
OG Kush #6311,BULK-06311,Pre-Rolls,Nebula Extracts,each,27.00
Sour Diesel #6312,BULK-06312,Edibles,Sungrown Farms,g,34.00
Gelato #6313,BULK-06313,Vapes,Kush Co,each,41.00
Wedding Cake #6314,BULK-06314,Concentrates,Cloud9 Labs,g,48.00
GDP #6315,BULK-06315,Flower,Nebula Extracts,each,55.00
Pineapple Express #6316,BULK-06316,Pre-Rolls,Sungrown Farms,g,62.00
Northern Lights #6317,BULK-06317,Edibles,Kush Co,each,69.00
Runtz #6318,BULK-06318,Vapes,Cloud9 Labs,g,21.00
Zkittlez #6319,BULK-06319,Concentrates,Nebula Extracts,each,28.00
Blue Dream #6320,BULK-06320,Flower,Sungrown Farms,g,35.00
OG Kush #6321,BULK-06321,Pre-Rolls,Kush Co,each,42.00
Sour Diesel #6322,BULK-06322,Edibles,Cloud9 Labs,g,49.00
Gelato #6323,BULK-06323,Vapes,Nebula Extracts,each,56.00
Wedding Cake #6324,BULK-06324,Concentrates,Sungrown Farms,g,63.00
GDP #6325,BULK-06325,Flower,Kush Co,each,15.00
Pineapple Express #6326,BULK-06326,Pre-Rolls,Cloud9 Labs,g,22.00
Northern Lights #6327,BULK-06327,Edibles,Nebula Extracts,each,29.00
Runtz #6328,BULK-06328,Vapes,Sungrown Farms,g,36.00
Zkittlez #6329,BULK-06329,Concentrates,Kush Co,each,43.00
Blue Dream #6330,BULK-06330,Flower,Cloud9 Labs,g,50.00
OG Kush #6331,BULK-06331,Pre-Rolls,Nebula Extracts,each,57.00
Sour Diesel #6332,BULK-06332,Edibles,Sungrown Farms,g,64.00
Gelato #6333,BULK-06333,Vapes,Kush Co,each,16.00
Wedding Cake #6334,BULK-06334,Concentrates,Cloud9 Labs,g,23.00
GDP #6335,BULK-06335,Flower,Nebula Extracts,each,30.00
Pineapple Express #6336,BULK-06336,Pre-Rolls,Sungrown Farms,g,37.00
Northern Lights #6337,BULK-06337,Edibles,Kush Co,each,44.00
Runtz #6338,BULK-06338,Vapes,Cloud9 Labs,g,51.00
Zkittlez #6339,BULK-06339,Concentrates,Nebula Extracts,each,58.00
Blue Dream #6340,BULK-06340,Flower,Sungrown Farms,g,65.00
OG Kush #6341,BULK-06341,Pre-Rolls,Kush Co,each,17.00
Sour Diesel #6342,BULK-06342,Edibles,Cloud9 Labs,g,24.00
Gelato #6343,BULK-06343,Vapes,Nebula Extracts,each,31.00
Wedding Cake #6344,BULK-06344,Concentrates,Sungrown Farms,g,38.00
GDP #6345,BULK-06345,Flower,Kush Co,each,45.00
Pineapple Express #6346,BULK-06346,Pre-Rolls,Cloud9 Labs,g,52.00
Northern Lights #6347,BULK-06347,Edibles,Nebula Extracts,each,59.00
Runtz #6348,BULK-06348,Vapes,Sungrown Farms,g,66.00
Zkittlez #6349,BULK-06349,Concentrates,Kush Co,each,18.00
Blue Dream #6350,BULK-06350,Flower,Cloud9 Labs,g,25.00
OG Kush #6351,BULK-06351,Pre-Rolls,Nebula Extracts,each,32.00
Sour Diesel #6352,BULK-06352,Edibles,Sungrown Farms,g,39.00
Gelato #6353,BULK-06353,Vapes,Kush Co,each,46.00
Wedding Cake #6354,BULK-06354,Concentrates,Cloud9 Labs,g,53.00
GDP #6355,BULK-06355,Flower,Nebula Extracts,each,60.00
Pineapple Express #6356,BULK-06356,Pre-Rolls,Sungrown Farms,g,67.00
Northern Lights #6357,BULK-06357,Edibles,Kush Co,each,19.00
Runtz #6358,BULK-06358,Vapes,Cloud9 Labs,g,26.00
Zkittlez #6359,BULK-06359,Concentrates,Nebula Extracts,each,33.00
Blue Dream #6360,BULK-06360,Flower,Sungrown Farms,g,40.00
OG Kush #6361,BULK-06361,Pre-Rolls,Kush Co,each,47.00
Sour Diesel #6362,BULK-06362,Edibles,Cloud9 Labs,g,54.00
Gelato #6363,BULK-06363,Vapes,Nebula Extracts,each,61.00
Wedding Cake #6364,BULK-06364,Concentrates,Sungrown Farms,g,68.00
GDP #6365,BULK-06365,Flower,Kush Co,each,20.00
Pineapple Express #6366,BULK-06366,Pre-Rolls,Cloud9 Labs,g,27.00
Northern Lights #6367,BULK-06367,Edibles,Nebula Extracts,each,34.00
Runtz #6368,BULK-06368,Vapes,Sungrown Farms,g,41.00
Zkittlez #6369,BULK-06369,Concentrates,Kush Co,each,48.00
Blue Dream #6370,BULK-06370,Flower,Cloud9 Labs,g,55.00
OG Kush #6371,BULK-06371,Pre-Rolls,Nebula Extracts,each,62.00
Sour Diesel #6372,BULK-06372,Edibles,Sungrown Farms,g,69.00
Gelato #6373,BULK-06373,Vapes,Kush Co,each,21.00
Wedding Cake #6374,BULK-06374,Concentrates,Cloud9 Labs,g,28.00
GDP #6375,BULK-06375,Flower,Nebula Extracts,each,35.00
Pineapple Express #6376,BULK-06376,Pre-Rolls,Sungrown Farms,g,42.00
Northern Lights #6377,BULK-06377,Edibles,Kush Co,each,49.00
Runtz #6378,BULK-06378,Vapes,Cloud9 Labs,g,56.00
Zkittlez #6379,BULK-06379,Concentrates,Nebula Extracts,each,63.00
Blue Dream #6380,BULK-06380,Flower,Sungrown Farms,g,15.00
OG Kush #6381,BULK-06381,Pre-Rolls,Kush Co,each,22.00
Sour Diesel #6382,BULK-06382,Edibles,Cloud9 Labs,g,29.00
Gelato #6383,BULK-06383,Vapes,Nebula Extracts,each,36.00
Wedding Cake #6384,BULK-06384,Concentrates,Sungrown Farms,g,43.00
GDP #6385,BULK-06385,Flower,Kush Co,each,50.00
Pineapple Express #6386,BULK-06386,Pre-Rolls,Cloud9 Labs,g,57.00
Northern Lights #6387,BULK-06387,Edibles,Nebula Extracts,each,64.00
Runtz #6388,BULK-06388,Vapes,Sungrown Farms,g,16.00
Zkittlez #6389,BULK-06389,Concentrates,Kush Co,each,23.00
Blue Dream #6390,BULK-06390,Flower,Cloud9 Labs,g,30.00
OG Kush #6391,BULK-06391,Pre-Rolls,Nebula Extracts,each,37.00
Sour Diesel #6392,BULK-06392,Edibles,Sungrown Farms,g,44.00
Gelato #6393,BULK-06393,Vapes,Kush Co,each,51.00
Wedding Cake #6394,BULK-06394,Concentrates,Cloud9 Labs,g,58.00
GDP #6395,BULK-06395,Flower,Nebula Extracts,each,65.00
Pineapple Express #6396,BULK-06396,Pre-Rolls,Sungrown Farms,g,17.00
Northern Lights #6397,BULK-06397,Edibles,Kush Co,each,24.00
Runtz #6398,BULK-06398,Vapes,Cloud9 Labs,g,31.00
Zkittlez #6399,BULK-06399,Concentrates,Nebula Extracts,each,38.00
Blue Dream #6400,BULK-06400,Flower,Sungrown Farms,g,45.00
OG Kush #6401,BULK-06401,Pre-Rolls,Kush Co,each,52.00
Sour Diesel #6402,BULK-06402,Edibles,Cloud9 Labs,g,59.00
Gelato #6403,BULK-06403,Vapes,Nebula Extracts,each,66.00
Wedding Cake #6404,BULK-06404,Concentrates,Sungrown Farms,g,18.00
GDP #6405,BULK-06405,Flower,Kush Co,each,25.00
Pineapple Express #6406,BULK-06406,Pre-Rolls,Cloud9 Labs,g,32.00
Northern Lights #6407,BULK-06407,Edibles,Nebula Extracts,each,39.00
Runtz #6408,BULK-06408,Vapes,Sungrown Farms,g,46.00
Zkittlez #6409,BULK-06409,Concentrates,Kush Co,each,53.00
Blue Dream #6410,BULK-06410,Flower,Cloud9 Labs,g,60.00
OG Kush #6411,BULK-06411,Pre-Rolls,Nebula Extracts,each,67.00
Sour Diesel #6412,BULK-06412,Edibles,Sungrown Farms,g,19.00
Gelato #6413,BULK-06413,Vapes,Kush Co,each,26.00
Wedding Cake #6414,BULK-06414,Concentrates,Cloud9 Labs,g,33.00
GDP #6415,BULK-06415,Flower,Nebula Extracts,each,40.00
Pineapple Express #6416,BULK-06416,Pre-Rolls,Sungrown Farms,g,47.00
Northern Lights #6417,BULK-06417,Edibles,Kush Co,each,54.00
Runtz #6418,BULK-06418,Vapes,Cloud9 Labs,g,61.00
Zkittlez #6419,BULK-06419,Concentrates,Nebula Extracts,each,68.00
Blue Dream #6420,BULK-06420,Flower,Sungrown Farms,g,20.00
OG Kush #6421,BULK-06421,Pre-Rolls,Kush Co,each,27.00
Sour Diesel #6422,BULK-06422,Edibles,Cloud9 Labs,g,34.00
Gelato #6423,BULK-06423,Vapes,Nebula Extracts,each,41.00
Wedding Cake #6424,BULK-06424,Concentrates,Sungrown Farms,g,48.00
GDP #6425,BULK-06425,Flower,Kush Co,each,55.00
Pineapple Express #6426,BULK-06426,Pre-Rolls,Cloud9 Labs,g,62.00
Northern Lights #6427,BULK-06427,Edibles,Nebula Extracts,each,69.00
Runtz #6428,BULK-06428,Vapes,Sungrown Farms,g,21.00
Zkittlez #6429,BULK-06429,Concentrates,Kush Co,each,28.00
Blue Dream #6430,BULK-06430,Flower,Cloud9 Labs,g,35.00
OG Kush #6431,BULK-06431,Pre-Rolls,Nebula Extracts,each,42.00
Sour Diesel #6432,BULK-06432,Edibles,Sungrown Farms,g,49.00
Gelato #6433,BULK-06433,Vapes,Kush Co,each,56.00
Wedding Cake #6434,BULK-06434,Concentrates,Cloud9 Labs,g,63.00
GDP #6435,BULK-06435,Flower,Nebula Extracts,each,15.00
Pineapple Express #6436,BULK-06436,Pre-Rolls,Sungrown Farms,g,22.00
Northern Lights #6437,BULK-06437,Edibles,Kush Co,each,29.00
Runtz #6438,BULK-06438,Vapes,Cloud9 Labs,g,36.00
Zkittlez #6439,BULK-06439,Concentrates,Nebula Extracts,each,43.00
Blue Dream #6440,BULK-06440,Flower,Sungrown Farms,g,50.00
OG Kush #6441,BULK-06441,Pre-Rolls,Kush Co,each,57.00
Sour Diesel #6442,BULK-06442,Edibles,Cloud9 Labs,g,64.00
Gelato #6443,BULK-06443,Vapes,Nebula Extracts,each,16.00
Wedding Cake #6444,BULK-06444,Concentrates,Sungrown Farms,g,23.00
GDP #6445,BULK-06445,Flower,Kush Co,each,30.00
Pineapple Express #6446,BULK-06446,Pre-Rolls,Cloud9 Labs,g,37.00
Northern Lights #6447,BULK-06447,Edibles,Nebula Extracts,each,44.00
Runtz #6448,BULK-06448,Vapes,Sungrown Farms,g,51.00
Zkittlez #6449,BULK-06449,Concentrates,Kush Co,each,58.00
Blue Dream #6450,BULK-06450,Flower,Cloud9 Labs,g,65.00
OG Kush #6451,BULK-06451,Pre-Rolls,Nebula Extracts,each,17.00
Sour Diesel #6452,BULK-06452,Edibles,Sungrown Farms,g,24.00
Gelato #6453,BULK-06453,Vapes,Kush Co,each,31.00
Wedding Cake #6454,BULK-06454,Concentrates,Cloud9 Labs,g,38.00
GDP #6455,BULK-06455,Flower,Nebula Extracts,each,45.00
Pineapple Express #6456,BULK-06456,Pre-Rolls,Sungrown Farms,g,52.00
Northern Lights #6457,BULK-06457,Edibles,Kush Co,each,59.00
Runtz #6458,BULK-06458,Vapes,Cloud9 Labs,g,66.00
Zkittlez #6459,BULK-06459,Concentrates,Nebula Extracts,each,18.00
Blue Dream #6460,BULK-06460,Flower,Sungrown Farms,g,25.00
OG Kush #6461,BULK-06461,Pre-Rolls,Kush Co,each,32.00
Sour Diesel #6462,BULK-06462,Edibles,Cloud9 Labs,g,39.00
Gelato #6463,BULK-06463,Vapes,Nebula Extracts,each,46.00
Wedding Cake #6464,BULK-06464,Concentrates,Sungrown Farms,g,53.00
GDP #6465,BULK-06465,Flower,Kush Co,each,60.00
Pineapple Express #6466,BULK-06466,Pre-Rolls,Cloud9 Labs,g,67.00
Northern Lights #6467,BULK-06467,Edibles,Nebula Extracts,each,19.00
Runtz #6468,BULK-06468,Vapes,Sungrown Farms,g,26.00
Zkittlez #6469,BULK-06469,Concentrates,Kush Co,each,33.00
Blue Dream #6470,BULK-06470,Flower,Cloud9 Labs,g,40.00
OG Kush #6471,BULK-06471,Pre-Rolls,Nebula Extracts,each,47.00
Sour Diesel #6472,BULK-06472,Edibles,Sungrown Farms,g,54.00
Gelato #6473,BULK-06473,Vapes,Kush Co,each,61.00
Wedding Cake #6474,BULK-06474,Concentrates,Cloud9 Labs,g,68.00
GDP #6475,BULK-06475,Flower,Nebula Extracts,each,20.00
Pineapple Express #6476,BULK-06476,Pre-Rolls,Sungrown Farms,g,27.00
Northern Lights #6477,BULK-06477,Edibles,Kush Co,each,34.00
Runtz #6478,BULK-06478,Vapes,Cloud9 Labs,g,41.00
Zkittlez #6479,BULK-06479,Concentrates,Nebula Extracts,each,48.00
Blue Dream #6480,BULK-06480,Flower,Sungrown Farms,g,55.00
OG Kush #6481,BULK-06481,Pre-Rolls,Kush Co,each,62.00
Sour Diesel #6482,BULK-06482,Edibles,Cloud9 Labs,g,69.00
Gelato #6483,BULK-06483,Vapes,Nebula Extracts,each,21.00
Wedding Cake #6484,BULK-06484,Concentrates,Sungrown Farms,g,28.00
GDP #6485,BULK-06485,Flower,Kush Co,each,35.00
Pineapple Express #6486,BULK-06486,Pre-Rolls,Cloud9 Labs,g,42.00
Northern Lights #6487,BULK-06487,Edibles,Nebula Extracts,each,49.00
Runtz #6488,BULK-06488,Vapes,Sungrown Farms,g,56.00
Zkittlez #6489,BULK-06489,Concentrates,Kush Co,each,63.00
Blue Dream #6490,BULK-06490,Flower,Cloud9 Labs,g,15.00
OG Kush #6491,BULK-06491,Pre-Rolls,Nebula Extracts,each,22.00
Sour Diesel #6492,BULK-06492,Edibles,Sungrown Farms,g,29.00
Gelato #6493,BULK-06493,Vapes,Kush Co,each,36.00
Wedding Cake #6494,BULK-06494,Concentrates,Cloud9 Labs,g,43.00
GDP #6495,BULK-06495,Flower,Nebula Extracts,each,50.00
Pineapple Express #6496,BULK-06496,Pre-Rolls,Sungrown Farms,g,57.00
Northern Lights #6497,BULK-06497,Edibles,Kush Co,each,64.00
Runtz #6498,BULK-06498,Vapes,Cloud9 Labs,g,16.00
Zkittlez #6499,BULK-06499,Concentrates,Nebula Extracts,each,23.00
Blue Dream #6500,BULK-06500,Flower,Sungrown Farms,g,30.00
OG Kush #6501,BULK-06501,Pre-Rolls,Kush Co,each,37.00
Sour Diesel #6502,BULK-06502,Edibles,Cloud9 Labs,g,44.00
Gelato #6503,BULK-06503,Vapes,Nebula Extracts,each,51.00
Wedding Cake #6504,BULK-06504,Concentrates,Sungrown Farms,g,58.00
GDP #6505,BULK-06505,Flower,Kush Co,each,65.00
Pineapple Express #6506,BULK-06506,Pre-Rolls,Cloud9 Labs,g,17.00
Northern Lights #6507,BULK-06507,Edibles,Nebula Extracts,each,24.00
Runtz #6508,BULK-06508,Vapes,Sungrown Farms,g,31.00
Zkittlez #6509,BULK-06509,Concentrates,Kush Co,each,38.00
Blue Dream #6510,BULK-06510,Flower,Cloud9 Labs,g,45.00
OG Kush #6511,BULK-06511,Pre-Rolls,Nebula Extracts,each,52.00
Sour Diesel #6512,BULK-06512,Edibles,Sungrown Farms,g,59.00
Gelato #6513,BULK-06513,Vapes,Kush Co,each,66.00
Wedding Cake #6514,BULK-06514,Concentrates,Cloud9 Labs,g,18.00
GDP #6515,BULK-06515,Flower,Nebula Extracts,each,25.00
Pineapple Express #6516,BULK-06516,Pre-Rolls,Sungrown Farms,g,32.00
Northern Lights #6517,BULK-06517,Edibles,Kush Co,each,39.00
Runtz #6518,BULK-06518,Vapes,Cloud9 Labs,g,46.00
Zkittlez #6519,BULK-06519,Concentrates,Nebula Extracts,each,53.00
Blue Dream #6520,BULK-06520,Flower,Sungrown Farms,g,60.00
OG Kush #6521,BULK-06521,Pre-Rolls,Kush Co,each,67.00
Sour Diesel #6522,BULK-06522,Edibles,Cloud9 Labs,g,19.00
Gelato #6523,BULK-06523,Vapes,Nebula Extracts,each,26.00
Wedding Cake #6524,BULK-06524,Concentrates,Sungrown Farms,g,33.00
GDP #6525,BULK-06525,Flower,Kush Co,each,40.00
Pineapple Express #6526,BULK-06526,Pre-Rolls,Cloud9 Labs,g,47.00
Northern Lights #6527,BULK-06527,Edibles,Nebula Extracts,each,54.00
Runtz #6528,BULK-06528,Vapes,Sungrown Farms,g,61.00
Zkittlez #6529,BULK-06529,Concentrates,Kush Co,each,68.00
Blue Dream #6530,BULK-06530,Flower,Cloud9 Labs,g,20.00
OG Kush #6531,BULK-06531,Pre-Rolls,Nebula Extracts,each,27.00
Sour Diesel #6532,BULK-06532,Edibles,Sungrown Farms,g,34.00
Gelato #6533,BULK-06533,Vapes,Kush Co,each,41.00
Wedding Cake #6534,BULK-06534,Concentrates,Cloud9 Labs,g,48.00
GDP #6535,BULK-06535,Flower,Nebula Extracts,each,55.00
Pineapple Express #6536,BULK-06536,Pre-Rolls,Sungrown Farms,g,62.00
Northern Lights #6537,BULK-06537,Edibles,Kush Co,each,69.00
Runtz #6538,BULK-06538,Vapes,Cloud9 Labs,g,21.00
Zkittlez #6539,BULK-06539,Concentrates,Nebula Extracts,each,28.00
Blue Dream #6540,BULK-06540,Flower,Sungrown Farms,g,35.00
OG Kush #6541,BULK-06541,Pre-Rolls,Kush Co,each,42.00
Sour Diesel #6542,BULK-06542,Edibles,Cloud9 Labs,g,49.00
Gelato #6543,BULK-06543,Vapes,Nebula Extracts,each,56.00
Wedding Cake #6544,BULK-06544,Concentrates,Sungrown Farms,g,63.00
GDP #6545,BULK-06545,Flower,Kush Co,each,15.00
Pineapple Express #6546,BULK-06546,Pre-Rolls,Cloud9 Labs,g,22.00
Northern Lights #6547,BULK-06547,Edibles,Nebula Extracts,each,29.00
Runtz #6548,BULK-06548,Vapes,Sungrown Farms,g,36.00
Zkittlez #6549,BULK-06549,Concentrates,Kush Co,each,43.00
Blue Dream #6550,BULK-06550,Flower,Cloud9 Labs,g,50.00
OG Kush #6551,BULK-06551,Pre-Rolls,Nebula Extracts,each,57.00
Sour Diesel #6552,BULK-06552,Edibles,Sungrown Farms,g,64.00
Gelato #6553,BULK-06553,Vapes,Kush Co,each,16.00
Wedding Cake #6554,BULK-06554,Concentrates,Cloud9 Labs,g,23.00
GDP #6555,BULK-06555,Flower,Nebula Extracts,each,30.00
Pineapple Express #6556,BULK-06556,Pre-Rolls,Sungrown Farms,g,37.00
Northern Lights #6557,BULK-06557,Edibles,Kush Co,each,44.00
Runtz #6558,BULK-06558,Vapes,Cloud9 Labs,g,51.00
Zkittlez #6559,BULK-06559,Concentrates,Nebula Extracts,each,58.00
Blue Dream #6560,BULK-06560,Flower,Sungrown Farms,g,65.00
OG Kush #6561,BULK-06561,Pre-Rolls,Kush Co,each,17.00
Sour Diesel #6562,BULK-06562,Edibles,Cloud9 Labs,g,24.00
Gelato #6563,BULK-06563,Vapes,Nebula Extracts,each,31.00
Wedding Cake #6564,BULK-06564,Concentrates,Sungrown Farms,g,38.00
GDP #6565,BULK-06565,Flower,Kush Co,each,45.00
Pineapple Express #6566,BULK-06566,Pre-Rolls,Cloud9 Labs,g,52.00
Northern Lights #6567,BULK-06567,Edibles,Nebula Extracts,each,59.00
Runtz #6568,BULK-06568,Vapes,Sungrown Farms,g,66.00
Zkittlez #6569,BULK-06569,Concentrates,Kush Co,each,18.00
Blue Dream #6570,BULK-06570,Flower,Cloud9 Labs,g,25.00
OG Kush #6571,BULK-06571,Pre-Rolls,Nebula Extracts,each,32.00
Sour Diesel #6572,BULK-06572,Edibles,Sungrown Farms,g,39.00
Gelato #6573,BULK-06573,Vapes,Kush Co,each,46.00
Wedding Cake #6574,BULK-06574,Concentrates,Cloud9 Labs,g,53.00
GDP #6575,BULK-06575,Flower,Nebula Extracts,each,60.00
Pineapple Express #6576,BULK-06576,Pre-Rolls,Sungrown Farms,g,67.00
Northern Lights #6577,BULK-06577,Edibles,Kush Co,each,19.00
Runtz #6578,BULK-06578,Vapes,Cloud9 Labs,g,26.00
Zkittlez #6579,BULK-06579,Concentrates,Nebula Extracts,each,33.00
Blue Dream #6580,BULK-06580,Flower,Sungrown Farms,g,40.00
OG Kush #6581,BULK-06581,Pre-Rolls,Kush Co,each,47.00
Sour Diesel #6582,BULK-06582,Edibles,Cloud9 Labs,g,54.00
Gelato #6583,BULK-06583,Vapes,Nebula Extracts,each,61.00
Wedding Cake #6584,BULK-06584,Concentrates,Sungrown Farms,g,68.00
GDP #6585,BULK-06585,Flower,Kush Co,each,20.00
Pineapple Express #6586,BULK-06586,Pre-Rolls,Cloud9 Labs,g,27.00
Northern Lights #6587,BULK-06587,Edibles,Nebula Extracts,each,34.00
Runtz #6588,BULK-06588,Vapes,Sungrown Farms,g,41.00
Zkittlez #6589,BULK-06589,Concentrates,Kush Co,each,48.00
Blue Dream #6590,BULK-06590,Flower,Cloud9 Labs,g,55.00
OG Kush #6591,BULK-06591,Pre-Rolls,Nebula Extracts,each,62.00
Sour Diesel #6592,BULK-06592,Edibles,Sungrown Farms,g,69.00
Gelato #6593,BULK-06593,Vapes,Kush Co,each,21.00
Wedding Cake #6594,BULK-06594,Concentrates,Cloud9 Labs,g,28.00
GDP #6595,BULK-06595,Flower,Nebula Extracts,each,35.00
Pineapple Express #6596,BULK-06596,Pre-Rolls,Sungrown Farms,g,42.00
Northern Lights #6597,BULK-06597,Edibles,Kush Co,each,49.00
Runtz #6598,BULK-06598,Vapes,Cloud9 Labs,g,56.00
Zkittlez #6599,BULK-06599,Concentrates,Nebula Extracts,each,63.00
Blue Dream #6600,BULK-06600,Flower,Sungrown Farms,g,15.00
OG Kush #6601,BULK-06601,Pre-Rolls,Kush Co,each,22.00
Sour Diesel #6602,BULK-06602,Edibles,Cloud9 Labs,g,29.00
Gelato #6603,BULK-06603,Vapes,Nebula Extracts,each,36.00
Wedding Cake #6604,BULK-06604,Concentrates,Sungrown Farms,g,43.00
GDP #6605,BULK-06605,Flower,Kush Co,each,50.00
Pineapple Express #6606,BULK-06606,Pre-Rolls,Cloud9 Labs,g,57.00
Northern Lights #6607,BULK-06607,Edibles,Nebula Extracts,each,64.00
Runtz #6608,BULK-06608,Vapes,Sungrown Farms,g,16.00
Zkittlez #6609,BULK-06609,Concentrates,Kush Co,each,23.00
Blue Dream #6610,BULK-06610,Flower,Cloud9 Labs,g,30.00
OG Kush #6611,BULK-06611,Pre-Rolls,Nebula Extracts,each,37.00
Sour Diesel #6612,BULK-06612,Edibles,Sungrown Farms,g,44.00
Gelato #6613,BULK-06613,Vapes,Kush Co,each,51.00
Wedding Cake #6614,BULK-06614,Concentrates,Cloud9 Labs,g,58.00
GDP #6615,BULK-06615,Flower,Nebula Extracts,each,65.00
Pineapple Express #6616,BULK-06616,Pre-Rolls,Sungrown Farms,g,17.00
Northern Lights #6617,BULK-06617,Edibles,Kush Co,each,24.00
Runtz #6618,BULK-06618,Vapes,Cloud9 Labs,g,31.00
Zkittlez #6619,BULK-06619,Concentrates,Nebula Extracts,each,38.00
Blue Dream #6620,BULK-06620,Flower,Sungrown Farms,g,45.00
OG Kush #6621,BULK-06621,Pre-Rolls,Kush Co,each,52.00
Sour Diesel #6622,BULK-06622,Edibles,Cloud9 Labs,g,59.00
Gelato #6623,BULK-06623,Vapes,Nebula Extracts,each,66.00
Wedding Cake #6624,BULK-06624,Concentrates,Sungrown Farms,g,18.00
GDP #6625,BULK-06625,Flower,Kush Co,each,25.00
Pineapple Express #6626,BULK-06626,Pre-Rolls,Cloud9 Labs,g,32.00
Northern Lights #6627,BULK-06627,Edibles,Nebula Extracts,each,39.00
Runtz #6628,BULK-06628,Vapes,Sungrown Farms,g,46.00
Zkittlez #6629,BULK-06629,Concentrates,Kush Co,each,53.00
Blue Dream #6630,BULK-06630,Flower,Cloud9 Labs,g,60.00
OG Kush #6631,BULK-06631,Pre-Rolls,Nebula Extracts,each,67.00
Sour Diesel #6632,BULK-06632,Edibles,Sungrown Farms,g,19.00
Gelato #6633,BULK-06633,Vapes,Kush Co,each,26.00
Wedding Cake #6634,BULK-06634,Concentrates,Cloud9 Labs,g,33.00
GDP #6635,BULK-06635,Flower,Nebula Extracts,each,40.00
Pineapple Express #6636,BULK-06636,Pre-Rolls,Sungrown Farms,g,47.00
Northern Lights #6637,BULK-06637,Edibles,Kush Co,each,54.00
Runtz #6638,BULK-06638,Vapes,Cloud9 Labs,g,61.00
Zkittlez #6639,BULK-06639,Concentrates,Nebula Extracts,each,68.00
Blue Dream #6640,BULK-06640,Flower,Sungrown Farms,g,20.00
OG Kush #6641,BULK-06641,Pre-Rolls,Kush Co,each,27.00
Sour Diesel #6642,BULK-06642,Edibles,Cloud9 Labs,g,34.00
Gelato #6643,BULK-06643,Vapes,Nebula Extracts,each,41.00
Wedding Cake #6644,BULK-06644,Concentrates,Sungrown Farms,g,48.00
GDP #6645,BULK-06645,Flower,Kush Co,each,55.00
Pineapple Express #6646,BULK-06646,Pre-Rolls,Cloud9 Labs,g,62.00
Northern Lights #6647,BULK-06647,Edibles,Nebula Extracts,each,69.00
Runtz #6648,BULK-06648,Vapes,Sungrown Farms,g,21.00
Zkittlez #6649,BULK-06649,Concentrates,Kush Co,each,28.00
Blue Dream #6650,BULK-06650,Flower,Cloud9 Labs,g,35.00
OG Kush #6651,BULK-06651,Pre-Rolls,Nebula Extracts,each,42.00
Sour Diesel #6652,BULK-06652,Edibles,Sungrown Farms,g,49.00
Gelato #6653,BULK-06653,Vapes,Kush Co,each,56.00
Wedding Cake #6654,BULK-06654,Concentrates,Cloud9 Labs,g,63.00
GDP #6655,BULK-06655,Flower,Nebula Extracts,each,15.00
Pineapple Express #6656,BULK-06656,Pre-Rolls,Sungrown Farms,g,22.00
Northern Lights #6657,BULK-06657,Edibles,Kush Co,each,29.00
Runtz #6658,BULK-06658,Vapes,Cloud9 Labs,g,36.00
Zkittlez #6659,BULK-06659,Concentrates,Nebula Extracts,each,43.00
Blue Dream #6660,BULK-06660,Flower,Sungrown Farms,g,50.00
OG Kush #6661,BULK-06661,Pre-Rolls,Kush Co,each,57.00
Sour Diesel #6662,BULK-06662,Edibles,Cloud9 Labs,g,64.00
Gelato #6663,BULK-06663,Vapes,Nebula Extracts,each,16.00
Wedding Cake #6664,BULK-06664,Concentrates,Sungrown Farms,g,23.00
GDP #6665,BULK-06665,Flower,Kush Co,each,30.00
Pineapple Express #6666,BULK-06666,Pre-Rolls,Cloud9 Labs,g,37.00
Northern Lights #6667,BULK-06667,Edibles,Nebula Extracts,each,44.00
Runtz #6668,BULK-06668,Vapes,Sungrown Farms,g,51.00
Zkittlez #6669,BULK-06669,Concentrates,Kush Co,each,58.00
Blue Dream #6670,BULK-06670,Flower,Cloud9 Labs,g,65.00
OG Kush #6671,BULK-06671,Pre-Rolls,Nebula Extracts,each,17.00
Sour Diesel #6672,BULK-06672,Edibles,Sungrown Farms,g,24.00
Gelato #6673,BULK-06673,Vapes,Kush Co,each,31.00
Wedding Cake #6674,BULK-06674,Concentrates,Cloud9 Labs,g,38.00
GDP #6675,BULK-06675,Flower,Nebula Extracts,each,45.00
Pineapple Express #6676,BULK-06676,Pre-Rolls,Sungrown Farms,g,52.00
Northern Lights #6677,BULK-06677,Edibles,Kush Co,each,59.00
Runtz #6678,BULK-06678,Vapes,Cloud9 Labs,g,66.00
Zkittlez #6679,BULK-06679,Concentrates,Nebula Extracts,each,18.00
Blue Dream #6680,BULK-06680,Flower,Sungrown Farms,g,25.00
OG Kush #6681,BULK-06681,Pre-Rolls,Kush Co,each,32.00
Sour Diesel #6682,BULK-06682,Edibles,Cloud9 Labs,g,39.00
Gelato #6683,BULK-06683,Vapes,Nebula Extracts,each,46.00
Wedding Cake #6684,BULK-06684,Concentrates,Sungrown Farms,g,53.00
GDP #6685,BULK-06685,Flower,Kush Co,each,60.00
Pineapple Express #6686,BULK-06686,Pre-Rolls,Cloud9 Labs,g,67.00
Northern Lights #6687,BULK-06687,Edibles,Nebula Extracts,each,19.00
Runtz #6688,BULK-06688,Vapes,Sungrown Farms,g,26.00
Zkittlez #6689,BULK-06689,Concentrates,Kush Co,each,33.00
Blue Dream #6690,BULK-06690,Flower,Cloud9 Labs,g,40.00
OG Kush #6691,BULK-06691,Pre-Rolls,Nebula Extracts,each,47.00
Sour Diesel #6692,BULK-06692,Edibles,Sungrown Farms,g,54.00
Gelato #6693,BULK-06693,Vapes,Kush Co,each,61.00
Wedding Cake #6694,BULK-06694,Concentrates,Cloud9 Labs,g,68.00
GDP #6695,BULK-06695,Flower,Nebula Extracts,each,20.00
Pineapple Express #6696,BULK-06696,Pre-Rolls,Sungrown Farms,g,27.00
Northern Lights #6697,BULK-06697,Edibles,Kush Co,each,34.00
Runtz #6698,BULK-06698,Vapes,Cloud9 Labs,g,41.00
Zkittlez #6699,BULK-06699,Concentrates,Nebula Extracts,each,48.00
Blue Dream #6700,BULK-06700,Flower,Sungrown Farms,g,55.00
OG Kush #6701,BULK-06701,Pre-Rolls,Kush Co,each,62.00
Sour Diesel #6702,BULK-06702,Edibles,Cloud9 Labs,g,69.00
Gelato #6703,BULK-06703,Vapes,Nebula Extracts,each,21.00
Wedding Cake #6704,BULK-06704,Concentrates,Sungrown Farms,g,28.00
GDP #6705,BULK-06705,Flower,Kush Co,each,35.00
Pineapple Express #6706,BULK-06706,Pre-Rolls,Cloud9 Labs,g,42.00
Northern Lights #6707,BULK-06707,Edibles,Nebula Extracts,each,49.00
Runtz #6708,BULK-06708,Vapes,Sungrown Farms,g,56.00
Zkittlez #6709,BULK-06709,Concentrates,Kush Co,each,63.00
Blue Dream #6710,BULK-06710,Flower,Cloud9 Labs,g,15.00
OG Kush #6711,BULK-06711,Pre-Rolls,Nebula Extracts,each,22.00
Sour Diesel #6712,BULK-06712,Edibles,Sungrown Farms,g,29.00
Gelato #6713,BULK-06713,Vapes,Kush Co,each,36.00
Wedding Cake #6714,BULK-06714,Concentrates,Cloud9 Labs,g,43.00
GDP #6715,BULK-06715,Flower,Nebula Extracts,each,50.00
Pineapple Express #6716,BULK-06716,Pre-Rolls,Sungrown Farms,g,57.00
Northern Lights #6717,BULK-06717,Edibles,Kush Co,each,64.00
Runtz #6718,BULK-06718,Vapes,Cloud9 Labs,g,16.00
Zkittlez #6719,BULK-06719,Concentrates,Nebula Extracts,each,23.00
Blue Dream #6720,BULK-06720,Flower,Sungrown Farms,g,30.00
OG Kush #6721,BULK-06721,Pre-Rolls,Kush Co,each,37.00
Sour Diesel #6722,BULK-06722,Edibles,Cloud9 Labs,g,44.00
Gelato #6723,BULK-06723,Vapes,Nebula Extracts,each,51.00
Wedding Cake #6724,BULK-06724,Concentrates,Sungrown Farms,g,58.00
GDP #6725,BULK-06725,Flower,Kush Co,each,65.00
Pineapple Express #6726,BULK-06726,Pre-Rolls,Cloud9 Labs,g,17.00
Northern Lights #6727,BULK-06727,Edibles,Nebula Extracts,each,24.00
Runtz #6728,BULK-06728,Vapes,Sungrown Farms,g,31.00
Zkittlez #6729,BULK-06729,Concentrates,Kush Co,each,38.00
Blue Dream #6730,BULK-06730,Flower,Cloud9 Labs,g,45.00
OG Kush #6731,BULK-06731,Pre-Rolls,Nebula Extracts,each,52.00
Sour Diesel #6732,BULK-06732,Edibles,Sungrown Farms,g,59.00
Gelato #6733,BULK-06733,Vapes,Kush Co,each,66.00
Wedding Cake #6734,BULK-06734,Concentrates,Cloud9 Labs,g,18.00
GDP #6735,BULK-06735,Flower,Nebula Extracts,each,25.00
Pineapple Express #6736,BULK-06736,Pre-Rolls,Sungrown Farms,g,32.00
Northern Lights #6737,BULK-06737,Edibles,Kush Co,each,39.00
Runtz #6738,BULK-06738,Vapes,Cloud9 Labs,g,46.00
Zkittlez #6739,BULK-06739,Concentrates,Nebula Extracts,each,53.00
Blue Dream #6740,BULK-06740,Flower,Sungrown Farms,g,60.00
OG Kush #6741,BULK-06741,Pre-Rolls,Kush Co,each,67.00
Sour Diesel #6742,BULK-06742,Edibles,Cloud9 Labs,g,19.00
Gelato #6743,BULK-06743,Vapes,Nebula Extracts,each,26.00
Wedding Cake #6744,BULK-06744,Concentrates,Sungrown Farms,g,33.00
GDP #6745,BULK-06745,Flower,Kush Co,each,40.00
Pineapple Express #6746,BULK-06746,Pre-Rolls,Cloud9 Labs,g,47.00
Northern Lights #6747,BULK-06747,Edibles,Nebula Extracts,each,54.00
Runtz #6748,BULK-06748,Vapes,Sungrown Farms,g,61.00
Zkittlez #6749,BULK-06749,Concentrates,Kush Co,each,68.00
Blue Dream #6750,BULK-06750,Flower,Cloud9 Labs,g,20.00
OG Kush #6751,BULK-06751,Pre-Rolls,Nebula Extracts,each,27.00
Sour Diesel #6752,BULK-06752,Edibles,Sungrown Farms,g,34.00
Gelato #6753,BULK-06753,Vapes,Kush Co,each,41.00
Wedding Cake #6754,BULK-06754,Concentrates,Cloud9 Labs,g,48.00
GDP #6755,BULK-06755,Flower,Nebula Extracts,each,55.00
Pineapple Express #6756,BULK-06756,Pre-Rolls,Sungrown Farms,g,62.00
Northern Lights #6757,BULK-06757,Edibles,Kush Co,each,69.00
Runtz #6758,BULK-06758,Vapes,Cloud9 Labs,g,21.00
Zkittlez #6759,BULK-06759,Concentrates,Nebula Extracts,each,28.00
Blue Dream #6760,BULK-06760,Flower,Sungrown Farms,g,35.00
OG Kush #6761,BULK-06761,Pre-Rolls,Kush Co,each,42.00
Sour Diesel #6762,BULK-06762,Edibles,Cloud9 Labs,g,49.00
Gelato #6763,BULK-06763,Vapes,Nebula Extracts,each,56.00
Wedding Cake #6764,BULK-06764,Concentrates,Sungrown Farms,g,63.00
GDP #6765,BULK-06765,Flower,Kush Co,each,15.00
Pineapple Express #6766,BULK-06766,Pre-Rolls,Cloud9 Labs,g,22.00
Northern Lights #6767,BULK-06767,Edibles,Nebula Extracts,each,29.00
Runtz #6768,BULK-06768,Vapes,Sungrown Farms,g,36.00
Zkittlez #6769,BULK-06769,Concentrates,Kush Co,each,43.00
Blue Dream #6770,BULK-06770,Flower,Cloud9 Labs,g,50.00
OG Kush #6771,BULK-06771,Pre-Rolls,Nebula Extracts,each,57.00
Sour Diesel #6772,BULK-06772,Edibles,Sungrown Farms,g,64.00
Gelato #6773,BULK-06773,Vapes,Kush Co,each,16.00
Wedding Cake #6774,BULK-06774,Concentrates,Cloud9 Labs,g,23.00
GDP #6775,BULK-06775,Flower,Nebula Extracts,each,30.00
Pineapple Express #6776,BULK-06776,Pre-Rolls,Sungrown Farms,g,37.00
Northern Lights #6777,BULK-06777,Edibles,Kush Co,each,44.00
Runtz #6778,BULK-06778,Vapes,Cloud9 Labs,g,51.00
Zkittlez #6779,BULK-06779,Concentrates,Nebula Extracts,each,58.00
Blue Dream #6780,BULK-06780,Flower,Sungrown Farms,g,65.00
OG Kush #6781,BULK-06781,Pre-Rolls,Kush Co,each,17.00
Sour Diesel #6782,BULK-06782,Edibles,Cloud9 Labs,g,24.00
Gelato #6783,BULK-06783,Vapes,Nebula Extracts,each,31.00
Wedding Cake #6784,BULK-06784,Concentrates,Sungrown Farms,g,38.00
GDP #6785,BULK-06785,Flower,Kush Co,each,45.00
Pineapple Express #6786,BULK-06786,Pre-Rolls,Cloud9 Labs,g,52.00
Northern Lights #6787,BULK-06787,Edibles,Nebula Extracts,each,59.00
Runtz #6788,BULK-06788,Vapes,Sungrown Farms,g,66.00
Zkittlez #6789,BULK-06789,Concentrates,Kush Co,each,18.00
Blue Dream #6790,BULK-06790,Flower,Cloud9 Labs,g,25.00
OG Kush #6791,BULK-06791,Pre-Rolls,Nebula Extracts,each,32.00
Sour Diesel #6792,BULK-06792,Edibles,Sungrown Farms,g,39.00
Gelato #6793,BULK-06793,Vapes,Kush Co,each,46.00
Wedding Cake #6794,BULK-06794,Concentrates,Cloud9 Labs,g,53.00
GDP #6795,BULK-06795,Flower,Nebula Extracts,each,60.00
Pineapple Express #6796,BULK-06796,Pre-Rolls,Sungrown Farms,g,67.00
Northern Lights #6797,BULK-06797,Edibles,Kush Co,each,19.00
Runtz #6798,BULK-06798,Vapes,Cloud9 Labs,g,26.00
Zkittlez #6799,BULK-06799,Concentrates,Nebula Extracts,each,33.00
Blue Dream #6800,BULK-06800,Flower,Sungrown Farms,g,40.00
OG Kush #6801,BULK-06801,Pre-Rolls,Kush Co,each,47.00
Sour Diesel #6802,BULK-06802,Edibles,Cloud9 Labs,g,54.00
Gelato #6803,BULK-06803,Vapes,Nebula Extracts,each,61.00
Wedding Cake #6804,BULK-06804,Concentrates,Sungrown Farms,g,68.00
GDP #6805,BULK-06805,Flower,Kush Co,each,20.00
Pineapple Express #6806,BULK-06806,Pre-Rolls,Cloud9 Labs,g,27.00
Northern Lights #6807,BULK-06807,Edibles,Nebula Extracts,each,34.00
Runtz #6808,BULK-06808,Vapes,Sungrown Farms,g,41.00
Zkittlez #6809,BULK-06809,Concentrates,Kush Co,each,48.00
Blue Dream #6810,BULK-06810,Flower,Cloud9 Labs,g,55.00
OG Kush #6811,BULK-06811,Pre-Rolls,Nebula Extracts,each,62.00
Sour Diesel #6812,BULK-06812,Edibles,Sungrown Farms,g,69.00
Gelato #6813,BULK-06813,Vapes,Kush Co,each,21.00
Wedding Cake #6814,BULK-06814,Concentrates,Cloud9 Labs,g,28.00
GDP #6815,BULK-06815,Flower,Nebula Extracts,each,35.00
Pineapple Express #6816,BULK-06816,Pre-Rolls,Sungrown Farms,g,42.00
Northern Lights #6817,BULK-06817,Edibles,Kush Co,each,49.00
Runtz #6818,BULK-06818,Vapes,Cloud9 Labs,g,56.00
Zkittlez #6819,BULK-06819,Concentrates,Nebula Extracts,each,63.00
Blue Dream #6820,BULK-06820,Flower,Sungrown Farms,g,15.00
OG Kush #6821,BULK-06821,Pre-Rolls,Kush Co,each,22.00
Sour Diesel #6822,BULK-06822,Edibles,Cloud9 Labs,g,29.00
Gelato #6823,BULK-06823,Vapes,Nebula Extracts,each,36.00
Wedding Cake #6824,BULK-06824,Concentrates,Sungrown Farms,g,43.00
GDP #6825,BULK-06825,Flower,Kush Co,each,50.00
Pineapple Express #6826,BULK-06826,Pre-Rolls,Cloud9 Labs,g,57.00
Northern Lights #6827,BULK-06827,Edibles,Nebula Extracts,each,64.00
Runtz #6828,BULK-06828,Vapes,Sungrown Farms,g,16.00
Zkittlez #6829,BULK-06829,Concentrates,Kush Co,each,23.00
Blue Dream #6830,BULK-06830,Flower,Cloud9 Labs,g,30.00
OG Kush #6831,BULK-06831,Pre-Rolls,Nebula Extracts,each,37.00
Sour Diesel #6832,BULK-06832,Edibles,Sungrown Farms,g,44.00
Gelato #6833,BULK-06833,Vapes,Kush Co,each,51.00
Wedding Cake #6834,BULK-06834,Concentrates,Cloud9 Labs,g,58.00
GDP #6835,BULK-06835,Flower,Nebula Extracts,each,65.00
Pineapple Express #6836,BULK-06836,Pre-Rolls,Sungrown Farms,g,17.00
Northern Lights #6837,BULK-06837,Edibles,Kush Co,each,24.00
Runtz #6838,BULK-06838,Vapes,Cloud9 Labs,g,31.00
Zkittlez #6839,BULK-06839,Concentrates,Nebula Extracts,each,38.00
Blue Dream #6840,BULK-06840,Flower,Sungrown Farms,g,45.00
OG Kush #6841,BULK-06841,Pre-Rolls,Kush Co,each,52.00
Sour Diesel #6842,BULK-06842,Edibles,Cloud9 Labs,g,59.00
Gelato #6843,BULK-06843,Vapes,Nebula Extracts,each,66.00
Wedding Cake #6844,BULK-06844,Concentrates,Sungrown Farms,g,18.00
GDP #6845,BULK-06845,Flower,Kush Co,each,25.00
Pineapple Express #6846,BULK-06846,Pre-Rolls,Cloud9 Labs,g,32.00
Northern Lights #6847,BULK-06847,Edibles,Nebula Extracts,each,39.00
Runtz #6848,BULK-06848,Vapes,Sungrown Farms,g,46.00
Zkittlez #6849,BULK-06849,Concentrates,Kush Co,each,53.00
Blue Dream #6850,BULK-06850,Flower,Cloud9 Labs,g,60.00
OG Kush #6851,BULK-06851,Pre-Rolls,Nebula Extracts,each,67.00
Sour Diesel #6852,BULK-06852,Edibles,Sungrown Farms,g,19.00
Gelato #6853,BULK-06853,Vapes,Kush Co,each,26.00
Wedding Cake #6854,BULK-06854,Concentrates,Cloud9 Labs,g,33.00
GDP #6855,BULK-06855,Flower,Nebula Extracts,each,40.00
Pineapple Express #6856,BULK-06856,Pre-Rolls,Sungrown Farms,g,47.00
Northern Lights #6857,BULK-06857,Edibles,Kush Co,each,54.00
Runtz #6858,BULK-06858,Vapes,Cloud9 Labs,g,61.00
Zkittlez #6859,BULK-06859,Concentrates,Nebula Extracts,each,68.00
Blue Dream #6860,BULK-06860,Flower,Sungrown Farms,g,20.00
OG Kush #6861,BULK-06861,Pre-Rolls,Kush Co,each,27.00
Sour Diesel #6862,BULK-06862,Edibles,Cloud9 Labs,g,34.00
Gelato #6863,BULK-06863,Vapes,Nebula Extracts,each,41.00
Wedding Cake #6864,BULK-06864,Concentrates,Sungrown Farms,g,48.00
GDP #6865,BULK-06865,Flower,Kush Co,each,55.00
Pineapple Express #6866,BULK-06866,Pre-Rolls,Cloud9 Labs,g,62.00
Northern Lights #6867,BULK-06867,Edibles,Nebula Extracts,each,69.00
Runtz #6868,BULK-06868,Vapes,Sungrown Farms,g,21.00
Zkittlez #6869,BULK-06869,Concentrates,Kush Co,each,28.00
Blue Dream #6870,BULK-06870,Flower,Cloud9 Labs,g,35.00
OG Kush #6871,BULK-06871,Pre-Rolls,Nebula Extracts,each,42.00
Sour Diesel #6872,BULK-06872,Edibles,Sungrown Farms,g,49.00
Gelato #6873,BULK-06873,Vapes,Kush Co,each,56.00
Wedding Cake #6874,BULK-06874,Concentrates,Cloud9 Labs,g,63.00
GDP #6875,BULK-06875,Flower,Nebula Extracts,each,15.00
Pineapple Express #6876,BULK-06876,Pre-Rolls,Sungrown Farms,g,22.00
Northern Lights #6877,BULK-06877,Edibles,Kush Co,each,29.00
Runtz #6878,BULK-06878,Vapes,Cloud9 Labs,g,36.00
Zkittlez #6879,BULK-06879,Concentrates,Nebula Extracts,each,43.00
Blue Dream #6880,BULK-06880,Flower,Sungrown Farms,g,50.00
OG Kush #6881,BULK-06881,Pre-Rolls,Kush Co,each,57.00
Sour Diesel #6882,BULK-06882,Edibles,Cloud9 Labs,g,64.00
Gelato #6883,BULK-06883,Vapes,Nebula Extracts,each,16.00
Wedding Cake #6884,BULK-06884,Concentrates,Sungrown Farms,g,23.00
GDP #6885,BULK-06885,Flower,Kush Co,each,30.00
Pineapple Express #6886,BULK-06886,Pre-Rolls,Cloud9 Labs,g,37.00
Northern Lights #6887,BULK-06887,Edibles,Nebula Extracts,each,44.00
Runtz #6888,BULK-06888,Vapes,Sungrown Farms,g,51.00
Zkittlez #6889,BULK-06889,Concentrates,Kush Co,each,58.00
Blue Dream #6890,BULK-06890,Flower,Cloud9 Labs,g,65.00
OG Kush #6891,BULK-06891,Pre-Rolls,Nebula Extracts,each,17.00
Sour Diesel #6892,BULK-06892,Edibles,Sungrown Farms,g,24.00
Gelato #6893,BULK-06893,Vapes,Kush Co,each,31.00
Wedding Cake #6894,BULK-06894,Concentrates,Cloud9 Labs,g,38.00
GDP #6895,BULK-06895,Flower,Nebula Extracts,each,45.00
Pineapple Express #6896,BULK-06896,Pre-Rolls,Sungrown Farms,g,52.00
Northern Lights #6897,BULK-06897,Edibles,Kush Co,each,59.00
Runtz #6898,BULK-06898,Vapes,Cloud9 Labs,g,66.00
Zkittlez #6899,BULK-06899,Concentrates,Nebula Extracts,each,18.00
Blue Dream #6900,BULK-06900,Flower,Sungrown Farms,g,25.00
OG Kush #6901,BULK-06901,Pre-Rolls,Kush Co,each,32.00
Sour Diesel #6902,BULK-06902,Edibles,Cloud9 Labs,g,39.00
Gelato #6903,BULK-06903,Vapes,Nebula Extracts,each,46.00
Wedding Cake #6904,BULK-06904,Concentrates,Sungrown Farms,g,53.00
GDP #6905,BULK-06905,Flower,Kush Co,each,60.00
Pineapple Express #6906,BULK-06906,Pre-Rolls,Cloud9 Labs,g,67.00
Northern Lights #6907,BULK-06907,Edibles,Nebula Extracts,each,19.00
Runtz #6908,BULK-06908,Vapes,Sungrown Farms,g,26.00
Zkittlez #6909,BULK-06909,Concentrates,Kush Co,each,33.00
Blue Dream #6910,BULK-06910,Flower,Cloud9 Labs,g,40.00
OG Kush #6911,BULK-06911,Pre-Rolls,Nebula Extracts,each,47.00
Sour Diesel #6912,BULK-06912,Edibles,Sungrown Farms,g,54.00
Gelato #6913,BULK-06913,Vapes,Kush Co,each,61.00
Wedding Cake #6914,BULK-06914,Concentrates,Cloud9 Labs,g,68.00
GDP #6915,BULK-06915,Flower,Nebula Extracts,each,20.00
Pineapple Express #6916,BULK-06916,Pre-Rolls,Sungrown Farms,g,27.00
Northern Lights #6917,BULK-06917,Edibles,Kush Co,each,34.00
Runtz #6918,BULK-06918,Vapes,Cloud9 Labs,g,41.00
Zkittlez #6919,BULK-06919,Concentrates,Nebula Extracts,each,48.00
Blue Dream #6920,BULK-06920,Flower,Sungrown Farms,g,55.00
OG Kush #6921,BULK-06921,Pre-Rolls,Kush Co,each,62.00
Sour Diesel #6922,BULK-06922,Edibles,Cloud9 Labs,g,69.00
Gelato #6923,BULK-06923,Vapes,Nebula Extracts,each,21.00
Wedding Cake #6924,BULK-06924,Concentrates,Sungrown Farms,g,28.00
GDP #6925,BULK-06925,Flower,Kush Co,each,35.00
Pineapple Express #6926,BULK-06926,Pre-Rolls,Cloud9 Labs,g,42.00
Northern Lights #6927,BULK-06927,Edibles,Nebula Extracts,each,49.00
Runtz #6928,BULK-06928,Vapes,Sungrown Farms,g,56.00
Zkittlez #6929,BULK-06929,Concentrates,Kush Co,each,63.00
Blue Dream #6930,BULK-06930,Flower,Cloud9 Labs,g,15.00
OG Kush #6931,BULK-06931,Pre-Rolls,Nebula Extracts,each,22.00
Sour Diesel #6932,BULK-06932,Edibles,Sungrown Farms,g,29.00
Gelato #6933,BULK-06933,Vapes,Kush Co,each,36.00
Wedding Cake #6934,BULK-06934,Concentrates,Cloud9 Labs,g,43.00
GDP #6935,BULK-06935,Flower,Nebula Extracts,each,50.00
Pineapple Express #6936,BULK-06936,Pre-Rolls,Sungrown Farms,g,57.00
Northern Lights #6937,BULK-06937,Edibles,Kush Co,each,64.00
Runtz #6938,BULK-06938,Vapes,Cloud9 Labs,g,16.00
Zkittlez #6939,BULK-06939,Concentrates,Nebula Extracts,each,23.00
Blue Dream #6940,BULK-06940,Flower,Sungrown Farms,g,30.00
OG Kush #6941,BULK-06941,Pre-Rolls,Kush Co,each,37.00
Sour Diesel #6942,BULK-06942,Edibles,Cloud9 Labs,g,44.00
Gelato #6943,BULK-06943,Vapes,Nebula Extracts,each,51.00
Wedding Cake #6944,BULK-06944,Concentrates,Sungrown Farms,g,58.00
GDP #6945,BULK-06945,Flower,Kush Co,each,65.00
Pineapple Express #6946,BULK-06946,Pre-Rolls,Cloud9 Labs,g,17.00
Northern Lights #6947,BULK-06947,Edibles,Nebula Extracts,each,24.00
Runtz #6948,BULK-06948,Vapes,Sungrown Farms,g,31.00
Zkittlez #6949,BULK-06949,Concentrates,Kush Co,each,38.00
Blue Dream #6950,BULK-06950,Flower,Cloud9 Labs,g,45.00
OG Kush #6951,BULK-06951,Pre-Rolls,Nebula Extracts,each,52.00
Sour Diesel #6952,BULK-06952,Edibles,Sungrown Farms,g,59.00
Gelato #6953,BULK-06953,Vapes,Kush Co,each,66.00
Wedding Cake #6954,BULK-06954,Concentrates,Cloud9 Labs,g,18.00
GDP #6955,BULK-06955,Flower,Nebula Extracts,each,25.00
Pineapple Express #6956,BULK-06956,Pre-Rolls,Sungrown Farms,g,32.00
Northern Lights #6957,BULK-06957,Edibles,Kush Co,each,39.00
Runtz #6958,BULK-06958,Vapes,Cloud9 Labs,g,46.00
Zkittlez #6959,BULK-06959,Concentrates,Nebula Extracts,each,53.00
Blue Dream #6960,BULK-06960,Flower,Sungrown Farms,g,60.00
OG Kush #6961,BULK-06961,Pre-Rolls,Kush Co,each,67.00
Sour Diesel #6962,BULK-06962,Edibles,Cloud9 Labs,g,19.00
Gelato #6963,BULK-06963,Vapes,Nebula Extracts,each,26.00
Wedding Cake #6964,BULK-06964,Concentrates,Sungrown Farms,g,33.00
GDP #6965,BULK-06965,Flower,Kush Co,each,40.00
Pineapple Express #6966,BULK-06966,Pre-Rolls,Cloud9 Labs,g,47.00
Northern Lights #6967,BULK-06967,Edibles,Nebula Extracts,each,54.00
Runtz #6968,BULK-06968,Vapes,Sungrown Farms,g,61.00
Zkittlez #6969,BULK-06969,Concentrates,Kush Co,each,68.00
Blue Dream #6970,BULK-06970,Flower,Cloud9 Labs,g,20.00
OG Kush #6971,BULK-06971,Pre-Rolls,Nebula Extracts,each,27.00
Sour Diesel #6972,BULK-06972,Edibles,Sungrown Farms,g,34.00
Gelato #6973,BULK-06973,Vapes,Kush Co,each,41.00
Wedding Cake #6974,BULK-06974,Concentrates,Cloud9 Labs,g,48.00
GDP #6975,BULK-06975,Flower,Nebula Extracts,each,55.00
Pineapple Express #6976,BULK-06976,Pre-Rolls,Sungrown Farms,g,62.00
Northern Lights #6977,BULK-06977,Edibles,Kush Co,each,69.00
Runtz #6978,BULK-06978,Vapes,Cloud9 Labs,g,21.00
Zkittlez #6979,BULK-06979,Concentrates,Nebula Extracts,each,28.00
Blue Dream #6980,BULK-06980,Flower,Sungrown Farms,g,35.00
OG Kush #6981,BULK-06981,Pre-Rolls,Kush Co,each,42.00
Sour Diesel #6982,BULK-06982,Edibles,Cloud9 Labs,g,49.00
Gelato #6983,BULK-06983,Vapes,Nebula Extracts,each,56.00
Wedding Cake #6984,BULK-06984,Concentrates,Sungrown Farms,g,63.00
GDP #6985,BULK-06985,Flower,Kush Co,each,15.00
Pineapple Express #6986,BULK-06986,Pre-Rolls,Cloud9 Labs,g,22.00
Northern Lights #6987,BULK-06987,Edibles,Nebula Extracts,each,29.00
Runtz #6988,BULK-06988,Vapes,Sungrown Farms,g,36.00
Zkittlez #6989,BULK-06989,Concentrates,Kush Co,each,43.00
Blue Dream #6990,BULK-06990,Flower,Cloud9 Labs,g,50.00
OG Kush #6991,BULK-06991,Pre-Rolls,Nebula Extracts,each,57.00
Sour Diesel #6992,BULK-06992,Edibles,Sungrown Farms,g,64.00
Gelato #6993,BULK-06993,Vapes,Kush Co,each,16.00
Wedding Cake #6994,BULK-06994,Concentrates,Cloud9 Labs,g,23.00
GDP #6995,BULK-06995,Flower,Nebula Extracts,each,30.00
Pineapple Express #6996,BULK-06996,Pre-Rolls,Sungrown Farms,g,37.00
Northern Lights #6997,BULK-06997,Edibles,Kush Co,each,44.00
Runtz #6998,BULK-06998,Vapes,Cloud9 Labs,g,51.00
Zkittlez #6999,BULK-06999,Concentrates,Nebula Extracts,each,58.00
Blue Dream #7000,BULK-07000,Flower,Sungrown Farms,g,65.00
OG Kush #7001,BULK-07001,Pre-Rolls,Kush Co,each,17.00
Sour Diesel #7002,BULK-07002,Edibles,Cloud9 Labs,g,24.00
Gelato #7003,BULK-07003,Vapes,Nebula Extracts,each,31.00
Wedding Cake #7004,BULK-07004,Concentrates,Sungrown Farms,g,38.00
GDP #7005,BULK-07005,Flower,Kush Co,each,45.00
Pineapple Express #7006,BULK-07006,Pre-Rolls,Cloud9 Labs,g,52.00
Northern Lights #7007,BULK-07007,Edibles,Nebula Extracts,each,59.00
Runtz #7008,BULK-07008,Vapes,Sungrown Farms,g,66.00
Zkittlez #7009,BULK-07009,Concentrates,Kush Co,each,18.00
Blue Dream #7010,BULK-07010,Flower,Cloud9 Labs,g,25.00
OG Kush #7011,BULK-07011,Pre-Rolls,Nebula Extracts,each,32.00
Sour Diesel #7012,BULK-07012,Edibles,Sungrown Farms,g,39.00
Gelato #7013,BULK-07013,Vapes,Kush Co,each,46.00
Wedding Cake #7014,BULK-07014,Concentrates,Cloud9 Labs,g,53.00
GDP #7015,BULK-07015,Flower,Nebula Extracts,each,60.00
Pineapple Express #7016,BULK-07016,Pre-Rolls,Sungrown Farms,g,67.00
Northern Lights #7017,BULK-07017,Edibles,Kush Co,each,19.00
Runtz #7018,BULK-07018,Vapes,Cloud9 Labs,g,26.00
Zkittlez #7019,BULK-07019,Concentrates,Nebula Extracts,each,33.00
Blue Dream #7020,BULK-07020,Flower,Sungrown Farms,g,40.00
OG Kush #7021,BULK-07021,Pre-Rolls,Kush Co,each,47.00
Sour Diesel #7022,BULK-07022,Edibles,Cloud9 Labs,g,54.00
Gelato #7023,BULK-07023,Vapes,Nebula Extracts,each,61.00
Wedding Cake #7024,BULK-07024,Concentrates,Sungrown Farms,g,68.00
GDP #7025,BULK-07025,Flower,Kush Co,each,20.00
Pineapple Express #7026,BULK-07026,Pre-Rolls,Cloud9 Labs,g,27.00
Northern Lights #7027,BULK-07027,Edibles,Nebula Extracts,each,34.00
Runtz #7028,BULK-07028,Vapes,Sungrown Farms,g,41.00
Zkittlez #7029,BULK-07029,Concentrates,Kush Co,each,48.00
Blue Dream #7030,BULK-07030,Flower,Cloud9 Labs,g,55.00
OG Kush #7031,BULK-07031,Pre-Rolls,Nebula Extracts,each,62.00
Sour Diesel #7032,BULK-07032,Edibles,Sungrown Farms,g,69.00
Gelato #7033,BULK-07033,Vapes,Kush Co,each,21.00
Wedding Cake #7034,BULK-07034,Concentrates,Cloud9 Labs,g,28.00
GDP #7035,BULK-07035,Flower,Nebula Extracts,each,35.00
Pineapple Express #7036,BULK-07036,Pre-Rolls,Sungrown Farms,g,42.00
Northern Lights #7037,BULK-07037,Edibles,Kush Co,each,49.00
Runtz #7038,BULK-07038,Vapes,Cloud9 Labs,g,56.00
Zkittlez #7039,BULK-07039,Concentrates,Nebula Extracts,each,63.00
Blue Dream #7040,BULK-07040,Flower,Sungrown Farms,g,15.00
OG Kush #7041,BULK-07041,Pre-Rolls,Kush Co,each,22.00
Sour Diesel #7042,BULK-07042,Edibles,Cloud9 Labs,g,29.00
Gelato #7043,BULK-07043,Vapes,Nebula Extracts,each,36.00
Wedding Cake #7044,BULK-07044,Concentrates,Sungrown Farms,g,43.00
GDP #7045,BULK-07045,Flower,Kush Co,each,50.00
Pineapple Express #7046,BULK-07046,Pre-Rolls,Cloud9 Labs,g,57.00
Northern Lights #7047,BULK-07047,Edibles,Nebula Extracts,each,64.00
Runtz #7048,BULK-07048,Vapes,Sungrown Farms,g,16.00
Zkittlez #7049,BULK-07049,Concentrates,Kush Co,each,23.00
Blue Dream #7050,BULK-07050,Flower,Cloud9 Labs,g,30.00
OG Kush #7051,BULK-07051,Pre-Rolls,Nebula Extracts,each,37.00
Sour Diesel #7052,BULK-07052,Edibles,Sungrown Farms,g,44.00
Gelato #7053,BULK-07053,Vapes,Kush Co,each,51.00
Wedding Cake #7054,BULK-07054,Concentrates,Cloud9 Labs,g,58.00
GDP #7055,BULK-07055,Flower,Nebula Extracts,each,65.00
Pineapple Express #7056,BULK-07056,Pre-Rolls,Sungrown Farms,g,17.00
Northern Lights #7057,BULK-07057,Edibles,Kush Co,each,24.00
Runtz #7058,BULK-07058,Vapes,Cloud9 Labs,g,31.00
Zkittlez #7059,BULK-07059,Concentrates,Nebula Extracts,each,38.00
Blue Dream #7060,BULK-07060,Flower,Sungrown Farms,g,45.00
OG Kush #7061,BULK-07061,Pre-Rolls,Kush Co,each,52.00
Sour Diesel #7062,BULK-07062,Edibles,Cloud9 Labs,g,59.00
Gelato #7063,BULK-07063,Vapes,Nebula Extracts,each,66.00
Wedding Cake #7064,BULK-07064,Concentrates,Sungrown Farms,g,18.00
GDP #7065,BULK-07065,Flower,Kush Co,each,25.00
Pineapple Express #7066,BULK-07066,Pre-Rolls,Cloud9 Labs,g,32.00
Northern Lights #7067,BULK-07067,Edibles,Nebula Extracts,each,39.00
Runtz #7068,BULK-07068,Vapes,Sungrown Farms,g,46.00
Zkittlez #7069,BULK-07069,Concentrates,Kush Co,each,53.00
Blue Dream #7070,BULK-07070,Flower,Cloud9 Labs,g,60.00
OG Kush #7071,BULK-07071,Pre-Rolls,Nebula Extracts,each,67.00
Sour Diesel #7072,BULK-07072,Edibles,Sungrown Farms,g,19.00
Gelato #7073,BULK-07073,Vapes,Kush Co,each,26.00
Wedding Cake #7074,BULK-07074,Concentrates,Cloud9 Labs,g,33.00
GDP #7075,BULK-07075,Flower,Nebula Extracts,each,40.00
Pineapple Express #7076,BULK-07076,Pre-Rolls,Sungrown Farms,g,47.00
Northern Lights #7077,BULK-07077,Edibles,Kush Co,each,54.00
Runtz #7078,BULK-07078,Vapes,Cloud9 Labs,g,61.00
Zkittlez #7079,BULK-07079,Concentrates,Nebula Extracts,each,68.00
Blue Dream #7080,BULK-07080,Flower,Sungrown Farms,g,20.00
OG Kush #7081,BULK-07081,Pre-Rolls,Kush Co,each,27.00
Sour Diesel #7082,BULK-07082,Edibles,Cloud9 Labs,g,34.00
Gelato #7083,BULK-07083,Vapes,Nebula Extracts,each,41.00
Wedding Cake #7084,BULK-07084,Concentrates,Sungrown Farms,g,48.00
GDP #7085,BULK-07085,Flower,Kush Co,each,55.00
Pineapple Express #7086,BULK-07086,Pre-Rolls,Cloud9 Labs,g,62.00
Northern Lights #7087,BULK-07087,Edibles,Nebula Extracts,each,69.00
Runtz #7088,BULK-07088,Vapes,Sungrown Farms,g,21.00
Zkittlez #7089,BULK-07089,Concentrates,Kush Co,each,28.00
Blue Dream #7090,BULK-07090,Flower,Cloud9 Labs,g,35.00
OG Kush #7091,BULK-07091,Pre-Rolls,Nebula Extracts,each,42.00
Sour Diesel #7092,BULK-07092,Edibles,Sungrown Farms,g,49.00
Gelato #7093,BULK-07093,Vapes,Kush Co,each,56.00
Wedding Cake #7094,BULK-07094,Concentrates,Cloud9 Labs,g,63.00
GDP #7095,BULK-07095,Flower,Nebula Extracts,each,15.00
Pineapple Express #7096,BULK-07096,Pre-Rolls,Sungrown Farms,g,22.00
Northern Lights #7097,BULK-07097,Edibles,Kush Co,each,29.00
Runtz #7098,BULK-07098,Vapes,Cloud9 Labs,g,36.00
Zkittlez #7099,BULK-07099,Concentrates,Nebula Extracts,each,43.00
Blue Dream #7100,BULK-07100,Flower,Sungrown Farms,g,50.00
OG Kush #7101,BULK-07101,Pre-Rolls,Kush Co,each,57.00
Sour Diesel #7102,BULK-07102,Edibles,Cloud9 Labs,g,64.00
Gelato #7103,BULK-07103,Vapes,Nebula Extracts,each,16.00
Wedding Cake #7104,BULK-07104,Concentrates,Sungrown Farms,g,23.00
GDP #7105,BULK-07105,Flower,Kush Co,each,30.00
Pineapple Express #7106,BULK-07106,Pre-Rolls,Cloud9 Labs,g,37.00
Northern Lights #7107,BULK-07107,Edibles,Nebula Extracts,each,44.00
Runtz #7108,BULK-07108,Vapes,Sungrown Farms,g,51.00
Zkittlez #7109,BULK-07109,Concentrates,Kush Co,each,58.00
Blue Dream #7110,BULK-07110,Flower,Cloud9 Labs,g,65.00
OG Kush #7111,BULK-07111,Pre-Rolls,Nebula Extracts,each,17.00
Sour Diesel #7112,BULK-07112,Edibles,Sungrown Farms,g,24.00
Gelato #7113,BULK-07113,Vapes,Kush Co,each,31.00
Wedding Cake #7114,BULK-07114,Concentrates,Cloud9 Labs,g,38.00
GDP #7115,BULK-07115,Flower,Nebula Extracts,each,45.00
Pineapple Express #7116,BULK-07116,Pre-Rolls,Sungrown Farms,g,52.00
Northern Lights #7117,BULK-07117,Edibles,Kush Co,each,59.00
Runtz #7118,BULK-07118,Vapes,Cloud9 Labs,g,66.00
Zkittlez #7119,BULK-07119,Concentrates,Nebula Extracts,each,18.00
Blue Dream #7120,BULK-07120,Flower,Sungrown Farms,g,25.00
OG Kush #7121,BULK-07121,Pre-Rolls,Kush Co,each,32.00
Sour Diesel #7122,BULK-07122,Edibles,Cloud9 Labs,g,39.00
Gelato #7123,BULK-07123,Vapes,Nebula Extracts,each,46.00
Wedding Cake #7124,BULK-07124,Concentrates,Sungrown Farms,g,53.00
GDP #7125,BULK-07125,Flower,Kush Co,each,60.00
Pineapple Express #7126,BULK-07126,Pre-Rolls,Cloud9 Labs,g,67.00
Northern Lights #7127,BULK-07127,Edibles,Nebula Extracts,each,19.00
Runtz #7128,BULK-07128,Vapes,Sungrown Farms,g,26.00
Zkittlez #7129,BULK-07129,Concentrates,Kush Co,each,33.00
Blue Dream #7130,BULK-07130,Flower,Cloud9 Labs,g,40.00
OG Kush #7131,BULK-07131,Pre-Rolls,Nebula Extracts,each,47.00
Sour Diesel #7132,BULK-07132,Edibles,Sungrown Farms,g,54.00
Gelato #7133,BULK-07133,Vapes,Kush Co,each,61.00
Wedding Cake #7134,BULK-07134,Concentrates,Cloud9 Labs,g,68.00
GDP #7135,BULK-07135,Flower,Nebula Extracts,each,20.00
Pineapple Express #7136,BULK-07136,Pre-Rolls,Sungrown Farms,g,27.00
Northern Lights #7137,BULK-07137,Edibles,Kush Co,each,34.00
Runtz #7138,BULK-07138,Vapes,Cloud9 Labs,g,41.00
Zkittlez #7139,BULK-07139,Concentrates,Nebula Extracts,each,48.00
Blue Dream #7140,BULK-07140,Flower,Sungrown Farms,g,55.00
OG Kush #7141,BULK-07141,Pre-Rolls,Kush Co,each,62.00
Sour Diesel #7142,BULK-07142,Edibles,Cloud9 Labs,g,69.00
Gelato #7143,BULK-07143,Vapes,Nebula Extracts,each,21.00
Wedding Cake #7144,BULK-07144,Concentrates,Sungrown Farms,g,28.00
GDP #7145,BULK-07145,Flower,Kush Co,each,35.00
Pineapple Express #7146,BULK-07146,Pre-Rolls,Cloud9 Labs,g,42.00
Northern Lights #7147,BULK-07147,Edibles,Nebula Extracts,each,49.00
Runtz #7148,BULK-07148,Vapes,Sungrown Farms,g,56.00
Zkittlez #7149,BULK-07149,Concentrates,Kush Co,each,63.00
Blue Dream #7150,BULK-07150,Flower,Cloud9 Labs,g,15.00
OG Kush #7151,BULK-07151,Pre-Rolls,Nebula Extracts,each,22.00
Sour Diesel #7152,BULK-07152,Edibles,Sungrown Farms,g,29.00
Gelato #7153,BULK-07153,Vapes,Kush Co,each,36.00
Wedding Cake #7154,BULK-07154,Concentrates,Cloud9 Labs,g,43.00
GDP #7155,BULK-07155,Flower,Nebula Extracts,each,50.00
Pineapple Express #7156,BULK-07156,Pre-Rolls,Sungrown Farms,g,57.00
Northern Lights #7157,BULK-07157,Edibles,Kush Co,each,64.00
Runtz #7158,BULK-07158,Vapes,Cloud9 Labs,g,16.00
Zkittlez #7159,BULK-07159,Concentrates,Nebula Extracts,each,23.00
Blue Dream #7160,BULK-07160,Flower,Sungrown Farms,g,30.00
OG Kush #7161,BULK-07161,Pre-Rolls,Kush Co,each,37.00
Sour Diesel #7162,BULK-07162,Edibles,Cloud9 Labs,g,44.00
Gelato #7163,BULK-07163,Vapes,Nebula Extracts,each,51.00
Wedding Cake #7164,BULK-07164,Concentrates,Sungrown Farms,g,58.00
GDP #7165,BULK-07165,Flower,Kush Co,each,65.00
Pineapple Express #7166,BULK-07166,Pre-Rolls,Cloud9 Labs,g,17.00
Northern Lights #7167,BULK-07167,Edibles,Nebula Extracts,each,24.00
Runtz #7168,BULK-07168,Vapes,Sungrown Farms,g,31.00
Zkittlez #7169,BULK-07169,Concentrates,Kush Co,each,38.00
Blue Dream #7170,BULK-07170,Flower,Cloud9 Labs,g,45.00
OG Kush #7171,BULK-07171,Pre-Rolls,Nebula Extracts,each,52.00
Sour Diesel #7172,BULK-07172,Edibles,Sungrown Farms,g,59.00
Gelato #7173,BULK-07173,Vapes,Kush Co,each,66.00
Wedding Cake #7174,BULK-07174,Concentrates,Cloud9 Labs,g,18.00
GDP #7175,BULK-07175,Flower,Nebula Extracts,each,25.00
Pineapple Express #7176,BULK-07176,Pre-Rolls,Sungrown Farms,g,32.00
Northern Lights #7177,BULK-07177,Edibles,Kush Co,each,39.00
Runtz #7178,BULK-07178,Vapes,Cloud9 Labs,g,46.00
Zkittlez #7179,BULK-07179,Concentrates,Nebula Extracts,each,53.00
Blue Dream #7180,BULK-07180,Flower,Sungrown Farms,g,60.00
OG Kush #7181,BULK-07181,Pre-Rolls,Kush Co,each,67.00
Sour Diesel #7182,BULK-07182,Edibles,Cloud9 Labs,g,19.00
Gelato #7183,BULK-07183,Vapes,Nebula Extracts,each,26.00
Wedding Cake #7184,BULK-07184,Concentrates,Sungrown Farms,g,33.00
GDP #7185,BULK-07185,Flower,Kush Co,each,40.00
Pineapple Express #7186,BULK-07186,Pre-Rolls,Cloud9 Labs,g,47.00
Northern Lights #7187,BULK-07187,Edibles,Nebula Extracts,each,54.00
Runtz #7188,BULK-07188,Vapes,Sungrown Farms,g,61.00
Zkittlez #7189,BULK-07189,Concentrates,Kush Co,each,68.00
Blue Dream #7190,BULK-07190,Flower,Cloud9 Labs,g,20.00
OG Kush #7191,BULK-07191,Pre-Rolls,Nebula Extracts,each,27.00
Sour Diesel #7192,BULK-07192,Edibles,Sungrown Farms,g,34.00
Gelato #7193,BULK-07193,Vapes,Kush Co,each,41.00
Wedding Cake #7194,BULK-07194,Concentrates,Cloud9 Labs,g,48.00
GDP #7195,BULK-07195,Flower,Nebula Extracts,each,55.00
Pineapple Express #7196,BULK-07196,Pre-Rolls,Sungrown Farms,g,62.00
Northern Lights #7197,BULK-07197,Edibles,Kush Co,each,69.00
Runtz #7198,BULK-07198,Vapes,Cloud9 Labs,g,21.00
Zkittlez #7199,BULK-07199,Concentrates,Nebula Extracts,each,28.00
Blue Dream #7200,BULK-07200,Flower,Sungrown Farms,g,35.00
OG Kush #7201,BULK-07201,Pre-Rolls,Kush Co,each,42.00
Sour Diesel #7202,BULK-07202,Edibles,Cloud9 Labs,g,49.00
Gelato #7203,BULK-07203,Vapes,Nebula Extracts,each,56.00
Wedding Cake #7204,BULK-07204,Concentrates,Sungrown Farms,g,63.00
GDP #7205,BULK-07205,Flower,Kush Co,each,15.00
Pineapple Express #7206,BULK-07206,Pre-Rolls,Cloud9 Labs,g,22.00
Northern Lights #7207,BULK-07207,Edibles,Nebula Extracts,each,29.00
Runtz #7208,BULK-07208,Vapes,Sungrown Farms,g,36.00
Zkittlez #7209,BULK-07209,Concentrates,Kush Co,each,43.00
Blue Dream #7210,BULK-07210,Flower,Cloud9 Labs,g,50.00
OG Kush #7211,BULK-07211,Pre-Rolls,Nebula Extracts,each,57.00
Sour Diesel #7212,BULK-07212,Edibles,Sungrown Farms,g,64.00
Gelato #7213,BULK-07213,Vapes,Kush Co,each,16.00
Wedding Cake #7214,BULK-07214,Concentrates,Cloud9 Labs,g,23.00
GDP #7215,BULK-07215,Flower,Nebula Extracts,each,30.00
Pineapple Express #7216,BULK-07216,Pre-Rolls,Sungrown Farms,g,37.00
Northern Lights #7217,BULK-07217,Edibles,Kush Co,each,44.00
Runtz #7218,BULK-07218,Vapes,Cloud9 Labs,g,51.00
Zkittlez #7219,BULK-07219,Concentrates,Nebula Extracts,each,58.00
Blue Dream #7220,BULK-07220,Flower,Sungrown Farms,g,65.00
OG Kush #7221,BULK-07221,Pre-Rolls,Kush Co,each,17.00
Sour Diesel #7222,BULK-07222,Edibles,Cloud9 Labs,g,24.00
Gelato #7223,BULK-07223,Vapes,Nebula Extracts,each,31.00
Wedding Cake #7224,BULK-07224,Concentrates,Sungrown Farms,g,38.00
GDP #7225,BULK-07225,Flower,Kush Co,each,45.00
Pineapple Express #7226,BULK-07226,Pre-Rolls,Cloud9 Labs,g,52.00
Northern Lights #7227,BULK-07227,Edibles,Nebula Extracts,each,59.00
Runtz #7228,BULK-07228,Vapes,Sungrown Farms,g,66.00
Zkittlez #7229,BULK-07229,Concentrates,Kush Co,each,18.00
Blue Dream #7230,BULK-07230,Flower,Cloud9 Labs,g,25.00
OG Kush #7231,BULK-07231,Pre-Rolls,Nebula Extracts,each,32.00
Sour Diesel #7232,BULK-07232,Edibles,Sungrown Farms,g,39.00
Gelato #7233,BULK-07233,Vapes,Kush Co,each,46.00
Wedding Cake #7234,BULK-07234,Concentrates,Cloud9 Labs,g,53.00
GDP #7235,BULK-07235,Flower,Nebula Extracts,each,60.00
Pineapple Express #7236,BULK-07236,Pre-Rolls,Sungrown Farms,g,67.00
Northern Lights #7237,BULK-07237,Edibles,Kush Co,each,19.00
Runtz #7238,BULK-07238,Vapes,Cloud9 Labs,g,26.00
Zkittlez #7239,BULK-07239,Concentrates,Nebula Extracts,each,33.00
Blue Dream #7240,BULK-07240,Flower,Sungrown Farms,g,40.00
OG Kush #7241,BULK-07241,Pre-Rolls,Kush Co,each,47.00
Sour Diesel #7242,BULK-07242,Edibles,Cloud9 Labs,g,54.00
Gelato #7243,BULK-07243,Vapes,Nebula Extracts,each,61.00
Wedding Cake #7244,BULK-07244,Concentrates,Sungrown Farms,g,68.00
GDP #7245,BULK-07245,Flower,Kush Co,each,20.00
Pineapple Express #7246,BULK-07246,Pre-Rolls,Cloud9 Labs,g,27.00
Northern Lights #7247,BULK-07247,Edibles,Nebula Extracts,each,34.00
Runtz #7248,BULK-07248,Vapes,Sungrown Farms,g,41.00
Zkittlez #7249,BULK-07249,Concentrates,Kush Co,each,48.00
Blue Dream #7250,BULK-07250,Flower,Cloud9 Labs,g,55.00
OG Kush #7251,BULK-07251,Pre-Rolls,Nebula Extracts,each,62.00
Sour Diesel #7252,BULK-07252,Edibles,Sungrown Farms,g,69.00
Gelato #7253,BULK-07253,Vapes,Kush Co,each,21.00
Wedding Cake #7254,BULK-07254,Concentrates,Cloud9 Labs,g,28.00
GDP #7255,BULK-07255,Flower,Nebula Extracts,each,35.00
Pineapple Express #7256,BULK-07256,Pre-Rolls,Sungrown Farms,g,42.00
Northern Lights #7257,BULK-07257,Edibles,Kush Co,each,49.00
Runtz #7258,BULK-07258,Vapes,Cloud9 Labs,g,56.00
Zkittlez #7259,BULK-07259,Concentrates,Nebula Extracts,each,63.00
Blue Dream #7260,BULK-07260,Flower,Sungrown Farms,g,15.00
OG Kush #7261,BULK-07261,Pre-Rolls,Kush Co,each,22.00
Sour Diesel #7262,BULK-07262,Edibles,Cloud9 Labs,g,29.00
Gelato #7263,BULK-07263,Vapes,Nebula Extracts,each,36.00
Wedding Cake #7264,BULK-07264,Concentrates,Sungrown Farms,g,43.00
GDP #7265,BULK-07265,Flower,Kush Co,each,50.00
Pineapple Express #7266,BULK-07266,Pre-Rolls,Cloud9 Labs,g,57.00
Northern Lights #7267,BULK-07267,Edibles,Nebula Extracts,each,64.00
Runtz #7268,BULK-07268,Vapes,Sungrown Farms,g,16.00
Zkittlez #7269,BULK-07269,Concentrates,Kush Co,each,23.00
Blue Dream #7270,BULK-07270,Flower,Cloud9 Labs,g,30.00
OG Kush #7271,BULK-07271,Pre-Rolls,Nebula Extracts,each,37.00
Sour Diesel #7272,BULK-07272,Edibles,Sungrown Farms,g,44.00
Gelato #7273,BULK-07273,Vapes,Kush Co,each,51.00
Wedding Cake #7274,BULK-07274,Concentrates,Cloud9 Labs,g,58.00
GDP #7275,BULK-07275,Flower,Nebula Extracts,each,65.00
Pineapple Express #7276,BULK-07276,Pre-Rolls,Sungrown Farms,g,17.00
Northern Lights #7277,BULK-07277,Edibles,Kush Co,each,24.00
Runtz #7278,BULK-07278,Vapes,Cloud9 Labs,g,31.00
Zkittlez #7279,BULK-07279,Concentrates,Nebula Extracts,each,38.00
Blue Dream #7280,BULK-07280,Flower,Sungrown Farms,g,45.00
OG Kush #7281,BULK-07281,Pre-Rolls,Kush Co,each,52.00
Sour Diesel #7282,BULK-07282,Edibles,Cloud9 Labs,g,59.00
Gelato #7283,BULK-07283,Vapes,Nebula Extracts,each,66.00
Wedding Cake #7284,BULK-07284,Concentrates,Sungrown Farms,g,18.00
GDP #7285,BULK-07285,Flower,Kush Co,each,25.00
Pineapple Express #7286,BULK-07286,Pre-Rolls,Cloud9 Labs,g,32.00
Northern Lights #7287,BULK-07287,Edibles,Nebula Extracts,each,39.00
Runtz #7288,BULK-07288,Vapes,Sungrown Farms,g,46.00
Zkittlez #7289,BULK-07289,Concentrates,Kush Co,each,53.00
Blue Dream #7290,BULK-07290,Flower,Cloud9 Labs,g,60.00
OG Kush #7291,BULK-07291,Pre-Rolls,Nebula Extracts,each,67.00
Sour Diesel #7292,BULK-07292,Edibles,Sungrown Farms,g,19.00
Gelato #7293,BULK-07293,Vapes,Kush Co,each,26.00
Wedding Cake #7294,BULK-07294,Concentrates,Cloud9 Labs,g,33.00
GDP #7295,BULK-07295,Flower,Nebula Extracts,each,40.00
Pineapple Express #7296,BULK-07296,Pre-Rolls,Sungrown Farms,g,47.00
Northern Lights #7297,BULK-07297,Edibles,Kush Co,each,54.00
Runtz #7298,BULK-07298,Vapes,Cloud9 Labs,g,61.00
Zkittlez #7299,BULK-07299,Concentrates,Nebula Extracts,each,68.00
Blue Dream #7300,BULK-07300,Flower,Sungrown Farms,g,20.00
OG Kush #7301,BULK-07301,Pre-Rolls,Kush Co,each,27.00
Sour Diesel #7302,BULK-07302,Edibles,Cloud9 Labs,g,34.00
Gelato #7303,BULK-07303,Vapes,Nebula Extracts,each,41.00
Wedding Cake #7304,BULK-07304,Concentrates,Sungrown Farms,g,48.00
GDP #7305,BULK-07305,Flower,Kush Co,each,55.00
Pineapple Express #7306,BULK-07306,Pre-Rolls,Cloud9 Labs,g,62.00
Northern Lights #7307,BULK-07307,Edibles,Nebula Extracts,each,69.00
Runtz #7308,BULK-07308,Vapes,Sungrown Farms,g,21.00
Zkittlez #7309,BULK-07309,Concentrates,Kush Co,each,28.00
Blue Dream #7310,BULK-07310,Flower,Cloud9 Labs,g,35.00
OG Kush #7311,BULK-07311,Pre-Rolls,Nebula Extracts,each,42.00
Sour Diesel #7312,BULK-07312,Edibles,Sungrown Farms,g,49.00
Gelato #7313,BULK-07313,Vapes,Kush Co,each,56.00
Wedding Cake #7314,BULK-07314,Concentrates,Cloud9 Labs,g,63.00
GDP #7315,BULK-07315,Flower,Nebula Extracts,each,15.00
Pineapple Express #7316,BULK-07316,Pre-Rolls,Sungrown Farms,g,22.00
Northern Lights #7317,BULK-07317,Edibles,Kush Co,each,29.00
Runtz #7318,BULK-07318,Vapes,Cloud9 Labs,g,36.00
Zkittlez #7319,BULK-07319,Concentrates,Nebula Extracts,each,43.00
Blue Dream #7320,BULK-07320,Flower,Sungrown Farms,g,50.00
OG Kush #7321,BULK-07321,Pre-Rolls,Kush Co,each,57.00
Sour Diesel #7322,BULK-07322,Edibles,Cloud9 Labs,g,64.00
Gelato #7323,BULK-07323,Vapes,Nebula Extracts,each,16.00
Wedding Cake #7324,BULK-07324,Concentrates,Sungrown Farms,g,23.00
GDP #7325,BULK-07325,Flower,Kush Co,each,30.00
Pineapple Express #7326,BULK-07326,Pre-Rolls,Cloud9 Labs,g,37.00
Northern Lights #7327,BULK-07327,Edibles,Nebula Extracts,each,44.00
Runtz #7328,BULK-07328,Vapes,Sungrown Farms,g,51.00
Zkittlez #7329,BULK-07329,Concentrates,Kush Co,each,58.00
Blue Dream #7330,BULK-07330,Flower,Cloud9 Labs,g,65.00
OG Kush #7331,BULK-07331,Pre-Rolls,Nebula Extracts,each,17.00
Sour Diesel #7332,BULK-07332,Edibles,Sungrown Farms,g,24.00
Gelato #7333,BULK-07333,Vapes,Kush Co,each,31.00
Wedding Cake #7334,BULK-07334,Concentrates,Cloud9 Labs,g,38.00
GDP #7335,BULK-07335,Flower,Nebula Extracts,each,45.00
Pineapple Express #7336,BULK-07336,Pre-Rolls,Sungrown Farms,g,52.00
Northern Lights #7337,BULK-07337,Edibles,Kush Co,each,59.00
Runtz #7338,BULK-07338,Vapes,Cloud9 Labs,g,66.00
Zkittlez #7339,BULK-07339,Concentrates,Nebula Extracts,each,18.00
Blue Dream #7340,BULK-07340,Flower,Sungrown Farms,g,25.00
OG Kush #7341,BULK-07341,Pre-Rolls,Kush Co,each,32.00
Sour Diesel #7342,BULK-07342,Edibles,Cloud9 Labs,g,39.00
Gelato #7343,BULK-07343,Vapes,Nebula Extracts,each,46.00
Wedding Cake #7344,BULK-07344,Concentrates,Sungrown Farms,g,53.00
GDP #7345,BULK-07345,Flower,Kush Co,each,60.00
Pineapple Express #7346,BULK-07346,Pre-Rolls,Cloud9 Labs,g,67.00
Northern Lights #7347,BULK-07347,Edibles,Nebula Extracts,each,19.00
Runtz #7348,BULK-07348,Vapes,Sungrown Farms,g,26.00
Zkittlez #7349,BULK-07349,Concentrates,Kush Co,each,33.00
Blue Dream #7350,BULK-07350,Flower,Cloud9 Labs,g,40.00
OG Kush #7351,BULK-07351,Pre-Rolls,Nebula Extracts,each,47.00
Sour Diesel #7352,BULK-07352,Edibles,Sungrown Farms,g,54.00
Gelato #7353,BULK-07353,Vapes,Kush Co,each,61.00
Wedding Cake #7354,BULK-07354,Concentrates,Cloud9 Labs,g,68.00
GDP #7355,BULK-07355,Flower,Nebula Extracts,each,20.00
Pineapple Express #7356,BULK-07356,Pre-Rolls,Sungrown Farms,g,27.00
Northern Lights #7357,BULK-07357,Edibles,Kush Co,each,34.00
Runtz #7358,BULK-07358,Vapes,Cloud9 Labs,g,41.00
Zkittlez #7359,BULK-07359,Concentrates,Nebula Extracts,each,48.00
Blue Dream #7360,BULK-07360,Flower,Sungrown Farms,g,55.00
OG Kush #7361,BULK-07361,Pre-Rolls,Kush Co,each,62.00
Sour Diesel #7362,BULK-07362,Edibles,Cloud9 Labs,g,69.00
Gelato #7363,BULK-07363,Vapes,Nebula Extracts,each,21.00
Wedding Cake #7364,BULK-07364,Concentrates,Sungrown Farms,g,28.00
GDP #7365,BULK-07365,Flower,Kush Co,each,35.00
Pineapple Express #7366,BULK-07366,Pre-Rolls,Cloud9 Labs,g,42.00
Northern Lights #7367,BULK-07367,Edibles,Nebula Extracts,each,49.00
Runtz #7368,BULK-07368,Vapes,Sungrown Farms,g,56.00
Zkittlez #7369,BULK-07369,Concentrates,Kush Co,each,63.00
Blue Dream #7370,BULK-07370,Flower,Cloud9 Labs,g,15.00
OG Kush #7371,BULK-07371,Pre-Rolls,Nebula Extracts,each,22.00
Sour Diesel #7372,BULK-07372,Edibles,Sungrown Farms,g,29.00
Gelato #7373,BULK-07373,Vapes,Kush Co,each,36.00
Wedding Cake #7374,BULK-07374,Concentrates,Cloud9 Labs,g,43.00
GDP #7375,BULK-07375,Flower,Nebula Extracts,each,50.00
Pineapple Express #7376,BULK-07376,Pre-Rolls,Sungrown Farms,g,57.00
Northern Lights #7377,BULK-07377,Edibles,Kush Co,each,64.00
Runtz #7378,BULK-07378,Vapes,Cloud9 Labs,g,16.00
Zkittlez #7379,BULK-07379,Concentrates,Nebula Extracts,each,23.00
Blue Dream #7380,BULK-07380,Flower,Sungrown Farms,g,30.00
OG Kush #7381,BULK-07381,Pre-Rolls,Kush Co,each,37.00
Sour Diesel #7382,BULK-07382,Edibles,Cloud9 Labs,g,44.00
Gelato #7383,BULK-07383,Vapes,Nebula Extracts,each,51.00
Wedding Cake #7384,BULK-07384,Concentrates,Sungrown Farms,g,58.00
GDP #7385,BULK-07385,Flower,Kush Co,each,65.00
Pineapple Express #7386,BULK-07386,Pre-Rolls,Cloud9 Labs,g,17.00
Northern Lights #7387,BULK-07387,Edibles,Nebula Extracts,each,24.00
Runtz #7388,BULK-07388,Vapes,Sungrown Farms,g,31.00
Zkittlez #7389,BULK-07389,Concentrates,Kush Co,each,38.00
Blue Dream #7390,BULK-07390,Flower,Cloud9 Labs,g,45.00
OG Kush #7391,BULK-07391,Pre-Rolls,Nebula Extracts,each,52.00
Sour Diesel #7392,BULK-07392,Edibles,Sungrown Farms,g,59.00
Gelato #7393,BULK-07393,Vapes,Kush Co,each,66.00
Wedding Cake #7394,BULK-07394,Concentrates,Cloud9 Labs,g,18.00
GDP #7395,BULK-07395,Flower,Nebula Extracts,each,25.00
Pineapple Express #7396,BULK-07396,Pre-Rolls,Sungrown Farms,g,32.00
Northern Lights #7397,BULK-07397,Edibles,Kush Co,each,39.00
Runtz #7398,BULK-07398,Vapes,Cloud9 Labs,g,46.00
Zkittlez #7399,BULK-07399,Concentrates,Nebula Extracts,each,53.00
Blue Dream #7400,BULK-07400,Flower,Sungrown Farms,g,60.00
OG Kush #7401,BULK-07401,Pre-Rolls,Kush Co,each,67.00
Sour Diesel #7402,BULK-07402,Edibles,Cloud9 Labs,g,19.00
Gelato #7403,BULK-07403,Vapes,Nebula Extracts,each,26.00
Wedding Cake #7404,BULK-07404,Concentrates,Sungrown Farms,g,33.00
GDP #7405,BULK-07405,Flower,Kush Co,each,40.00
Pineapple Express #7406,BULK-07406,Pre-Rolls,Cloud9 Labs,g,47.00
Northern Lights #7407,BULK-07407,Edibles,Nebula Extracts,each,54.00
Runtz #7408,BULK-07408,Vapes,Sungrown Farms,g,61.00
Zkittlez #7409,BULK-07409,Concentrates,Kush Co,each,68.00
Blue Dream #7410,BULK-07410,Flower,Cloud9 Labs,g,20.00
OG Kush #7411,BULK-07411,Pre-Rolls,Nebula Extracts,each,27.00
Sour Diesel #7412,BULK-07412,Edibles,Sungrown Farms,g,34.00
Gelato #7413,BULK-07413,Vapes,Kush Co,each,41.00
Wedding Cake #7414,BULK-07414,Concentrates,Cloud9 Labs,g,48.00
GDP #7415,BULK-07415,Flower,Nebula Extracts,each,55.00
Pineapple Express #7416,BULK-07416,Pre-Rolls,Sungrown Farms,g,62.00
Northern Lights #7417,BULK-07417,Edibles,Kush Co,each,69.00
Runtz #7418,BULK-07418,Vapes,Cloud9 Labs,g,21.00
Zkittlez #7419,BULK-07419,Concentrates,Nebula Extracts,each,28.00
Blue Dream #7420,BULK-07420,Flower,Sungrown Farms,g,35.00
OG Kush #7421,BULK-07421,Pre-Rolls,Kush Co,each,42.00
Sour Diesel #7422,BULK-07422,Edibles,Cloud9 Labs,g,49.00
Gelato #7423,BULK-07423,Vapes,Nebula Extracts,each,56.00
Wedding Cake #7424,BULK-07424,Concentrates,Sungrown Farms,g,63.00
GDP #7425,BULK-07425,Flower,Kush Co,each,15.00
Pineapple Express #7426,BULK-07426,Pre-Rolls,Cloud9 Labs,g,22.00
Northern Lights #7427,BULK-07427,Edibles,Nebula Extracts,each,29.00
Runtz #7428,BULK-07428,Vapes,Sungrown Farms,g,36.00
Zkittlez #7429,BULK-07429,Concentrates,Kush Co,each,43.00
Blue Dream #7430,BULK-07430,Flower,Cloud9 Labs,g,50.00
OG Kush #7431,BULK-07431,Pre-Rolls,Nebula Extracts,each,57.00
Sour Diesel #7432,BULK-07432,Edibles,Sungrown Farms,g,64.00
Gelato #7433,BULK-07433,Vapes,Kush Co,each,16.00
Wedding Cake #7434,BULK-07434,Concentrates,Cloud9 Labs,g,23.00
GDP #7435,BULK-07435,Flower,Nebula Extracts,each,30.00
Pineapple Express #7436,BULK-07436,Pre-Rolls,Sungrown Farms,g,37.00
Northern Lights #7437,BULK-07437,Edibles,Kush Co,each,44.00
Runtz #7438,BULK-07438,Vapes,Cloud9 Labs,g,51.00
Zkittlez #7439,BULK-07439,Concentrates,Nebula Extracts,each,58.00
Blue Dream #7440,BULK-07440,Flower,Sungrown Farms,g,65.00
OG Kush #7441,BULK-07441,Pre-Rolls,Kush Co,each,17.00
Sour Diesel #7442,BULK-07442,Edibles,Cloud9 Labs,g,24.00
Gelato #7443,BULK-07443,Vapes,Nebula Extracts,each,31.00
Wedding Cake #7444,BULK-07444,Concentrates,Sungrown Farms,g,38.00
GDP #7445,BULK-07445,Flower,Kush Co,each,45.00
Pineapple Express #7446,BULK-07446,Pre-Rolls,Cloud9 Labs,g,52.00
Northern Lights #7447,BULK-07447,Edibles,Nebula Extracts,each,59.00
Runtz #7448,BULK-07448,Vapes,Sungrown Farms,g,66.00
Zkittlez #7449,BULK-07449,Concentrates,Kush Co,each,18.00
Blue Dream #7450,BULK-07450,Flower,Cloud9 Labs,g,25.00
OG Kush #7451,BULK-07451,Pre-Rolls,Nebula Extracts,each,32.00
Sour Diesel #7452,BULK-07452,Edibles,Sungrown Farms,g,39.00
Gelato #7453,BULK-07453,Vapes,Kush Co,each,46.00
Wedding Cake #7454,BULK-07454,Concentrates,Cloud9 Labs,g,53.00
GDP #7455,BULK-07455,Flower,Nebula Extracts,each,60.00
Pineapple Express #7456,BULK-07456,Pre-Rolls,Sungrown Farms,g,67.00
Northern Lights #7457,BULK-07457,Edibles,Kush Co,each,19.00
Runtz #7458,BULK-07458,Vapes,Cloud9 Labs,g,26.00
Zkittlez #7459,BULK-07459,Concentrates,Nebula Extracts,each,33.00
Blue Dream #7460,BULK-07460,Flower,Sungrown Farms,g,40.00
OG Kush #7461,BULK-07461,Pre-Rolls,Kush Co,each,47.00
Sour Diesel #7462,BULK-07462,Edibles,Cloud9 Labs,g,54.00
Gelato #7463,BULK-07463,Vapes,Nebula Extracts,each,61.00
Wedding Cake #7464,BULK-07464,Concentrates,Sungrown Farms,g,68.00
GDP #7465,BULK-07465,Flower,Kush Co,each,20.00
Pineapple Express #7466,BULK-07466,Pre-Rolls,Cloud9 Labs,g,27.00
Northern Lights #7467,BULK-07467,Edibles,Nebula Extracts,each,34.00
Runtz #7468,BULK-07468,Vapes,Sungrown Farms,g,41.00
Zkittlez #7469,BULK-07469,Concentrates,Kush Co,each,48.00
Blue Dream #7470,BULK-07470,Flower,Cloud9 Labs,g,55.00
OG Kush #7471,BULK-07471,Pre-Rolls,Nebula Extracts,each,62.00
Sour Diesel #7472,BULK-07472,Edibles,Sungrown Farms,g,69.00
Gelato #7473,BULK-07473,Vapes,Kush Co,each,21.00
Wedding Cake #7474,BULK-07474,Concentrates,Cloud9 Labs,g,28.00
GDP #7475,BULK-07475,Flower,Nebula Extracts,each,35.00
Pineapple Express #7476,BULK-07476,Pre-Rolls,Sungrown Farms,g,42.00
Northern Lights #7477,BULK-07477,Edibles,Kush Co,each,49.00
Runtz #7478,BULK-07478,Vapes,Cloud9 Labs,g,56.00
Zkittlez #7479,BULK-07479,Concentrates,Nebula Extracts,each,63.00
Blue Dream #7480,BULK-07480,Flower,Sungrown Farms,g,15.00
OG Kush #7481,BULK-07481,Pre-Rolls,Kush Co,each,22.00
Sour Diesel #7482,BULK-07482,Edibles,Cloud9 Labs,g,29.00
Gelato #7483,BULK-07483,Vapes,Nebula Extracts,each,36.00
Wedding Cake #7484,BULK-07484,Concentrates,Sungrown Farms,g,43.00
GDP #7485,BULK-07485,Flower,Kush Co,each,50.00
Pineapple Express #7486,BULK-07486,Pre-Rolls,Cloud9 Labs,g,57.00
Northern Lights #7487,BULK-07487,Edibles,Nebula Extracts,each,64.00
Runtz #7488,BULK-07488,Vapes,Sungrown Farms,g,16.00
Zkittlez #7489,BULK-07489,Concentrates,Kush Co,each,23.00
Blue Dream #7490,BULK-07490,Flower,Cloud9 Labs,g,30.00
OG Kush #7491,BULK-07491,Pre-Rolls,Nebula Extracts,each,37.00
Sour Diesel #7492,BULK-07492,Edibles,Sungrown Farms,g,44.00
Gelato #7493,BULK-07493,Vapes,Kush Co,each,51.00
Wedding Cake #7494,BULK-07494,Concentrates,Cloud9 Labs,g,58.00
GDP #7495,BULK-07495,Flower,Nebula Extracts,each,65.00
Pineapple Express #7496,BULK-07496,Pre-Rolls,Sungrown Farms,g,17.00
Northern Lights #7497,BULK-07497,Edibles,Kush Co,each,24.00
Runtz #7498,BULK-07498,Vapes,Cloud9 Labs,g,31.00
Zkittlez #7499,BULK-07499,Concentrates,Nebula Extracts,each,38.00
Blue Dream #7500,BULK-07500,Flower,Sungrown Farms,g,45.00
OG Kush #7501,BULK-07501,Pre-Rolls,Kush Co,each,52.00
Sour Diesel #7502,BULK-07502,Edibles,Cloud9 Labs,g,59.00
Gelato #7503,BULK-07503,Vapes,Nebula Extracts,each,66.00
Wedding Cake #7504,BULK-07504,Concentrates,Sungrown Farms,g,18.00
GDP #7505,BULK-07505,Flower,Kush Co,each,25.00
Pineapple Express #7506,BULK-07506,Pre-Rolls,Cloud9 Labs,g,32.00
Northern Lights #7507,BULK-07507,Edibles,Nebula Extracts,each,39.00
Runtz #7508,BULK-07508,Vapes,Sungrown Farms,g,46.00
Zkittlez #7509,BULK-07509,Concentrates,Kush Co,each,53.00
Blue Dream #7510,BULK-07510,Flower,Cloud9 Labs,g,60.00
OG Kush #7511,BULK-07511,Pre-Rolls,Nebula Extracts,each,67.00
Sour Diesel #7512,BULK-07512,Edibles,Sungrown Farms,g,19.00
Gelato #7513,BULK-07513,Vapes,Kush Co,each,26.00
Wedding Cake #7514,BULK-07514,Concentrates,Cloud9 Labs,g,33.00
GDP #7515,BULK-07515,Flower,Nebula Extracts,each,40.00
Pineapple Express #7516,BULK-07516,Pre-Rolls,Sungrown Farms,g,47.00
Northern Lights #7517,BULK-07517,Edibles,Kush Co,each,54.00
Runtz #7518,BULK-07518,Vapes,Cloud9 Labs,g,61.00
Zkittlez #7519,BULK-07519,Concentrates,Nebula Extracts,each,68.00
Blue Dream #7520,BULK-07520,Flower,Sungrown Farms,g,20.00
OG Kush #7521,BULK-07521,Pre-Rolls,Kush Co,each,27.00
Sour Diesel #7522,BULK-07522,Edibles,Cloud9 Labs,g,34.00
Gelato #7523,BULK-07523,Vapes,Nebula Extracts,each,41.00
Wedding Cake #7524,BULK-07524,Concentrates,Sungrown Farms,g,48.00
GDP #7525,BULK-07525,Flower,Kush Co,each,55.00
Pineapple Express #7526,BULK-07526,Pre-Rolls,Cloud9 Labs,g,62.00
Northern Lights #7527,BULK-07527,Edibles,Nebula Extracts,each,69.00
Runtz #7528,BULK-07528,Vapes,Sungrown Farms,g,21.00
Zkittlez #7529,BULK-07529,Concentrates,Kush Co,each,28.00
Blue Dream #7530,BULK-07530,Flower,Cloud9 Labs,g,35.00
OG Kush #7531,BULK-07531,Pre-Rolls,Nebula Extracts,each,42.00
Sour Diesel #7532,BULK-07532,Edibles,Sungrown Farms,g,49.00
Gelato #7533,BULK-07533,Vapes,Kush Co,each,56.00
Wedding Cake #7534,BULK-07534,Concentrates,Cloud9 Labs,g,63.00
GDP #7535,BULK-07535,Flower,Nebula Extracts,each,15.00
Pineapple Express #7536,BULK-07536,Pre-Rolls,Sungrown Farms,g,22.00
Northern Lights #7537,BULK-07537,Edibles,Kush Co,each,29.00
Runtz #7538,BULK-07538,Vapes,Cloud9 Labs,g,36.00
Zkittlez #7539,BULK-07539,Concentrates,Nebula Extracts,each,43.00
Blue Dream #7540,BULK-07540,Flower,Sungrown Farms,g,50.00
OG Kush #7541,BULK-07541,Pre-Rolls,Kush Co,each,57.00
Sour Diesel #7542,BULK-07542,Edibles,Cloud9 Labs,g,64.00
Gelato #7543,BULK-07543,Vapes,Nebula Extracts,each,16.00
Wedding Cake #7544,BULK-07544,Concentrates,Sungrown Farms,g,23.00
GDP #7545,BULK-07545,Flower,Kush Co,each,30.00
Pineapple Express #7546,BULK-07546,Pre-Rolls,Cloud9 Labs,g,37.00
Northern Lights #7547,BULK-07547,Edibles,Nebula Extracts,each,44.00
Runtz #7548,BULK-07548,Vapes,Sungrown Farms,g,51.00
Zkittlez #7549,BULK-07549,Concentrates,Kush Co,each,58.00
Blue Dream #7550,BULK-07550,Flower,Cloud9 Labs,g,65.00
OG Kush #7551,BULK-07551,Pre-Rolls,Nebula Extracts,each,17.00
Sour Diesel #7552,BULK-07552,Edibles,Sungrown Farms,g,24.00
Gelato #7553,BULK-07553,Vapes,Kush Co,each,31.00
Wedding Cake #7554,BULK-07554,Concentrates,Cloud9 Labs,g,38.00
GDP #7555,BULK-07555,Flower,Nebula Extracts,each,45.00
Pineapple Express #7556,BULK-07556,Pre-Rolls,Sungrown Farms,g,52.00
Northern Lights #7557,BULK-07557,Edibles,Kush Co,each,59.00
Runtz #7558,BULK-07558,Vapes,Cloud9 Labs,g,66.00
Zkittlez #7559,BULK-07559,Concentrates,Nebula Extracts,each,18.00
Blue Dream #7560,BULK-07560,Flower,Sungrown Farms,g,25.00
OG Kush #7561,BULK-07561,Pre-Rolls,Kush Co,each,32.00
Sour Diesel #7562,BULK-07562,Edibles,Cloud9 Labs,g,39.00
Gelato #7563,BULK-07563,Vapes,Nebula Extracts,each,46.00
Wedding Cake #7564,BULK-07564,Concentrates,Sungrown Farms,g,53.00
GDP #7565,BULK-07565,Flower,Kush Co,each,60.00
Pineapple Express #7566,BULK-07566,Pre-Rolls,Cloud9 Labs,g,67.00
Northern Lights #7567,BULK-07567,Edibles,Nebula Extracts,each,19.00
Runtz #7568,BULK-07568,Vapes,Sungrown Farms,g,26.00
Zkittlez #7569,BULK-07569,Concentrates,Kush Co,each,33.00
Blue Dream #7570,BULK-07570,Flower,Cloud9 Labs,g,40.00
OG Kush #7571,BULK-07571,Pre-Rolls,Nebula Extracts,each,47.00
Sour Diesel #7572,BULK-07572,Edibles,Sungrown Farms,g,54.00
Gelato #7573,BULK-07573,Vapes,Kush Co,each,61.00
Wedding Cake #7574,BULK-07574,Concentrates,Cloud9 Labs,g,68.00
GDP #7575,BULK-07575,Flower,Nebula Extracts,each,20.00
Pineapple Express #7576,BULK-07576,Pre-Rolls,Sungrown Farms,g,27.00
Northern Lights #7577,BULK-07577,Edibles,Kush Co,each,34.00
Runtz #7578,BULK-07578,Vapes,Cloud9 Labs,g,41.00
Zkittlez #7579,BULK-07579,Concentrates,Nebula Extracts,each,48.00
Blue Dream #7580,BULK-07580,Flower,Sungrown Farms,g,55.00
OG Kush #7581,BULK-07581,Pre-Rolls,Kush Co,each,62.00
Sour Diesel #7582,BULK-07582,Edibles,Cloud9 Labs,g,69.00
Gelato #7583,BULK-07583,Vapes,Nebula Extracts,each,21.00
Wedding Cake #7584,BULK-07584,Concentrates,Sungrown Farms,g,28.00
GDP #7585,BULK-07585,Flower,Kush Co,each,35.00
Pineapple Express #7586,BULK-07586,Pre-Rolls,Cloud9 Labs,g,42.00
Northern Lights #7587,BULK-07587,Edibles,Nebula Extracts,each,49.00
Runtz #7588,BULK-07588,Vapes,Sungrown Farms,g,56.00
Zkittlez #7589,BULK-07589,Concentrates,Kush Co,each,63.00
Blue Dream #7590,BULK-07590,Flower,Cloud9 Labs,g,15.00
OG Kush #7591,BULK-07591,Pre-Rolls,Nebula Extracts,each,22.00
Sour Diesel #7592,BULK-07592,Edibles,Sungrown Farms,g,29.00
Gelato #7593,BULK-07593,Vapes,Kush Co,each,36.00
Wedding Cake #7594,BULK-07594,Concentrates,Cloud9 Labs,g,43.00
GDP #7595,BULK-07595,Flower,Nebula Extracts,each,50.00
Pineapple Express #7596,BULK-07596,Pre-Rolls,Sungrown Farms,g,57.00
Northern Lights #7597,BULK-07597,Edibles,Kush Co,each,64.00
Runtz #7598,BULK-07598,Vapes,Cloud9 Labs,g,16.00
Zkittlez #7599,BULK-07599,Concentrates,Nebula Extracts,each,23.00
Blue Dream #7600,BULK-07600,Flower,Sungrown Farms,g,30.00
OG Kush #7601,BULK-07601,Pre-Rolls,Kush Co,each,37.00
Sour Diesel #7602,BULK-07602,Edibles,Cloud9 Labs,g,44.00
Gelato #7603,BULK-07603,Vapes,Nebula Extracts,each,51.00
Wedding Cake #7604,BULK-07604,Concentrates,Sungrown Farms,g,58.00
GDP #7605,BULK-07605,Flower,Kush Co,each,65.00
Pineapple Express #7606,BULK-07606,Pre-Rolls,Cloud9 Labs,g,17.00
Northern Lights #7607,BULK-07607,Edibles,Nebula Extracts,each,24.00
Runtz #7608,BULK-07608,Vapes,Sungrown Farms,g,31.00
Zkittlez #7609,BULK-07609,Concentrates,Kush Co,each,38.00
Blue Dream #7610,BULK-07610,Flower,Cloud9 Labs,g,45.00
OG Kush #7611,BULK-07611,Pre-Rolls,Nebula Extracts,each,52.00
Sour Diesel #7612,BULK-07612,Edibles,Sungrown Farms,g,59.00
Gelato #7613,BULK-07613,Vapes,Kush Co,each,66.00
Wedding Cake #7614,BULK-07614,Concentrates,Cloud9 Labs,g,18.00
GDP #7615,BULK-07615,Flower,Nebula Extracts,each,25.00
Pineapple Express #7616,BULK-07616,Pre-Rolls,Sungrown Farms,g,32.00
Northern Lights #7617,BULK-07617,Edibles,Kush Co,each,39.00
Runtz #7618,BULK-07618,Vapes,Cloud9 Labs,g,46.00
Zkittlez #7619,BULK-07619,Concentrates,Nebula Extracts,each,53.00
Blue Dream #7620,BULK-07620,Flower,Sungrown Farms,g,60.00
OG Kush #7621,BULK-07621,Pre-Rolls,Kush Co,each,67.00
Sour Diesel #7622,BULK-07622,Edibles,Cloud9 Labs,g,19.00
Gelato #7623,BULK-07623,Vapes,Nebula Extracts,each,26.00
Wedding Cake #7624,BULK-07624,Concentrates,Sungrown Farms,g,33.00
GDP #7625,BULK-07625,Flower,Kush Co,each,40.00
Pineapple Express #7626,BULK-07626,Pre-Rolls,Cloud9 Labs,g,47.00
Northern Lights #7627,BULK-07627,Edibles,Nebula Extracts,each,54.00
Runtz #7628,BULK-07628,Vapes,Sungrown Farms,g,61.00
Zkittlez #7629,BULK-07629,Concentrates,Kush Co,each,68.00
Blue Dream #7630,BULK-07630,Flower,Cloud9 Labs,g,20.00
OG Kush #7631,BULK-07631,Pre-Rolls,Nebula Extracts,each,27.00
Sour Diesel #7632,BULK-07632,Edibles,Sungrown Farms,g,34.00
Gelato #7633,BULK-07633,Vapes,Kush Co,each,41.00
Wedding Cake #7634,BULK-07634,Concentrates,Cloud9 Labs,g,48.00
GDP #7635,BULK-07635,Flower,Nebula Extracts,each,55.00
Pineapple Express #7636,BULK-07636,Pre-Rolls,Sungrown Farms,g,62.00
Northern Lights #7637,BULK-07637,Edibles,Kush Co,each,69.00
Runtz #7638,BULK-07638,Vapes,Cloud9 Labs,g,21.00
Zkittlez #7639,BULK-07639,Concentrates,Nebula Extracts,each,28.00
Blue Dream #7640,BULK-07640,Flower,Sungrown Farms,g,35.00
OG Kush #7641,BULK-07641,Pre-Rolls,Kush Co,each,42.00
Sour Diesel #7642,BULK-07642,Edibles,Cloud9 Labs,g,49.00
Gelato #7643,BULK-07643,Vapes,Nebula Extracts,each,56.00
Wedding Cake #7644,BULK-07644,Concentrates,Sungrown Farms,g,63.00
GDP #7645,BULK-07645,Flower,Kush Co,each,15.00
Pineapple Express #7646,BULK-07646,Pre-Rolls,Cloud9 Labs,g,22.00
Northern Lights #7647,BULK-07647,Edibles,Nebula Extracts,each,29.00
Runtz #7648,BULK-07648,Vapes,Sungrown Farms,g,36.00
Zkittlez #7649,BULK-07649,Concentrates,Kush Co,each,43.00
Blue Dream #7650,BULK-07650,Flower,Cloud9 Labs,g,50.00
OG Kush #7651,BULK-07651,Pre-Rolls,Nebula Extracts,each,57.00
Sour Diesel #7652,BULK-07652,Edibles,Sungrown Farms,g,64.00
Gelato #7653,BULK-07653,Vapes,Kush Co,each,16.00
Wedding Cake #7654,BULK-07654,Concentrates,Cloud9 Labs,g,23.00
GDP #7655,BULK-07655,Flower,Nebula Extracts,each,30.00
Pineapple Express #7656,BULK-07656,Pre-Rolls,Sungrown Farms,g,37.00
Northern Lights #7657,BULK-07657,Edibles,Kush Co,each,44.00
Runtz #7658,BULK-07658,Vapes,Cloud9 Labs,g,51.00
Zkittlez #7659,BULK-07659,Concentrates,Nebula Extracts,each,58.00
Blue Dream #7660,BULK-07660,Flower,Sungrown Farms,g,65.00
OG Kush #7661,BULK-07661,Pre-Rolls,Kush Co,each,17.00
Sour Diesel #7662,BULK-07662,Edibles,Cloud9 Labs,g,24.00
Gelato #7663,BULK-07663,Vapes,Nebula Extracts,each,31.00
Wedding Cake #7664,BULK-07664,Concentrates,Sungrown Farms,g,38.00
GDP #7665,BULK-07665,Flower,Kush Co,each,45.00
Pineapple Express #7666,BULK-07666,Pre-Rolls,Cloud9 Labs,g,52.00
Northern Lights #7667,BULK-07667,Edibles,Nebula Extracts,each,59.00
Runtz #7668,BULK-07668,Vapes,Sungrown Farms,g,66.00
Zkittlez #7669,BULK-07669,Concentrates,Kush Co,each,18.00
Blue Dream #7670,BULK-07670,Flower,Cloud9 Labs,g,25.00
OG Kush #7671,BULK-07671,Pre-Rolls,Nebula Extracts,each,32.00
Sour Diesel #7672,BULK-07672,Edibles,Sungrown Farms,g,39.00
Gelato #7673,BULK-07673,Vapes,Kush Co,each,46.00
Wedding Cake #7674,BULK-07674,Concentrates,Cloud9 Labs,g,53.00
GDP #7675,BULK-07675,Flower,Nebula Extracts,each,60.00
Pineapple Express #7676,BULK-07676,Pre-Rolls,Sungrown Farms,g,67.00
Northern Lights #7677,BULK-07677,Edibles,Kush Co,each,19.00
Runtz #7678,BULK-07678,Vapes,Cloud9 Labs,g,26.00
Zkittlez #7679,BULK-07679,Concentrates,Nebula Extracts,each,33.00
Blue Dream #7680,BULK-07680,Flower,Sungrown Farms,g,40.00
OG Kush #7681,BULK-07681,Pre-Rolls,Kush Co,each,47.00
Sour Diesel #7682,BULK-07682,Edibles,Cloud9 Labs,g,54.00
Gelato #7683,BULK-07683,Vapes,Nebula Extracts,each,61.00
Wedding Cake #7684,BULK-07684,Concentrates,Sungrown Farms,g,68.00
GDP #7685,BULK-07685,Flower,Kush Co,each,20.00
Pineapple Express #7686,BULK-07686,Pre-Rolls,Cloud9 Labs,g,27.00
Northern Lights #7687,BULK-07687,Edibles,Nebula Extracts,each,34.00
Runtz #7688,BULK-07688,Vapes,Sungrown Farms,g,41.00
Zkittlez #7689,BULK-07689,Concentrates,Kush Co,each,48.00
Blue Dream #7690,BULK-07690,Flower,Cloud9 Labs,g,55.00
OG Kush #7691,BULK-07691,Pre-Rolls,Nebula Extracts,each,62.00
Sour Diesel #7692,BULK-07692,Edibles,Sungrown Farms,g,69.00
Gelato #7693,BULK-07693,Vapes,Kush Co,each,21.00
Wedding Cake #7694,BULK-07694,Concentrates,Cloud9 Labs,g,28.00
GDP #7695,BULK-07695,Flower,Nebula Extracts,each,35.00
Pineapple Express #7696,BULK-07696,Pre-Rolls,Sungrown Farms,g,42.00
Northern Lights #7697,BULK-07697,Edibles,Kush Co,each,49.00
Runtz #7698,BULK-07698,Vapes,Cloud9 Labs,g,56.00
Zkittlez #7699,BULK-07699,Concentrates,Nebula Extracts,each,63.00
Blue Dream #7700,BULK-07700,Flower,Sungrown Farms,g,15.00
OG Kush #7701,BULK-07701,Pre-Rolls,Kush Co,each,22.00
Sour Diesel #7702,BULK-07702,Edibles,Cloud9 Labs,g,29.00
Gelato #7703,BULK-07703,Vapes,Nebula Extracts,each,36.00
Wedding Cake #7704,BULK-07704,Concentrates,Sungrown Farms,g,43.00
GDP #7705,BULK-07705,Flower,Kush Co,each,50.00
Pineapple Express #7706,BULK-07706,Pre-Rolls,Cloud9 Labs,g,57.00
Northern Lights #7707,BULK-07707,Edibles,Nebula Extracts,each,64.00
Runtz #7708,BULK-07708,Vapes,Sungrown Farms,g,16.00
Zkittlez #7709,BULK-07709,Concentrates,Kush Co,each,23.00
Blue Dream #7710,BULK-07710,Flower,Cloud9 Labs,g,30.00
OG Kush #7711,BULK-07711,Pre-Rolls,Nebula Extracts,each,37.00
Sour Diesel #7712,BULK-07712,Edibles,Sungrown Farms,g,44.00
Gelato #7713,BULK-07713,Vapes,Kush Co,each,51.00
Wedding Cake #7714,BULK-07714,Concentrates,Cloud9 Labs,g,58.00
GDP #7715,BULK-07715,Flower,Nebula Extracts,each,65.00
Pineapple Express #7716,BULK-07716,Pre-Rolls,Sungrown Farms,g,17.00
Northern Lights #7717,BULK-07717,Edibles,Kush Co,each,24.00
Runtz #7718,BULK-07718,Vapes,Cloud9 Labs,g,31.00
Zkittlez #7719,BULK-07719,Concentrates,Nebula Extracts,each,38.00
Blue Dream #7720,BULK-07720,Flower,Sungrown Farms,g,45.00
OG Kush #7721,BULK-07721,Pre-Rolls,Kush Co,each,52.00
Sour Diesel #7722,BULK-07722,Edibles,Cloud9 Labs,g,59.00
Gelato #7723,BULK-07723,Vapes,Nebula Extracts,each,66.00
Wedding Cake #7724,BULK-07724,Concentrates,Sungrown Farms,g,18.00
GDP #7725,BULK-07725,Flower,Kush Co,each,25.00
Pineapple Express #7726,BULK-07726,Pre-Rolls,Cloud9 Labs,g,32.00
Northern Lights #7727,BULK-07727,Edibles,Nebula Extracts,each,39.00
Runtz #7728,BULK-07728,Vapes,Sungrown Farms,g,46.00
Zkittlez #7729,BULK-07729,Concentrates,Kush Co,each,53.00
Blue Dream #7730,BULK-07730,Flower,Cloud9 Labs,g,60.00
OG Kush #7731,BULK-07731,Pre-Rolls,Nebula Extracts,each,67.00
Sour Diesel #7732,BULK-07732,Edibles,Sungrown Farms,g,19.00
Gelato #7733,BULK-07733,Vapes,Kush Co,each,26.00
Wedding Cake #7734,BULK-07734,Concentrates,Cloud9 Labs,g,33.00
GDP #7735,BULK-07735,Flower,Nebula Extracts,each,40.00
Pineapple Express #7736,BULK-07736,Pre-Rolls,Sungrown Farms,g,47.00
Northern Lights #7737,BULK-07737,Edibles,Kush Co,each,54.00
Runtz #7738,BULK-07738,Vapes,Cloud9 Labs,g,61.00
Zkittlez #7739,BULK-07739,Concentrates,Nebula Extracts,each,68.00
Blue Dream #7740,BULK-07740,Flower,Sungrown Farms,g,20.00
OG Kush #7741,BULK-07741,Pre-Rolls,Kush Co,each,27.00
Sour Diesel #7742,BULK-07742,Edibles,Cloud9 Labs,g,34.00
Gelato #7743,BULK-07743,Vapes,Nebula Extracts,each,41.00
Wedding Cake #7744,BULK-07744,Concentrates,Sungrown Farms,g,48.00
GDP #7745,BULK-07745,Flower,Kush Co,each,55.00
Pineapple Express #7746,BULK-07746,Pre-Rolls,Cloud9 Labs,g,62.00
Northern Lights #7747,BULK-07747,Edibles,Nebula Extracts,each,69.00
Runtz #7748,BULK-07748,Vapes,Sungrown Farms,g,21.00
Zkittlez #7749,BULK-07749,Concentrates,Kush Co,each,28.00
Blue Dream #7750,BULK-07750,Flower,Cloud9 Labs,g,35.00
OG Kush #7751,BULK-07751,Pre-Rolls,Nebula Extracts,each,42.00
Sour Diesel #7752,BULK-07752,Edibles,Sungrown Farms,g,49.00
Gelato #7753,BULK-07753,Vapes,Kush Co,each,56.00
Wedding Cake #7754,BULK-07754,Concentrates,Cloud9 Labs,g,63.00
GDP #7755,BULK-07755,Flower,Nebula Extracts,each,15.00
Pineapple Express #7756,BULK-07756,Pre-Rolls,Sungrown Farms,g,22.00
Northern Lights #7757,BULK-07757,Edibles,Kush Co,each,29.00
Runtz #7758,BULK-07758,Vapes,Cloud9 Labs,g,36.00
Zkittlez #7759,BULK-07759,Concentrates,Nebula Extracts,each,43.00
Blue Dream #7760,BULK-07760,Flower,Sungrown Farms,g,50.00
OG Kush #7761,BULK-07761,Pre-Rolls,Kush Co,each,57.00
Sour Diesel #7762,BULK-07762,Edibles,Cloud9 Labs,g,64.00
Gelato #7763,BULK-07763,Vapes,Nebula Extracts,each,16.00
Wedding Cake #7764,BULK-07764,Concentrates,Sungrown Farms,g,23.00
GDP #7765,BULK-07765,Flower,Kush Co,each,30.00
Pineapple Express #7766,BULK-07766,Pre-Rolls,Cloud9 Labs,g,37.00
Northern Lights #7767,BULK-07767,Edibles,Nebula Extracts,each,44.00
Runtz #7768,BULK-07768,Vapes,Sungrown Farms,g,51.00
Zkittlez #7769,BULK-07769,Concentrates,Kush Co,each,58.00
Blue Dream #7770,BULK-07770,Flower,Cloud9 Labs,g,65.00
OG Kush #7771,BULK-07771,Pre-Rolls,Nebula Extracts,each,17.00
Sour Diesel #7772,BULK-07772,Edibles,Sungrown Farms,g,24.00
Gelato #7773,BULK-07773,Vapes,Kush Co,each,31.00
Wedding Cake #7774,BULK-07774,Concentrates,Cloud9 Labs,g,38.00
GDP #7775,BULK-07775,Flower,Nebula Extracts,each,45.00
Pineapple Express #7776,BULK-07776,Pre-Rolls,Sungrown Farms,g,52.00
Northern Lights #7777,BULK-07777,Edibles,Kush Co,each,59.00
Runtz #7778,BULK-07778,Vapes,Cloud9 Labs,g,66.00
Zkittlez #7779,BULK-07779,Concentrates,Nebula Extracts,each,18.00
Blue Dream #7780,BULK-07780,Flower,Sungrown Farms,g,25.00
OG Kush #7781,BULK-07781,Pre-Rolls,Kush Co,each,32.00
Sour Diesel #7782,BULK-07782,Edibles,Cloud9 Labs,g,39.00
Gelato #7783,BULK-07783,Vapes,Nebula Extracts,each,46.00
Wedding Cake #7784,BULK-07784,Concentrates,Sungrown Farms,g,53.00
GDP #7785,BULK-07785,Flower,Kush Co,each,60.00
Pineapple Express #7786,BULK-07786,Pre-Rolls,Cloud9 Labs,g,67.00
Northern Lights #7787,BULK-07787,Edibles,Nebula Extracts,each,19.00
Runtz #7788,BULK-07788,Vapes,Sungrown Farms,g,26.00
Zkittlez #7789,BULK-07789,Concentrates,Kush Co,each,33.00
Blue Dream #7790,BULK-07790,Flower,Cloud9 Labs,g,40.00
OG Kush #7791,BULK-07791,Pre-Rolls,Nebula Extracts,each,47.00
Sour Diesel #7792,BULK-07792,Edibles,Sungrown Farms,g,54.00
Gelato #7793,BULK-07793,Vapes,Kush Co,each,61.00
Wedding Cake #7794,BULK-07794,Concentrates,Cloud9 Labs,g,68.00
GDP #7795,BULK-07795,Flower,Nebula Extracts,each,20.00
Pineapple Express #7796,BULK-07796,Pre-Rolls,Sungrown Farms,g,27.00
Northern Lights #7797,BULK-07797,Edibles,Kush Co,each,34.00
Runtz #7798,BULK-07798,Vapes,Cloud9 Labs,g,41.00
Zkittlez #7799,BULK-07799,Concentrates,Nebula Extracts,each,48.00
Blue Dream #7800,BULK-07800,Flower,Sungrown Farms,g,55.00
OG Kush #7801,BULK-07801,Pre-Rolls,Kush Co,each,62.00
Sour Diesel #7802,BULK-07802,Edibles,Cloud9 Labs,g,69.00
Gelato #7803,BULK-07803,Vapes,Nebula Extracts,each,21.00
Wedding Cake #7804,BULK-07804,Concentrates,Sungrown Farms,g,28.00
GDP #7805,BULK-07805,Flower,Kush Co,each,35.00
Pineapple Express #7806,BULK-07806,Pre-Rolls,Cloud9 Labs,g,42.00
Northern Lights #7807,BULK-07807,Edibles,Nebula Extracts,each,49.00
Runtz #7808,BULK-07808,Vapes,Sungrown Farms,g,56.00
Zkittlez #7809,BULK-07809,Concentrates,Kush Co,each,63.00
Blue Dream #7810,BULK-07810,Flower,Cloud9 Labs,g,15.00
OG Kush #7811,BULK-07811,Pre-Rolls,Nebula Extracts,each,22.00
Sour Diesel #7812,BULK-07812,Edibles,Sungrown Farms,g,29.00
Gelato #7813,BULK-07813,Vapes,Kush Co,each,36.00
Wedding Cake #7814,BULK-07814,Concentrates,Cloud9 Labs,g,43.00
GDP #7815,BULK-07815,Flower,Nebula Extracts,each,50.00
Pineapple Express #7816,BULK-07816,Pre-Rolls,Sungrown Farms,g,57.00
Northern Lights #7817,BULK-07817,Edibles,Kush Co,each,64.00
Runtz #7818,BULK-07818,Vapes,Cloud9 Labs,g,16.00
Zkittlez #7819,BULK-07819,Concentrates,Nebula Extracts,each,23.00
Blue Dream #7820,BULK-07820,Flower,Sungrown Farms,g,30.00
OG Kush #7821,BULK-07821,Pre-Rolls,Kush Co,each,37.00
Sour Diesel #7822,BULK-07822,Edibles,Cloud9 Labs,g,44.00
Gelato #7823,BULK-07823,Vapes,Nebula Extracts,each,51.00
Wedding Cake #7824,BULK-07824,Concentrates,Sungrown Farms,g,58.00
GDP #7825,BULK-07825,Flower,Kush Co,each,65.00
Pineapple Express #7826,BULK-07826,Pre-Rolls,Cloud9 Labs,g,17.00
Northern Lights #7827,BULK-07827,Edibles,Nebula Extracts,each,24.00
Runtz #7828,BULK-07828,Vapes,Sungrown Farms,g,31.00
Zkittlez #7829,BULK-07829,Concentrates,Kush Co,each,38.00
Blue Dream #7830,BULK-07830,Flower,Cloud9 Labs,g,45.00
OG Kush #7831,BULK-07831,Pre-Rolls,Nebula Extracts,each,52.00
Sour Diesel #7832,BULK-07832,Edibles,Sungrown Farms,g,59.00
Gelato #7833,BULK-07833,Vapes,Kush Co,each,66.00
Wedding Cake #7834,BULK-07834,Concentrates,Cloud9 Labs,g,18.00
GDP #7835,BULK-07835,Flower,Nebula Extracts,each,25.00
Pineapple Express #7836,BULK-07836,Pre-Rolls,Sungrown Farms,g,32.00
Northern Lights #7837,BULK-07837,Edibles,Kush Co,each,39.00
Runtz #7838,BULK-07838,Vapes,Cloud9 Labs,g,46.00
Zkittlez #7839,BULK-07839,Concentrates,Nebula Extracts,each,53.00
Blue Dream #7840,BULK-07840,Flower,Sungrown Farms,g,60.00
OG Kush #7841,BULK-07841,Pre-Rolls,Kush Co,each,67.00
Sour Diesel #7842,BULK-07842,Edibles,Cloud9 Labs,g,19.00
Gelato #7843,BULK-07843,Vapes,Nebula Extracts,each,26.00
Wedding Cake #7844,BULK-07844,Concentrates,Sungrown Farms,g,33.00
GDP #7845,BULK-07845,Flower,Kush Co,each,40.00
Pineapple Express #7846,BULK-07846,Pre-Rolls,Cloud9 Labs,g,47.00
Northern Lights #7847,BULK-07847,Edibles,Nebula Extracts,each,54.00
Runtz #7848,BULK-07848,Vapes,Sungrown Farms,g,61.00
Zkittlez #7849,BULK-07849,Concentrates,Kush Co,each,68.00
Blue Dream #7850,BULK-07850,Flower,Cloud9 Labs,g,20.00
OG Kush #7851,BULK-07851,Pre-Rolls,Nebula Extracts,each,27.00
Sour Diesel #7852,BULK-07852,Edibles,Sungrown Farms,g,34.00
Gelato #7853,BULK-07853,Vapes,Kush Co,each,41.00
Wedding Cake #7854,BULK-07854,Concentrates,Cloud9 Labs,g,48.00
GDP #7855,BULK-07855,Flower,Nebula Extracts,each,55.00
Pineapple Express #7856,BULK-07856,Pre-Rolls,Sungrown Farms,g,62.00
Northern Lights #7857,BULK-07857,Edibles,Kush Co,each,69.00
Runtz #7858,BULK-07858,Vapes,Cloud9 Labs,g,21.00
Zkittlez #7859,BULK-07859,Concentrates,Nebula Extracts,each,28.00
Blue Dream #7860,BULK-07860,Flower,Sungrown Farms,g,35.00
OG Kush #7861,BULK-07861,Pre-Rolls,Kush Co,each,42.00
Sour Diesel #7862,BULK-07862,Edibles,Cloud9 Labs,g,49.00
Gelato #7863,BULK-07863,Vapes,Nebula Extracts,each,56.00
Wedding Cake #7864,BULK-07864,Concentrates,Sungrown Farms,g,63.00
GDP #7865,BULK-07865,Flower,Kush Co,each,15.00
Pineapple Express #7866,BULK-07866,Pre-Rolls,Cloud9 Labs,g,22.00
Northern Lights #7867,BULK-07867,Edibles,Nebula Extracts,each,29.00
Runtz #7868,BULK-07868,Vapes,Sungrown Farms,g,36.00
Zkittlez #7869,BULK-07869,Concentrates,Kush Co,each,43.00
Blue Dream #7870,BULK-07870,Flower,Cloud9 Labs,g,50.00
OG Kush #7871,BULK-07871,Pre-Rolls,Nebula Extracts,each,57.00
Sour Diesel #7872,BULK-07872,Edibles,Sungrown Farms,g,64.00
Gelato #7873,BULK-07873,Vapes,Kush Co,each,16.00
Wedding Cake #7874,BULK-07874,Concentrates,Cloud9 Labs,g,23.00
GDP #7875,BULK-07875,Flower,Nebula Extracts,each,30.00
Pineapple Express #7876,BULK-07876,Pre-Rolls,Sungrown Farms,g,37.00
Northern Lights #7877,BULK-07877,Edibles,Kush Co,each,44.00
Runtz #7878,BULK-07878,Vapes,Cloud9 Labs,g,51.00
Zkittlez #7879,BULK-07879,Concentrates,Nebula Extracts,each,58.00
Blue Dream #7880,BULK-07880,Flower,Sungrown Farms,g,65.00
OG Kush #7881,BULK-07881,Pre-Rolls,Kush Co,each,17.00
Sour Diesel #7882,BULK-07882,Edibles,Cloud9 Labs,g,24.00
Gelato #7883,BULK-07883,Vapes,Nebula Extracts,each,31.00
Wedding Cake #7884,BULK-07884,Concentrates,Sungrown Farms,g,38.00
GDP #7885,BULK-07885,Flower,Kush Co,each,45.00
Pineapple Express #7886,BULK-07886,Pre-Rolls,Cloud9 Labs,g,52.00
Northern Lights #7887,BULK-07887,Edibles,Nebula Extracts,each,59.00
Runtz #7888,BULK-07888,Vapes,Sungrown Farms,g,66.00
Zkittlez #7889,BULK-07889,Concentrates,Kush Co,each,18.00
Blue Dream #7890,BULK-07890,Flower,Cloud9 Labs,g,25.00
OG Kush #7891,BULK-07891,Pre-Rolls,Nebula Extracts,each,32.00
Sour Diesel #7892,BULK-07892,Edibles,Sungrown Farms,g,39.00
Gelato #7893,BULK-07893,Vapes,Kush Co,each,46.00
Wedding Cake #7894,BULK-07894,Concentrates,Cloud9 Labs,g,53.00
GDP #7895,BULK-07895,Flower,Nebula Extracts,each,60.00
Pineapple Express #7896,BULK-07896,Pre-Rolls,Sungrown Farms,g,67.00
Northern Lights #7897,BULK-07897,Edibles,Kush Co,each,19.00
Runtz #7898,BULK-07898,Vapes,Cloud9 Labs,g,26.00
Zkittlez #7899,BULK-07899,Concentrates,Nebula Extracts,each,33.00
Blue Dream #7900,BULK-07900,Flower,Sungrown Farms,g,40.00
OG Kush #7901,BULK-07901,Pre-Rolls,Kush Co,each,47.00
Sour Diesel #7902,BULK-07902,Edibles,Cloud9 Labs,g,54.00
Gelato #7903,BULK-07903,Vapes,Nebula Extracts,each,61.00
Wedding Cake #7904,BULK-07904,Concentrates,Sungrown Farms,g,68.00
GDP #7905,BULK-07905,Flower,Kush Co,each,20.00
Pineapple Express #7906,BULK-07906,Pre-Rolls,Cloud9 Labs,g,27.00
Northern Lights #7907,BULK-07907,Edibles,Nebula Extracts,each,34.00
Runtz #7908,BULK-07908,Vapes,Sungrown Farms,g,41.00
Zkittlez #7909,BULK-07909,Concentrates,Kush Co,each,48.00
Blue Dream #7910,BULK-07910,Flower,Cloud9 Labs,g,55.00
OG Kush #7911,BULK-07911,Pre-Rolls,Nebula Extracts,each,62.00
Sour Diesel #7912,BULK-07912,Edibles,Sungrown Farms,g,69.00
Gelato #7913,BULK-07913,Vapes,Kush Co,each,21.00
Wedding Cake #7914,BULK-07914,Concentrates,Cloud9 Labs,g,28.00
GDP #7915,BULK-07915,Flower,Nebula Extracts,each,35.00
Pineapple Express #7916,BULK-07916,Pre-Rolls,Sungrown Farms,g,42.00
Northern Lights #7917,BULK-07917,Edibles,Kush Co,each,49.00
Runtz #7918,BULK-07918,Vapes,Cloud9 Labs,g,56.00
Zkittlez #7919,BULK-07919,Concentrates,Nebula Extracts,each,63.00
Blue Dream #7920,BULK-07920,Flower,Sungrown Farms,g,15.00
OG Kush #7921,BULK-07921,Pre-Rolls,Kush Co,each,22.00
Sour Diesel #7922,BULK-07922,Edibles,Cloud9 Labs,g,29.00
Gelato #7923,BULK-07923,Vapes,Nebula Extracts,each,36.00
Wedding Cake #7924,BULK-07924,Concentrates,Sungrown Farms,g,43.00
GDP #7925,BULK-07925,Flower,Kush Co,each,50.00
Pineapple Express #7926,BULK-07926,Pre-Rolls,Cloud9 Labs,g,57.00
Northern Lights #7927,BULK-07927,Edibles,Nebula Extracts,each,64.00
Runtz #7928,BULK-07928,Vapes,Sungrown Farms,g,16.00
Zkittlez #7929,BULK-07929,Concentrates,Kush Co,each,23.00
Blue Dream #7930,BULK-07930,Flower,Cloud9 Labs,g,30.00
OG Kush #7931,BULK-07931,Pre-Rolls,Nebula Extracts,each,37.00
Sour Diesel #7932,BULK-07932,Edibles,Sungrown Farms,g,44.00
Gelato #7933,BULK-07933,Vapes,Kush Co,each,51.00
Wedding Cake #7934,BULK-07934,Concentrates,Cloud9 Labs,g,58.00
GDP #7935,BULK-07935,Flower,Nebula Extracts,each,65.00
Pineapple Express #7936,BULK-07936,Pre-Rolls,Sungrown Farms,g,17.00
Northern Lights #7937,BULK-07937,Edibles,Kush Co,each,24.00
Runtz #7938,BULK-07938,Vapes,Cloud9 Labs,g,31.00
Zkittlez #7939,BULK-07939,Concentrates,Nebula Extracts,each,38.00
Blue Dream #7940,BULK-07940,Flower,Sungrown Farms,g,45.00
OG Kush #7941,BULK-07941,Pre-Rolls,Kush Co,each,52.00
Sour Diesel #7942,BULK-07942,Edibles,Cloud9 Labs,g,59.00
Gelato #7943,BULK-07943,Vapes,Nebula Extracts,each,66.00
Wedding Cake #7944,BULK-07944,Concentrates,Sungrown Farms,g,18.00
GDP #7945,BULK-07945,Flower,Kush Co,each,25.00
Pineapple Express #7946,BULK-07946,Pre-Rolls,Cloud9 Labs,g,32.00
Northern Lights #7947,BULK-07947,Edibles,Nebula Extracts,each,39.00
Runtz #7948,BULK-07948,Vapes,Sungrown Farms,g,46.00
Zkittlez #7949,BULK-07949,Concentrates,Kush Co,each,53.00
Blue Dream #7950,BULK-07950,Flower,Cloud9 Labs,g,60.00
OG Kush #7951,BULK-07951,Pre-Rolls,Nebula Extracts,each,67.00
Sour Diesel #7952,BULK-07952,Edibles,Sungrown Farms,g,19.00
Gelato #7953,BULK-07953,Vapes,Kush Co,each,26.00
Wedding Cake #7954,BULK-07954,Concentrates,Cloud9 Labs,g,33.00
GDP #7955,BULK-07955,Flower,Nebula Extracts,each,40.00
Pineapple Express #7956,BULK-07956,Pre-Rolls,Sungrown Farms,g,47.00
Northern Lights #7957,BULK-07957,Edibles,Kush Co,each,54.00
Runtz #7958,BULK-07958,Vapes,Cloud9 Labs,g,61.00
Zkittlez #7959,BULK-07959,Concentrates,Nebula Extracts,each,68.00
Blue Dream #7960,BULK-07960,Flower,Sungrown Farms,g,20.00
OG Kush #7961,BULK-07961,Pre-Rolls,Kush Co,each,27.00
Sour Diesel #7962,BULK-07962,Edibles,Cloud9 Labs,g,34.00
Gelato #7963,BULK-07963,Vapes,Nebula Extracts,each,41.00
Wedding Cake #7964,BULK-07964,Concentrates,Sungrown Farms,g,48.00
GDP #7965,BULK-07965,Flower,Kush Co,each,55.00
Pineapple Express #7966,BULK-07966,Pre-Rolls,Cloud9 Labs,g,62.00
Northern Lights #7967,BULK-07967,Edibles,Nebula Extracts,each,69.00
Runtz #7968,BULK-07968,Vapes,Sungrown Farms,g,21.00
Zkittlez #7969,BULK-07969,Concentrates,Kush Co,each,28.00
Blue Dream #7970,BULK-07970,Flower,Cloud9 Labs,g,35.00
OG Kush #7971,BULK-07971,Pre-Rolls,Nebula Extracts,each,42.00
Sour Diesel #7972,BULK-07972,Edibles,Sungrown Farms,g,49.00
Gelato #7973,BULK-07973,Vapes,Kush Co,each,56.00
Wedding Cake #7974,BULK-07974,Concentrates,Cloud9 Labs,g,63.00
GDP #7975,BULK-07975,Flower,Nebula Extracts,each,15.00
Pineapple Express #7976,BULK-07976,Pre-Rolls,Sungrown Farms,g,22.00
Northern Lights #7977,BULK-07977,Edibles,Kush Co,each,29.00
Runtz #7978,BULK-07978,Vapes,Cloud9 Labs,g,36.00
Zkittlez #7979,BULK-07979,Concentrates,Nebula Extracts,each,43.00
Blue Dream #7980,BULK-07980,Flower,Sungrown Farms,g,50.00
OG Kush #7981,BULK-07981,Pre-Rolls,Kush Co,each,57.00
Sour Diesel #7982,BULK-07982,Edibles,Cloud9 Labs,g,64.00
Gelato #7983,BULK-07983,Vapes,Nebula Extracts,each,16.00
Wedding Cake #7984,BULK-07984,Concentrates,Sungrown Farms,g,23.00
GDP #7985,BULK-07985,Flower,Kush Co,each,30.00
Pineapple Express #7986,BULK-07986,Pre-Rolls,Cloud9 Labs,g,37.00
Northern Lights #7987,BULK-07987,Edibles,Nebula Extracts,each,44.00
Runtz #7988,BULK-07988,Vapes,Sungrown Farms,g,51.00
Zkittlez #7989,BULK-07989,Concentrates,Kush Co,each,58.00
Blue Dream #7990,BULK-07990,Flower,Cloud9 Labs,g,65.00
OG Kush #7991,BULK-07991,Pre-Rolls,Nebula Extracts,each,17.00
Sour Diesel #7992,BULK-07992,Edibles,Sungrown Farms,g,24.00
Gelato #7993,BULK-07993,Vapes,Kush Co,each,31.00
Wedding Cake #7994,BULK-07994,Concentrates,Cloud9 Labs,g,38.00
GDP #7995,BULK-07995,Flower,Nebula Extracts,each,45.00
Pineapple Express #7996,BULK-07996,Pre-Rolls,Sungrown Farms,g,52.00
Northern Lights #7997,BULK-07997,Edibles,Kush Co,each,59.00
Runtz #7998,BULK-07998,Vapes,Cloud9 Labs,g,66.00
Zkittlez #7999,BULK-07999,Concentrates,Nebula Extracts,each,18.00
Blue Dream #8000,BULK-08000,Flower,Sungrown Farms,g,25.00
OG Kush #8001,BULK-08001,Pre-Rolls,Kush Co,each,32.00
Sour Diesel #8002,BULK-08002,Edibles,Cloud9 Labs,g,39.00
Gelato #8003,BULK-08003,Vapes,Nebula Extracts,each,46.00
Wedding Cake #8004,BULK-08004,Concentrates,Sungrown Farms,g,53.00
GDP #8005,BULK-08005,Flower,Kush Co,each,60.00
Pineapple Express #8006,BULK-08006,Pre-Rolls,Cloud9 Labs,g,67.00
Northern Lights #8007,BULK-08007,Edibles,Nebula Extracts,each,19.00
Runtz #8008,BULK-08008,Vapes,Sungrown Farms,g,26.00
Zkittlez #8009,BULK-08009,Concentrates,Kush Co,each,33.00
Blue Dream #8010,BULK-08010,Flower,Cloud9 Labs,g,40.00
OG Kush #8011,BULK-08011,Pre-Rolls,Nebula Extracts,each,47.00
Sour Diesel #8012,BULK-08012,Edibles,Sungrown Farms,g,54.00
Gelato #8013,BULK-08013,Vapes,Kush Co,each,61.00
Wedding Cake #8014,BULK-08014,Concentrates,Cloud9 Labs,g,68.00
GDP #8015,BULK-08015,Flower,Nebula Extracts,each,20.00
Pineapple Express #8016,BULK-08016,Pre-Rolls,Sungrown Farms,g,27.00
Northern Lights #8017,BULK-08017,Edibles,Kush Co,each,34.00
Runtz #8018,BULK-08018,Vapes,Cloud9 Labs,g,41.00
Zkittlez #8019,BULK-08019,Concentrates,Nebula Extracts,each,48.00
Blue Dream #8020,BULK-08020,Flower,Sungrown Farms,g,55.00
OG Kush #8021,BULK-08021,Pre-Rolls,Kush Co,each,62.00
Sour Diesel #8022,BULK-08022,Edibles,Cloud9 Labs,g,69.00
Gelato #8023,BULK-08023,Vapes,Nebula Extracts,each,21.00
Wedding Cake #8024,BULK-08024,Concentrates,Sungrown Farms,g,28.00
GDP #8025,BULK-08025,Flower,Kush Co,each,35.00
Pineapple Express #8026,BULK-08026,Pre-Rolls,Cloud9 Labs,g,42.00
Northern Lights #8027,BULK-08027,Edibles,Nebula Extracts,each,49.00
Runtz #8028,BULK-08028,Vapes,Sungrown Farms,g,56.00
Zkittlez #8029,BULK-08029,Concentrates,Kush Co,each,63.00
Blue Dream #8030,BULK-08030,Flower,Cloud9 Labs,g,15.00
OG Kush #8031,BULK-08031,Pre-Rolls,Nebula Extracts,each,22.00
Sour Diesel #8032,BULK-08032,Edibles,Sungrown Farms,g,29.00
Gelato #8033,BULK-08033,Vapes,Kush Co,each,36.00
Wedding Cake #8034,BULK-08034,Concentrates,Cloud9 Labs,g,43.00
GDP #8035,BULK-08035,Flower,Nebula Extracts,each,50.00
Pineapple Express #8036,BULK-08036,Pre-Rolls,Sungrown Farms,g,57.00
Northern Lights #8037,BULK-08037,Edibles,Kush Co,each,64.00
Runtz #8038,BULK-08038,Vapes,Cloud9 Labs,g,16.00
Zkittlez #8039,BULK-08039,Concentrates,Nebula Extracts,each,23.00
Blue Dream #8040,BULK-08040,Flower,Sungrown Farms,g,30.00
OG Kush #8041,BULK-08041,Pre-Rolls,Kush Co,each,37.00
Sour Diesel #8042,BULK-08042,Edibles,Cloud9 Labs,g,44.00
Gelato #8043,BULK-08043,Vapes,Nebula Extracts,each,51.00
Wedding Cake #8044,BULK-08044,Concentrates,Sungrown Farms,g,58.00
GDP #8045,BULK-08045,Flower,Kush Co,each,65.00
Pineapple Express #8046,BULK-08046,Pre-Rolls,Cloud9 Labs,g,17.00
Northern Lights #8047,BULK-08047,Edibles,Nebula Extracts,each,24.00
Runtz #8048,BULK-08048,Vapes,Sungrown Farms,g,31.00
Zkittlez #8049,BULK-08049,Concentrates,Kush Co,each,38.00
Blue Dream #8050,BULK-08050,Flower,Cloud9 Labs,g,45.00
OG Kush #8051,BULK-08051,Pre-Rolls,Nebula Extracts,each,52.00
Sour Diesel #8052,BULK-08052,Edibles,Sungrown Farms,g,59.00
Gelato #8053,BULK-08053,Vapes,Kush Co,each,66.00
Wedding Cake #8054,BULK-08054,Concentrates,Cloud9 Labs,g,18.00
GDP #8055,BULK-08055,Flower,Nebula Extracts,each,25.00
Pineapple Express #8056,BULK-08056,Pre-Rolls,Sungrown Farms,g,32.00
Northern Lights #8057,BULK-08057,Edibles,Kush Co,each,39.00
Runtz #8058,BULK-08058,Vapes,Cloud9 Labs,g,46.00
Zkittlez #8059,BULK-08059,Concentrates,Nebula Extracts,each,53.00
Blue Dream #8060,BULK-08060,Flower,Sungrown Farms,g,60.00
OG Kush #8061,BULK-08061,Pre-Rolls,Kush Co,each,67.00
Sour Diesel #8062,BULK-08062,Edibles,Cloud9 Labs,g,19.00
Gelato #8063,BULK-08063,Vapes,Nebula Extracts,each,26.00
Wedding Cake #8064,BULK-08064,Concentrates,Sungrown Farms,g,33.00
GDP #8065,BULK-08065,Flower,Kush Co,each,40.00
Pineapple Express #8066,BULK-08066,Pre-Rolls,Cloud9 Labs,g,47.00
Northern Lights #8067,BULK-08067,Edibles,Nebula Extracts,each,54.00
Runtz #8068,BULK-08068,Vapes,Sungrown Farms,g,61.00
Zkittlez #8069,BULK-08069,Concentrates,Kush Co,each,68.00
Blue Dream #8070,BULK-08070,Flower,Cloud9 Labs,g,20.00
OG Kush #8071,BULK-08071,Pre-Rolls,Nebula Extracts,each,27.00
Sour Diesel #8072,BULK-08072,Edibles,Sungrown Farms,g,34.00
Gelato #8073,BULK-08073,Vapes,Kush Co,each,41.00
Wedding Cake #8074,BULK-08074,Concentrates,Cloud9 Labs,g,48.00
GDP #8075,BULK-08075,Flower,Nebula Extracts,each,55.00
Pineapple Express #8076,BULK-08076,Pre-Rolls,Sungrown Farms,g,62.00
Northern Lights #8077,BULK-08077,Edibles,Kush Co,each,69.00
Runtz #8078,BULK-08078,Vapes,Cloud9 Labs,g,21.00
Zkittlez #8079,BULK-08079,Concentrates,Nebula Extracts,each,28.00
Blue Dream #8080,BULK-08080,Flower,Sungrown Farms,g,35.00
OG Kush #8081,BULK-08081,Pre-Rolls,Kush Co,each,42.00
Sour Diesel #8082,BULK-08082,Edibles,Cloud9 Labs,g,49.00
Gelato #8083,BULK-08083,Vapes,Nebula Extracts,each,56.00
Wedding Cake #8084,BULK-08084,Concentrates,Sungrown Farms,g,63.00
GDP #8085,BULK-08085,Flower,Kush Co,each,15.00
Pineapple Express #8086,BULK-08086,Pre-Rolls,Cloud9 Labs,g,22.00
Northern Lights #8087,BULK-08087,Edibles,Nebula Extracts,each,29.00
Runtz #8088,BULK-08088,Vapes,Sungrown Farms,g,36.00
Zkittlez #8089,BULK-08089,Concentrates,Kush Co,each,43.00
Blue Dream #8090,BULK-08090,Flower,Cloud9 Labs,g,50.00
OG Kush #8091,BULK-08091,Pre-Rolls,Nebula Extracts,each,57.00
Sour Diesel #8092,BULK-08092,Edibles,Sungrown Farms,g,64.00
Gelato #8093,BULK-08093,Vapes,Kush Co,each,16.00
Wedding Cake #8094,BULK-08094,Concentrates,Cloud9 Labs,g,23.00
GDP #8095,BULK-08095,Flower,Nebula Extracts,each,30.00
Pineapple Express #8096,BULK-08096,Pre-Rolls,Sungrown Farms,g,37.00
Northern Lights #8097,BULK-08097,Edibles,Kush Co,each,44.00
Runtz #8098,BULK-08098,Vapes,Cloud9 Labs,g,51.00
Zkittlez #8099,BULK-08099,Concentrates,Nebula Extracts,each,58.00
Blue Dream #8100,BULK-08100,Flower,Sungrown Farms,g,65.00
OG Kush #8101,BULK-08101,Pre-Rolls,Kush Co,each,17.00
Sour Diesel #8102,BULK-08102,Edibles,Cloud9 Labs,g,24.00
Gelato #8103,BULK-08103,Vapes,Nebula Extracts,each,31.00
Wedding Cake #8104,BULK-08104,Concentrates,Sungrown Farms,g,38.00
GDP #8105,BULK-08105,Flower,Kush Co,each,45.00
Pineapple Express #8106,BULK-08106,Pre-Rolls,Cloud9 Labs,g,52.00
Northern Lights #8107,BULK-08107,Edibles,Nebula Extracts,each,59.00
Runtz #8108,BULK-08108,Vapes,Sungrown Farms,g,66.00
Zkittlez #8109,BULK-08109,Concentrates,Kush Co,each,18.00
Blue Dream #8110,BULK-08110,Flower,Cloud9 Labs,g,25.00
OG Kush #8111,BULK-08111,Pre-Rolls,Nebula Extracts,each,32.00
Sour Diesel #8112,BULK-08112,Edibles,Sungrown Farms,g,39.00
Gelato #8113,BULK-08113,Vapes,Kush Co,each,46.00
Wedding Cake #8114,BULK-08114,Concentrates,Cloud9 Labs,g,53.00
GDP #8115,BULK-08115,Flower,Nebula Extracts,each,60.00
Pineapple Express #8116,BULK-08116,Pre-Rolls,Sungrown Farms,g,67.00
Northern Lights #8117,BULK-08117,Edibles,Kush Co,each,19.00
Runtz #8118,BULK-08118,Vapes,Cloud9 Labs,g,26.00
Zkittlez #8119,BULK-08119,Concentrates,Nebula Extracts,each,33.00
Blue Dream #8120,BULK-08120,Flower,Sungrown Farms,g,40.00
OG Kush #8121,BULK-08121,Pre-Rolls,Kush Co,each,47.00
Sour Diesel #8122,BULK-08122,Edibles,Cloud9 Labs,g,54.00
Gelato #8123,BULK-08123,Vapes,Nebula Extracts,each,61.00
Wedding Cake #8124,BULK-08124,Concentrates,Sungrown Farms,g,68.00
GDP #8125,BULK-08125,Flower,Kush Co,each,20.00
Pineapple Express #8126,BULK-08126,Pre-Rolls,Cloud9 Labs,g,27.00
Northern Lights #8127,BULK-08127,Edibles,Nebula Extracts,each,34.00
Runtz #8128,BULK-08128,Vapes,Sungrown Farms,g,41.00
Zkittlez #8129,BULK-08129,Concentrates,Kush Co,each,48.00
Blue Dream #8130,BULK-08130,Flower,Cloud9 Labs,g,55.00
OG Kush #8131,BULK-08131,Pre-Rolls,Nebula Extracts,each,62.00
Sour Diesel #8132,BULK-08132,Edibles,Sungrown Farms,g,69.00
Gelato #8133,BULK-08133,Vapes,Kush Co,each,21.00
Wedding Cake #8134,BULK-08134,Concentrates,Cloud9 Labs,g,28.00
GDP #8135,BULK-08135,Flower,Nebula Extracts,each,35.00
Pineapple Express #8136,BULK-08136,Pre-Rolls,Sungrown Farms,g,42.00
Northern Lights #8137,BULK-08137,Edibles,Kush Co,each,49.00
Runtz #8138,BULK-08138,Vapes,Cloud9 Labs,g,56.00
Zkittlez #8139,BULK-08139,Concentrates,Nebula Extracts,each,63.00
Blue Dream #8140,BULK-08140,Flower,Sungrown Farms,g,15.00
OG Kush #8141,BULK-08141,Pre-Rolls,Kush Co,each,22.00
Sour Diesel #8142,BULK-08142,Edibles,Cloud9 Labs,g,29.00
Gelato #8143,BULK-08143,Vapes,Nebula Extracts,each,36.00
Wedding Cake #8144,BULK-08144,Concentrates,Sungrown Farms,g,43.00
GDP #8145,BULK-08145,Flower,Kush Co,each,50.00
Pineapple Express #8146,BULK-08146,Pre-Rolls,Cloud9 Labs,g,57.00
Northern Lights #8147,BULK-08147,Edibles,Nebula Extracts,each,64.00
Runtz #8148,BULK-08148,Vapes,Sungrown Farms,g,16.00
Zkittlez #8149,BULK-08149,Concentrates,Kush Co,each,23.00
Blue Dream #8150,BULK-08150,Flower,Cloud9 Labs,g,30.00
OG Kush #8151,BULK-08151,Pre-Rolls,Nebula Extracts,each,37.00
Sour Diesel #8152,BULK-08152,Edibles,Sungrown Farms,g,44.00
Gelato #8153,BULK-08153,Vapes,Kush Co,each,51.00
Wedding Cake #8154,BULK-08154,Concentrates,Cloud9 Labs,g,58.00
GDP #8155,BULK-08155,Flower,Nebula Extracts,each,65.00
Pineapple Express #8156,BULK-08156,Pre-Rolls,Sungrown Farms,g,17.00
Northern Lights #8157,BULK-08157,Edibles,Kush Co,each,24.00
Runtz #8158,BULK-08158,Vapes,Cloud9 Labs,g,31.00
Zkittlez #8159,BULK-08159,Concentrates,Nebula Extracts,each,38.00
Blue Dream #8160,BULK-08160,Flower,Sungrown Farms,g,45.00
OG Kush #8161,BULK-08161,Pre-Rolls,Kush Co,each,52.00
Sour Diesel #8162,BULK-08162,Edibles,Cloud9 Labs,g,59.00
Gelato #8163,BULK-08163,Vapes,Nebula Extracts,each,66.00
Wedding Cake #8164,BULK-08164,Concentrates,Sungrown Farms,g,18.00
GDP #8165,BULK-08165,Flower,Kush Co,each,25.00
Pineapple Express #8166,BULK-08166,Pre-Rolls,Cloud9 Labs,g,32.00
Northern Lights #8167,BULK-08167,Edibles,Nebula Extracts,each,39.00
Runtz #8168,BULK-08168,Vapes,Sungrown Farms,g,46.00
Zkittlez #8169,BULK-08169,Concentrates,Kush Co,each,53.00
Blue Dream #8170,BULK-08170,Flower,Cloud9 Labs,g,60.00
OG Kush #8171,BULK-08171,Pre-Rolls,Nebula Extracts,each,67.00
Sour Diesel #8172,BULK-08172,Edibles,Sungrown Farms,g,19.00
Gelato #8173,BULK-08173,Vapes,Kush Co,each,26.00
Wedding Cake #8174,BULK-08174,Concentrates,Cloud9 Labs,g,33.00
GDP #8175,BULK-08175,Flower,Nebula Extracts,each,40.00
Pineapple Express #8176,BULK-08176,Pre-Rolls,Sungrown Farms,g,47.00
Northern Lights #8177,BULK-08177,Edibles,Kush Co,each,54.00
Runtz #8178,BULK-08178,Vapes,Cloud9 Labs,g,61.00
Zkittlez #8179,BULK-08179,Concentrates,Nebula Extracts,each,68.00
Blue Dream #8180,BULK-08180,Flower,Sungrown Farms,g,20.00
OG Kush #8181,BULK-08181,Pre-Rolls,Kush Co,each,27.00
Sour Diesel #8182,BULK-08182,Edibles,Cloud9 Labs,g,34.00
Gelato #8183,BULK-08183,Vapes,Nebula Extracts,each,41.00
Wedding Cake #8184,BULK-08184,Concentrates,Sungrown Farms,g,48.00
GDP #8185,BULK-08185,Flower,Kush Co,each,55.00
Pineapple Express #8186,BULK-08186,Pre-Rolls,Cloud9 Labs,g,62.00
Northern Lights #8187,BULK-08187,Edibles,Nebula Extracts,each,69.00
Runtz #8188,BULK-08188,Vapes,Sungrown Farms,g,21.00
Zkittlez #8189,BULK-08189,Concentrates,Kush Co,each,28.00
Blue Dream #8190,BULK-08190,Flower,Cloud9 Labs,g,35.00
OG Kush #8191,BULK-08191,Pre-Rolls,Nebula Extracts,each,42.00
Sour Diesel #8192,BULK-08192,Edibles,Sungrown Farms,g,49.00
Gelato #8193,BULK-08193,Vapes,Kush Co,each,56.00
Wedding Cake #8194,BULK-08194,Concentrates,Cloud9 Labs,g,63.00
GDP #8195,BULK-08195,Flower,Nebula Extracts,each,15.00
Pineapple Express #8196,BULK-08196,Pre-Rolls,Sungrown Farms,g,22.00
Northern Lights #8197,BULK-08197,Edibles,Kush Co,each,29.00
Runtz #8198,BULK-08198,Vapes,Cloud9 Labs,g,36.00
Zkittlez #8199,BULK-08199,Concentrates,Nebula Extracts,each,43.00
Blue Dream #8200,BULK-08200,Flower,Sungrown Farms,g,50.00
OG Kush #8201,BULK-08201,Pre-Rolls,Kush Co,each,57.00
Sour Diesel #8202,BULK-08202,Edibles,Cloud9 Labs,g,64.00
Gelato #8203,BULK-08203,Vapes,Nebula Extracts,each,16.00
Wedding Cake #8204,BULK-08204,Concentrates,Sungrown Farms,g,23.00
GDP #8205,BULK-08205,Flower,Kush Co,each,30.00
Pineapple Express #8206,BULK-08206,Pre-Rolls,Cloud9 Labs,g,37.00
Northern Lights #8207,BULK-08207,Edibles,Nebula Extracts,each,44.00
Runtz #8208,BULK-08208,Vapes,Sungrown Farms,g,51.00
Zkittlez #8209,BULK-08209,Concentrates,Kush Co,each,58.00
Blue Dream #8210,BULK-08210,Flower,Cloud9 Labs,g,65.00
OG Kush #8211,BULK-08211,Pre-Rolls,Nebula Extracts,each,17.00
Sour Diesel #8212,BULK-08212,Edibles,Sungrown Farms,g,24.00
Gelato #8213,BULK-08213,Vapes,Kush Co,each,31.00
Wedding Cake #8214,BULK-08214,Concentrates,Cloud9 Labs,g,38.00
GDP #8215,BULK-08215,Flower,Nebula Extracts,each,45.00
Pineapple Express #8216,BULK-08216,Pre-Rolls,Sungrown Farms,g,52.00
Northern Lights #8217,BULK-08217,Edibles,Kush Co,each,59.00
Runtz #8218,BULK-08218,Vapes,Cloud9 Labs,g,66.00
Zkittlez #8219,BULK-08219,Concentrates,Nebula Extracts,each,18.00
Blue Dream #8220,BULK-08220,Flower,Sungrown Farms,g,25.00
OG Kush #8221,BULK-08221,Pre-Rolls,Kush Co,each,32.00
Sour Diesel #8222,BULK-08222,Edibles,Cloud9 Labs,g,39.00
Gelato #8223,BULK-08223,Vapes,Nebula Extracts,each,46.00
Wedding Cake #8224,BULK-08224,Concentrates,Sungrown Farms,g,53.00
GDP #8225,BULK-08225,Flower,Kush Co,each,60.00
Pineapple Express #8226,BULK-08226,Pre-Rolls,Cloud9 Labs,g,67.00
Northern Lights #8227,BULK-08227,Edibles,Nebula Extracts,each,19.00
Runtz #8228,BULK-08228,Vapes,Sungrown Farms,g,26.00
Zkittlez #8229,BULK-08229,Concentrates,Kush Co,each,33.00
Blue Dream #8230,BULK-08230,Flower,Cloud9 Labs,g,40.00
OG Kush #8231,BULK-08231,Pre-Rolls,Nebula Extracts,each,47.00
Sour Diesel #8232,BULK-08232,Edibles,Sungrown Farms,g,54.00
Gelato #8233,BULK-08233,Vapes,Kush Co,each,61.00
Wedding Cake #8234,BULK-08234,Concentrates,Cloud9 Labs,g,68.00
GDP #8235,BULK-08235,Flower,Nebula Extracts,each,20.00
Pineapple Express #8236,BULK-08236,Pre-Rolls,Sungrown Farms,g,27.00
Northern Lights #8237,BULK-08237,Edibles,Kush Co,each,34.00
Runtz #8238,BULK-08238,Vapes,Cloud9 Labs,g,41.00
Zkittlez #8239,BULK-08239,Concentrates,Nebula Extracts,each,48.00
Blue Dream #8240,BULK-08240,Flower,Sungrown Farms,g,55.00
OG Kush #8241,BULK-08241,Pre-Rolls,Kush Co,each,62.00
Sour Diesel #8242,BULK-08242,Edibles,Cloud9 Labs,g,69.00
Gelato #8243,BULK-08243,Vapes,Nebula Extracts,each,21.00
Wedding Cake #8244,BULK-08244,Concentrates,Sungrown Farms,g,28.00
GDP #8245,BULK-08245,Flower,Kush Co,each,35.00
Pineapple Express #8246,BULK-08246,Pre-Rolls,Cloud9 Labs,g,42.00
Northern Lights #8247,BULK-08247,Edibles,Nebula Extracts,each,49.00
Runtz #8248,BULK-08248,Vapes,Sungrown Farms,g,56.00
Zkittlez #8249,BULK-08249,Concentrates,Kush Co,each,63.00
Blue Dream #8250,BULK-08250,Flower,Cloud9 Labs,g,15.00
OG Kush #8251,BULK-08251,Pre-Rolls,Nebula Extracts,each,22.00
Sour Diesel #8252,BULK-08252,Edibles,Sungrown Farms,g,29.00
Gelato #8253,BULK-08253,Vapes,Kush Co,each,36.00
Wedding Cake #8254,BULK-08254,Concentrates,Cloud9 Labs,g,43.00
GDP #8255,BULK-08255,Flower,Nebula Extracts,each,50.00
Pineapple Express #8256,BULK-08256,Pre-Rolls,Sungrown Farms,g,57.00
Northern Lights #8257,BULK-08257,Edibles,Kush Co,each,64.00
Runtz #8258,BULK-08258,Vapes,Cloud9 Labs,g,16.00
Zkittlez #8259,BULK-08259,Concentrates,Nebula Extracts,each,23.00
Blue Dream #8260,BULK-08260,Flower,Sungrown Farms,g,30.00
OG Kush #8261,BULK-08261,Pre-Rolls,Kush Co,each,37.00
Sour Diesel #8262,BULK-08262,Edibles,Cloud9 Labs,g,44.00
Gelato #8263,BULK-08263,Vapes,Nebula Extracts,each,51.00
Wedding Cake #8264,BULK-08264,Concentrates,Sungrown Farms,g,58.00
GDP #8265,BULK-08265,Flower,Kush Co,each,65.00
Pineapple Express #8266,BULK-08266,Pre-Rolls,Cloud9 Labs,g,17.00
Northern Lights #8267,BULK-08267,Edibles,Nebula Extracts,each,24.00
Runtz #8268,BULK-08268,Vapes,Sungrown Farms,g,31.00
Zkittlez #8269,BULK-08269,Concentrates,Kush Co,each,38.00
Blue Dream #8270,BULK-08270,Flower,Cloud9 Labs,g,45.00
OG Kush #8271,BULK-08271,Pre-Rolls,Nebula Extracts,each,52.00
Sour Diesel #8272,BULK-08272,Edibles,Sungrown Farms,g,59.00
Gelato #8273,BULK-08273,Vapes,Kush Co,each,66.00
Wedding Cake #8274,BULK-08274,Concentrates,Cloud9 Labs,g,18.00
GDP #8275,BULK-08275,Flower,Nebula Extracts,each,25.00
Pineapple Express #8276,BULK-08276,Pre-Rolls,Sungrown Farms,g,32.00
Northern Lights #8277,BULK-08277,Edibles,Kush Co,each,39.00
Runtz #8278,BULK-08278,Vapes,Cloud9 Labs,g,46.00
Zkittlez #8279,BULK-08279,Concentrates,Nebula Extracts,each,53.00
Blue Dream #8280,BULK-08280,Flower,Sungrown Farms,g,60.00
OG Kush #8281,BULK-08281,Pre-Rolls,Kush Co,each,67.00
Sour Diesel #8282,BULK-08282,Edibles,Cloud9 Labs,g,19.00
Gelato #8283,BULK-08283,Vapes,Nebula Extracts,each,26.00
Wedding Cake #8284,BULK-08284,Concentrates,Sungrown Farms,g,33.00
GDP #8285,BULK-08285,Flower,Kush Co,each,40.00
Pineapple Express #8286,BULK-08286,Pre-Rolls,Cloud9 Labs,g,47.00
Northern Lights #8287,BULK-08287,Edibles,Nebula Extracts,each,54.00
Runtz #8288,BULK-08288,Vapes,Sungrown Farms,g,61.00
Zkittlez #8289,BULK-08289,Concentrates,Kush Co,each,68.00
Blue Dream #8290,BULK-08290,Flower,Cloud9 Labs,g,20.00
OG Kush #8291,BULK-08291,Pre-Rolls,Nebula Extracts,each,27.00
Sour Diesel #8292,BULK-08292,Edibles,Sungrown Farms,g,34.00
Gelato #8293,BULK-08293,Vapes,Kush Co,each,41.00
Wedding Cake #8294,BULK-08294,Concentrates,Cloud9 Labs,g,48.00
GDP #8295,BULK-08295,Flower,Nebula Extracts,each,55.00
Pineapple Express #8296,BULK-08296,Pre-Rolls,Sungrown Farms,g,62.00
Northern Lights #8297,BULK-08297,Edibles,Kush Co,each,69.00
Runtz #8298,BULK-08298,Vapes,Cloud9 Labs,g,21.00
Zkittlez #8299,BULK-08299,Concentrates,Nebula Extracts,each,28.00
Blue Dream #8300,BULK-08300,Flower,Sungrown Farms,g,35.00
OG Kush #8301,BULK-08301,Pre-Rolls,Kush Co,each,42.00
Sour Diesel #8302,BULK-08302,Edibles,Cloud9 Labs,g,49.00
Gelato #8303,BULK-08303,Vapes,Nebula Extracts,each,56.00
Wedding Cake #8304,BULK-08304,Concentrates,Sungrown Farms,g,63.00
GDP #8305,BULK-08305,Flower,Kush Co,each,15.00
Pineapple Express #8306,BULK-08306,Pre-Rolls,Cloud9 Labs,g,22.00
Northern Lights #8307,BULK-08307,Edibles,Nebula Extracts,each,29.00
Runtz #8308,BULK-08308,Vapes,Sungrown Farms,g,36.00
Zkittlez #8309,BULK-08309,Concentrates,Kush Co,each,43.00
Blue Dream #8310,BULK-08310,Flower,Cloud9 Labs,g,50.00
OG Kush #8311,BULK-08311,Pre-Rolls,Nebula Extracts,each,57.00
Sour Diesel #8312,BULK-08312,Edibles,Sungrown Farms,g,64.00
Gelato #8313,BULK-08313,Vapes,Kush Co,each,16.00
Wedding Cake #8314,BULK-08314,Concentrates,Cloud9 Labs,g,23.00
GDP #8315,BULK-08315,Flower,Nebula Extracts,each,30.00
Pineapple Express #8316,BULK-08316,Pre-Rolls,Sungrown Farms,g,37.00
Northern Lights #8317,BULK-08317,Edibles,Kush Co,each,44.00
Runtz #8318,BULK-08318,Vapes,Cloud9 Labs,g,51.00
Zkittlez #8319,BULK-08319,Concentrates,Nebula Extracts,each,58.00
Blue Dream #8320,BULK-08320,Flower,Sungrown Farms,g,65.00
OG Kush #8321,BULK-08321,Pre-Rolls,Kush Co,each,17.00
Sour Diesel #8322,BULK-08322,Edibles,Cloud9 Labs,g,24.00
Gelato #8323,BULK-08323,Vapes,Nebula Extracts,each,31.00
Wedding Cake #8324,BULK-08324,Concentrates,Sungrown Farms,g,38.00
GDP #8325,BULK-08325,Flower,Kush Co,each,45.00
Pineapple Express #8326,BULK-08326,Pre-Rolls,Cloud9 Labs,g,52.00
Northern Lights #8327,BULK-08327,Edibles,Nebula Extracts,each,59.00
Runtz #8328,BULK-08328,Vapes,Sungrown Farms,g,66.00
Zkittlez #8329,BULK-08329,Concentrates,Kush Co,each,18.00
Blue Dream #8330,BULK-08330,Flower,Cloud9 Labs,g,25.00
OG Kush #8331,BULK-08331,Pre-Rolls,Nebula Extracts,each,32.00
Sour Diesel #8332,BULK-08332,Edibles,Sungrown Farms,g,39.00
Gelato #8333,BULK-08333,Vapes,Kush Co,each,46.00
Wedding Cake #8334,BULK-08334,Concentrates,Cloud9 Labs,g,53.00
GDP #8335,BULK-08335,Flower,Nebula Extracts,each,60.00
Pineapple Express #8336,BULK-08336,Pre-Rolls,Sungrown Farms,g,67.00
Northern Lights #8337,BULK-08337,Edibles,Kush Co,each,19.00
Runtz #8338,BULK-08338,Vapes,Cloud9 Labs,g,26.00
Zkittlez #8339,BULK-08339,Concentrates,Nebula Extracts,each,33.00
Blue Dream #8340,BULK-08340,Flower,Sungrown Farms,g,40.00
OG Kush #8341,BULK-08341,Pre-Rolls,Kush Co,each,47.00
Sour Diesel #8342,BULK-08342,Edibles,Cloud9 Labs,g,54.00
Gelato #8343,BULK-08343,Vapes,Nebula Extracts,each,61.00
Wedding Cake #8344,BULK-08344,Concentrates,Sungrown Farms,g,68.00
GDP #8345,BULK-08345,Flower,Kush Co,each,20.00
Pineapple Express #8346,BULK-08346,Pre-Rolls,Cloud9 Labs,g,27.00
Northern Lights #8347,BULK-08347,Edibles,Nebula Extracts,each,34.00
Runtz #8348,BULK-08348,Vapes,Sungrown Farms,g,41.00
Zkittlez #8349,BULK-08349,Concentrates,Kush Co,each,48.00
Blue Dream #8350,BULK-08350,Flower,Cloud9 Labs,g,55.00
OG Kush #8351,BULK-08351,Pre-Rolls,Nebula Extracts,each,62.00
Sour Diesel #8352,BULK-08352,Edibles,Sungrown Farms,g,69.00
Gelato #8353,BULK-08353,Vapes,Kush Co,each,21.00
Wedding Cake #8354,BULK-08354,Concentrates,Cloud9 Labs,g,28.00
GDP #8355,BULK-08355,Flower,Nebula Extracts,each,35.00
Pineapple Express #8356,BULK-08356,Pre-Rolls,Sungrown Farms,g,42.00
Northern Lights #8357,BULK-08357,Edibles,Kush Co,each,49.00
Runtz #8358,BULK-08358,Vapes,Cloud9 Labs,g,56.00
Zkittlez #8359,BULK-08359,Concentrates,Nebula Extracts,each,63.00
Blue Dream #8360,BULK-08360,Flower,Sungrown Farms,g,15.00
OG Kush #8361,BULK-08361,Pre-Rolls,Kush Co,each,22.00
Sour Diesel #8362,BULK-08362,Edibles,Cloud9 Labs,g,29.00
Gelato #8363,BULK-08363,Vapes,Nebula Extracts,each,36.00
Wedding Cake #8364,BULK-08364,Concentrates,Sungrown Farms,g,43.00
GDP #8365,BULK-08365,Flower,Kush Co,each,50.00
Pineapple Express #8366,BULK-08366,Pre-Rolls,Cloud9 Labs,g,57.00
Northern Lights #8367,BULK-08367,Edibles,Nebula Extracts,each,64.00
Runtz #8368,BULK-08368,Vapes,Sungrown Farms,g,16.00
Zkittlez #8369,BULK-08369,Concentrates,Kush Co,each,23.00
Blue Dream #8370,BULK-08370,Flower,Cloud9 Labs,g,30.00
OG Kush #8371,BULK-08371,Pre-Rolls,Nebula Extracts,each,37.00
Sour Diesel #8372,BULK-08372,Edibles,Sungrown Farms,g,44.00
Gelato #8373,BULK-08373,Vapes,Kush Co,each,51.00
Wedding Cake #8374,BULK-08374,Concentrates,Cloud9 Labs,g,58.00
GDP #8375,BULK-08375,Flower,Nebula Extracts,each,65.00
Pineapple Express #8376,BULK-08376,Pre-Rolls,Sungrown Farms,g,17.00
Northern Lights #8377,BULK-08377,Edibles,Kush Co,each,24.00
Runtz #8378,BULK-08378,Vapes,Cloud9 Labs,g,31.00
Zkittlez #8379,BULK-08379,Concentrates,Nebula Extracts,each,38.00
Blue Dream #8380,BULK-08380,Flower,Sungrown Farms,g,45.00
OG Kush #8381,BULK-08381,Pre-Rolls,Kush Co,each,52.00
Sour Diesel #8382,BULK-08382,Edibles,Cloud9 Labs,g,59.00
Gelato #8383,BULK-08383,Vapes,Nebula Extracts,each,66.00
Wedding Cake #8384,BULK-08384,Concentrates,Sungrown Farms,g,18.00
GDP #8385,BULK-08385,Flower,Kush Co,each,25.00
Pineapple Express #8386,BULK-08386,Pre-Rolls,Cloud9 Labs,g,32.00
Northern Lights #8387,BULK-08387,Edibles,Nebula Extracts,each,39.00
Runtz #8388,BULK-08388,Vapes,Sungrown Farms,g,46.00
Zkittlez #8389,BULK-08389,Concentrates,Kush Co,each,53.00
Blue Dream #8390,BULK-08390,Flower,Cloud9 Labs,g,60.00
OG Kush #8391,BULK-08391,Pre-Rolls,Nebula Extracts,each,67.00
Sour Diesel #8392,BULK-08392,Edibles,Sungrown Farms,g,19.00
Gelato #8393,BULK-08393,Vapes,Kush Co,each,26.00
Wedding Cake #8394,BULK-08394,Concentrates,Cloud9 Labs,g,33.00
GDP #8395,BULK-08395,Flower,Nebula Extracts,each,40.00
Pineapple Express #8396,BULK-08396,Pre-Rolls,Sungrown Farms,g,47.00
Northern Lights #8397,BULK-08397,Edibles,Kush Co,each,54.00
Runtz #8398,BULK-08398,Vapes,Cloud9 Labs,g,61.00
Zkittlez #8399,BULK-08399,Concentrates,Nebula Extracts,each,68.00
Blue Dream #8400,BULK-08400,Flower,Sungrown Farms,g,20.00
OG Kush #8401,BULK-08401,Pre-Rolls,Kush Co,each,27.00
Sour Diesel #8402,BULK-08402,Edibles,Cloud9 Labs,g,34.00
Gelato #8403,BULK-08403,Vapes,Nebula Extracts,each,41.00
Wedding Cake #8404,BULK-08404,Concentrates,Sungrown Farms,g,48.00
GDP #8405,BULK-08405,Flower,Kush Co,each,55.00
Pineapple Express #8406,BULK-08406,Pre-Rolls,Cloud9 Labs,g,62.00
Northern Lights #8407,BULK-08407,Edibles,Nebula Extracts,each,69.00
Runtz #8408,BULK-08408,Vapes,Sungrown Farms,g,21.00
Zkittlez #8409,BULK-08409,Concentrates,Kush Co,each,28.00
Blue Dream #8410,BULK-08410,Flower,Cloud9 Labs,g,35.00
OG Kush #8411,BULK-08411,Pre-Rolls,Nebula Extracts,each,42.00
Sour Diesel #8412,BULK-08412,Edibles,Sungrown Farms,g,49.00
Gelato #8413,BULK-08413,Vapes,Kush Co,each,56.00
Wedding Cake #8414,BULK-08414,Concentrates,Cloud9 Labs,g,63.00
GDP #8415,BULK-08415,Flower,Nebula Extracts,each,15.00
Pineapple Express #8416,BULK-08416,Pre-Rolls,Sungrown Farms,g,22.00
Northern Lights #8417,BULK-08417,Edibles,Kush Co,each,29.00
Runtz #8418,BULK-08418,Vapes,Cloud9 Labs,g,36.00
Zkittlez #8419,BULK-08419,Concentrates,Nebula Extracts,each,43.00
Blue Dream #8420,BULK-08420,Flower,Sungrown Farms,g,50.00
OG Kush #8421,BULK-08421,Pre-Rolls,Kush Co,each,57.00
Sour Diesel #8422,BULK-08422,Edibles,Cloud9 Labs,g,64.00
Gelato #8423,BULK-08423,Vapes,Nebula Extracts,each,16.00
Wedding Cake #8424,BULK-08424,Concentrates,Sungrown Farms,g,23.00
GDP #8425,BULK-08425,Flower,Kush Co,each,30.00
Pineapple Express #8426,BULK-08426,Pre-Rolls,Cloud9 Labs,g,37.00
Northern Lights #8427,BULK-08427,Edibles,Nebula Extracts,each,44.00
Runtz #8428,BULK-08428,Vapes,Sungrown Farms,g,51.00
Zkittlez #8429,BULK-08429,Concentrates,Kush Co,each,58.00
Blue Dream #8430,BULK-08430,Flower,Cloud9 Labs,g,65.00
OG Kush #8431,BULK-08431,Pre-Rolls,Nebula Extracts,each,17.00
Sour Diesel #8432,BULK-08432,Edibles,Sungrown Farms,g,24.00
Gelato #8433,BULK-08433,Vapes,Kush Co,each,31.00
Wedding Cake #8434,BULK-08434,Concentrates,Cloud9 Labs,g,38.00
GDP #8435,BULK-08435,Flower,Nebula Extracts,each,45.00
Pineapple Express #8436,BULK-08436,Pre-Rolls,Sungrown Farms,g,52.00
Northern Lights #8437,BULK-08437,Edibles,Kush Co,each,59.00
Runtz #8438,BULK-08438,Vapes,Cloud9 Labs,g,66.00
Zkittlez #8439,BULK-08439,Concentrates,Nebula Extracts,each,18.00
Blue Dream #8440,BULK-08440,Flower,Sungrown Farms,g,25.00
OG Kush #8441,BULK-08441,Pre-Rolls,Kush Co,each,32.00
Sour Diesel #8442,BULK-08442,Edibles,Cloud9 Labs,g,39.00
Gelato #8443,BULK-08443,Vapes,Nebula Extracts,each,46.00
Wedding Cake #8444,BULK-08444,Concentrates,Sungrown Farms,g,53.00
GDP #8445,BULK-08445,Flower,Kush Co,each,60.00
Pineapple Express #8446,BULK-08446,Pre-Rolls,Cloud9 Labs,g,67.00
Northern Lights #8447,BULK-08447,Edibles,Nebula Extracts,each,19.00
Runtz #8448,BULK-08448,Vapes,Sungrown Farms,g,26.00
Zkittlez #8449,BULK-08449,Concentrates,Kush Co,each,33.00
Blue Dream #8450,BULK-08450,Flower,Cloud9 Labs,g,40.00
OG Kush #8451,BULK-08451,Pre-Rolls,Nebula Extracts,each,47.00
Sour Diesel #8452,BULK-08452,Edibles,Sungrown Farms,g,54.00
Gelato #8453,BULK-08453,Vapes,Kush Co,each,61.00
Wedding Cake #8454,BULK-08454,Concentrates,Cloud9 Labs,g,68.00
GDP #8455,BULK-08455,Flower,Nebula Extracts,each,20.00
Pineapple Express #8456,BULK-08456,Pre-Rolls,Sungrown Farms,g,27.00
Northern Lights #8457,BULK-08457,Edibles,Kush Co,each,34.00
Runtz #8458,BULK-08458,Vapes,Cloud9 Labs,g,41.00
Zkittlez #8459,BULK-08459,Concentrates,Nebula Extracts,each,48.00
Blue Dream #8460,BULK-08460,Flower,Sungrown Farms,g,55.00
OG Kush #8461,BULK-08461,Pre-Rolls,Kush Co,each,62.00
Sour Diesel #8462,BULK-08462,Edibles,Cloud9 Labs,g,69.00
Gelato #8463,BULK-08463,Vapes,Nebula Extracts,each,21.00
Wedding Cake #8464,BULK-08464,Concentrates,Sungrown Farms,g,28.00
GDP #8465,BULK-08465,Flower,Kush Co,each,35.00
Pineapple Express #8466,BULK-08466,Pre-Rolls,Cloud9 Labs,g,42.00
Northern Lights #8467,BULK-08467,Edibles,Nebula Extracts,each,49.00
Runtz #8468,BULK-08468,Vapes,Sungrown Farms,g,56.00
Zkittlez #8469,BULK-08469,Concentrates,Kush Co,each,63.00
Blue Dream #8470,BULK-08470,Flower,Cloud9 Labs,g,15.00
OG Kush #8471,BULK-08471,Pre-Rolls,Nebula Extracts,each,22.00
Sour Diesel #8472,BULK-08472,Edibles,Sungrown Farms,g,29.00
Gelato #8473,BULK-08473,Vapes,Kush Co,each,36.00
Wedding Cake #8474,BULK-08474,Concentrates,Cloud9 Labs,g,43.00
GDP #8475,BULK-08475,Flower,Nebula Extracts,each,50.00
Pineapple Express #8476,BULK-08476,Pre-Rolls,Sungrown Farms,g,57.00
Northern Lights #8477,BULK-08477,Edibles,Kush Co,each,64.00
Runtz #8478,BULK-08478,Vapes,Cloud9 Labs,g,16.00
Zkittlez #8479,BULK-08479,Concentrates,Nebula Extracts,each,23.00
Blue Dream #8480,BULK-08480,Flower,Sungrown Farms,g,30.00
OG Kush #8481,BULK-08481,Pre-Rolls,Kush Co,each,37.00
Sour Diesel #8482,BULK-08482,Edibles,Cloud9 Labs,g,44.00
Gelato #8483,BULK-08483,Vapes,Nebula Extracts,each,51.00
Wedding Cake #8484,BULK-08484,Concentrates,Sungrown Farms,g,58.00
GDP #8485,BULK-08485,Flower,Kush Co,each,65.00
Pineapple Express #8486,BULK-08486,Pre-Rolls,Cloud9 Labs,g,17.00
Northern Lights #8487,BULK-08487,Edibles,Nebula Extracts,each,24.00
Runtz #8488,BULK-08488,Vapes,Sungrown Farms,g,31.00
Zkittlez #8489,BULK-08489,Concentrates,Kush Co,each,38.00
Blue Dream #8490,BULK-08490,Flower,Cloud9 Labs,g,45.00
OG Kush #8491,BULK-08491,Pre-Rolls,Nebula Extracts,each,52.00
Sour Diesel #8492,BULK-08492,Edibles,Sungrown Farms,g,59.00
Gelato #8493,BULK-08493,Vapes,Kush Co,each,66.00
Wedding Cake #8494,BULK-08494,Concentrates,Cloud9 Labs,g,18.00
GDP #8495,BULK-08495,Flower,Nebula Extracts,each,25.00
Pineapple Express #8496,BULK-08496,Pre-Rolls,Sungrown Farms,g,32.00
Northern Lights #8497,BULK-08497,Edibles,Kush Co,each,39.00
Runtz #8498,BULK-08498,Vapes,Cloud9 Labs,g,46.00
Zkittlez #8499,BULK-08499,Concentrates,Nebula Extracts,each,53.00
Blue Dream #8500,BULK-08500,Flower,Sungrown Farms,g,60.00
OG Kush #8501,BULK-08501,Pre-Rolls,Kush Co,each,67.00
Sour Diesel #8502,BULK-08502,Edibles,Cloud9 Labs,g,19.00
Gelato #8503,BULK-08503,Vapes,Nebula Extracts,each,26.00
Wedding Cake #8504,BULK-08504,Concentrates,Sungrown Farms,g,33.00
GDP #8505,BULK-08505,Flower,Kush Co,each,40.00
Pineapple Express #8506,BULK-08506,Pre-Rolls,Cloud9 Labs,g,47.00
Northern Lights #8507,BULK-08507,Edibles,Nebula Extracts,each,54.00
Runtz #8508,BULK-08508,Vapes,Sungrown Farms,g,61.00
Zkittlez #8509,BULK-08509,Concentrates,Kush Co,each,68.00
Blue Dream #8510,BULK-08510,Flower,Cloud9 Labs,g,20.00
OG Kush #8511,BULK-08511,Pre-Rolls,Nebula Extracts,each,27.00
Sour Diesel #8512,BULK-08512,Edibles,Sungrown Farms,g,34.00
Gelato #8513,BULK-08513,Vapes,Kush Co,each,41.00
Wedding Cake #8514,BULK-08514,Concentrates,Cloud9 Labs,g,48.00
GDP #8515,BULK-08515,Flower,Nebula Extracts,each,55.00
Pineapple Express #8516,BULK-08516,Pre-Rolls,Sungrown Farms,g,62.00
Northern Lights #8517,BULK-08517,Edibles,Kush Co,each,69.00
Runtz #8518,BULK-08518,Vapes,Cloud9 Labs,g,21.00
Zkittlez #8519,BULK-08519,Concentrates,Nebula Extracts,each,28.00
Blue Dream #8520,BULK-08520,Flower,Sungrown Farms,g,35.00
OG Kush #8521,BULK-08521,Pre-Rolls,Kush Co,each,42.00
Sour Diesel #8522,BULK-08522,Edibles,Cloud9 Labs,g,49.00
Gelato #8523,BULK-08523,Vapes,Nebula Extracts,each,56.00
Wedding Cake #8524,BULK-08524,Concentrates,Sungrown Farms,g,63.00
GDP #8525,BULK-08525,Flower,Kush Co,each,15.00
Pineapple Express #8526,BULK-08526,Pre-Rolls,Cloud9 Labs,g,22.00
Northern Lights #8527,BULK-08527,Edibles,Nebula Extracts,each,29.00
Runtz #8528,BULK-08528,Vapes,Sungrown Farms,g,36.00
Zkittlez #8529,BULK-08529,Concentrates,Kush Co,each,43.00
Blue Dream #8530,BULK-08530,Flower,Cloud9 Labs,g,50.00
OG Kush #8531,BULK-08531,Pre-Rolls,Nebula Extracts,each,57.00
Sour Diesel #8532,BULK-08532,Edibles,Sungrown Farms,g,64.00
Gelato #8533,BULK-08533,Vapes,Kush Co,each,16.00
Wedding Cake #8534,BULK-08534,Concentrates,Cloud9 Labs,g,23.00
GDP #8535,BULK-08535,Flower,Nebula Extracts,each,30.00
Pineapple Express #8536,BULK-08536,Pre-Rolls,Sungrown Farms,g,37.00
Northern Lights #8537,BULK-08537,Edibles,Kush Co,each,44.00
Runtz #8538,BULK-08538,Vapes,Cloud9 Labs,g,51.00
Zkittlez #8539,BULK-08539,Concentrates,Nebula Extracts,each,58.00
Blue Dream #8540,BULK-08540,Flower,Sungrown Farms,g,65.00
OG Kush #8541,BULK-08541,Pre-Rolls,Kush Co,each,17.00
Sour Diesel #8542,BULK-08542,Edibles,Cloud9 Labs,g,24.00
Gelato #8543,BULK-08543,Vapes,Nebula Extracts,each,31.00
Wedding Cake #8544,BULK-08544,Concentrates,Sungrown Farms,g,38.00
GDP #8545,BULK-08545,Flower,Kush Co,each,45.00
Pineapple Express #8546,BULK-08546,Pre-Rolls,Cloud9 Labs,g,52.00
Northern Lights #8547,BULK-08547,Edibles,Nebula Extracts,each,59.00
Runtz #8548,BULK-08548,Vapes,Sungrown Farms,g,66.00
Zkittlez #8549,BULK-08549,Concentrates,Kush Co,each,18.00
Blue Dream #8550,BULK-08550,Flower,Cloud9 Labs,g,25.00
OG Kush #8551,BULK-08551,Pre-Rolls,Nebula Extracts,each,32.00
Sour Diesel #8552,BULK-08552,Edibles,Sungrown Farms,g,39.00
Gelato #8553,BULK-08553,Vapes,Kush Co,each,46.00
Wedding Cake #8554,BULK-08554,Concentrates,Cloud9 Labs,g,53.00
GDP #8555,BULK-08555,Flower,Nebula Extracts,each,60.00
Pineapple Express #8556,BULK-08556,Pre-Rolls,Sungrown Farms,g,67.00
Northern Lights #8557,BULK-08557,Edibles,Kush Co,each,19.00
Runtz #8558,BULK-08558,Vapes,Cloud9 Labs,g,26.00
Zkittlez #8559,BULK-08559,Concentrates,Nebula Extracts,each,33.00
Blue Dream #8560,BULK-08560,Flower,Sungrown Farms,g,40.00
OG Kush #8561,BULK-08561,Pre-Rolls,Kush Co,each,47.00
Sour Diesel #8562,BULK-08562,Edibles,Cloud9 Labs,g,54.00
Gelato #8563,BULK-08563,Vapes,Nebula Extracts,each,61.00
Wedding Cake #8564,BULK-08564,Concentrates,Sungrown Farms,g,68.00
GDP #8565,BULK-08565,Flower,Kush Co,each,20.00
Pineapple Express #8566,BULK-08566,Pre-Rolls,Cloud9 Labs,g,27.00
Northern Lights #8567,BULK-08567,Edibles,Nebula Extracts,each,34.00
Runtz #8568,BULK-08568,Vapes,Sungrown Farms,g,41.00
Zkittlez #8569,BULK-08569,Concentrates,Kush Co,each,48.00
Blue Dream #8570,BULK-08570,Flower,Cloud9 Labs,g,55.00
OG Kush #8571,BULK-08571,Pre-Rolls,Nebula Extracts,each,62.00
Sour Diesel #8572,BULK-08572,Edibles,Sungrown Farms,g,69.00
Gelato #8573,BULK-08573,Vapes,Kush Co,each,21.00
Wedding Cake #8574,BULK-08574,Concentrates,Cloud9 Labs,g,28.00
GDP #8575,BULK-08575,Flower,Nebula Extracts,each,35.00
Pineapple Express #8576,BULK-08576,Pre-Rolls,Sungrown Farms,g,42.00
Northern Lights #8577,BULK-08577,Edibles,Kush Co,each,49.00
Runtz #8578,BULK-08578,Vapes,Cloud9 Labs,g,56.00
Zkittlez #8579,BULK-08579,Concentrates,Nebula Extracts,each,63.00
Blue Dream #8580,BULK-08580,Flower,Sungrown Farms,g,15.00
OG Kush #8581,BULK-08581,Pre-Rolls,Kush Co,each,22.00
Sour Diesel #8582,BULK-08582,Edibles,Cloud9 Labs,g,29.00
Gelato #8583,BULK-08583,Vapes,Nebula Extracts,each,36.00
Wedding Cake #8584,BULK-08584,Concentrates,Sungrown Farms,g,43.00
GDP #8585,BULK-08585,Flower,Kush Co,each,50.00
Pineapple Express #8586,BULK-08586,Pre-Rolls,Cloud9 Labs,g,57.00
Northern Lights #8587,BULK-08587,Edibles,Nebula Extracts,each,64.00
Runtz #8588,BULK-08588,Vapes,Sungrown Farms,g,16.00
Zkittlez #8589,BULK-08589,Concentrates,Kush Co,each,23.00
Blue Dream #8590,BULK-08590,Flower,Cloud9 Labs,g,30.00
OG Kush #8591,BULK-08591,Pre-Rolls,Nebula Extracts,each,37.00
Sour Diesel #8592,BULK-08592,Edibles,Sungrown Farms,g,44.00
Gelato #8593,BULK-08593,Vapes,Kush Co,each,51.00
Wedding Cake #8594,BULK-08594,Concentrates,Cloud9 Labs,g,58.00
GDP #8595,BULK-08595,Flower,Nebula Extracts,each,65.00
Pineapple Express #8596,BULK-08596,Pre-Rolls,Sungrown Farms,g,17.00
Northern Lights #8597,BULK-08597,Edibles,Kush Co,each,24.00
Runtz #8598,BULK-08598,Vapes,Cloud9 Labs,g,31.00
Zkittlez #8599,BULK-08599,Concentrates,Nebula Extracts,each,38.00
Blue Dream #8600,BULK-08600,Flower,Sungrown Farms,g,45.00
OG Kush #8601,BULK-08601,Pre-Rolls,Kush Co,each,52.00
Sour Diesel #8602,BULK-08602,Edibles,Cloud9 Labs,g,59.00
Gelato #8603,BULK-08603,Vapes,Nebula Extracts,each,66.00
Wedding Cake #8604,BULK-08604,Concentrates,Sungrown Farms,g,18.00
GDP #8605,BULK-08605,Flower,Kush Co,each,25.00
Pineapple Express #8606,BULK-08606,Pre-Rolls,Cloud9 Labs,g,32.00
Northern Lights #8607,BULK-08607,Edibles,Nebula Extracts,each,39.00
Runtz #8608,BULK-08608,Vapes,Sungrown Farms,g,46.00
Zkittlez #8609,BULK-08609,Concentrates,Kush Co,each,53.00
Blue Dream #8610,BULK-08610,Flower,Cloud9 Labs,g,60.00
OG Kush #8611,BULK-08611,Pre-Rolls,Nebula Extracts,each,67.00
Sour Diesel #8612,BULK-08612,Edibles,Sungrown Farms,g,19.00
Gelato #8613,BULK-08613,Vapes,Kush Co,each,26.00
Wedding Cake #8614,BULK-08614,Concentrates,Cloud9 Labs,g,33.00
GDP #8615,BULK-08615,Flower,Nebula Extracts,each,40.00
Pineapple Express #8616,BULK-08616,Pre-Rolls,Sungrown Farms,g,47.00
Northern Lights #8617,BULK-08617,Edibles,Kush Co,each,54.00
Runtz #8618,BULK-08618,Vapes,Cloud9 Labs,g,61.00
Zkittlez #8619,BULK-08619,Concentrates,Nebula Extracts,each,68.00
Blue Dream #8620,BULK-08620,Flower,Sungrown Farms,g,20.00
OG Kush #8621,BULK-08621,Pre-Rolls,Kush Co,each,27.00
Sour Diesel #8622,BULK-08622,Edibles,Cloud9 Labs,g,34.00
Gelato #8623,BULK-08623,Vapes,Nebula Extracts,each,41.00
Wedding Cake #8624,BULK-08624,Concentrates,Sungrown Farms,g,48.00
GDP #8625,BULK-08625,Flower,Kush Co,each,55.00
Pineapple Express #8626,BULK-08626,Pre-Rolls,Cloud9 Labs,g,62.00
Northern Lights #8627,BULK-08627,Edibles,Nebula Extracts,each,69.00
Runtz #8628,BULK-08628,Vapes,Sungrown Farms,g,21.00
Zkittlez #8629,BULK-08629,Concentrates,Kush Co,each,28.00
Blue Dream #8630,BULK-08630,Flower,Cloud9 Labs,g,35.00
OG Kush #8631,BULK-08631,Pre-Rolls,Nebula Extracts,each,42.00
Sour Diesel #8632,BULK-08632,Edibles,Sungrown Farms,g,49.00
Gelato #8633,BULK-08633,Vapes,Kush Co,each,56.00
Wedding Cake #8634,BULK-08634,Concentrates,Cloud9 Labs,g,63.00
GDP #8635,BULK-08635,Flower,Nebula Extracts,each,15.00
Pineapple Express #8636,BULK-08636,Pre-Rolls,Sungrown Farms,g,22.00
Northern Lights #8637,BULK-08637,Edibles,Kush Co,each,29.00
Runtz #8638,BULK-08638,Vapes,Cloud9 Labs,g,36.00
Zkittlez #8639,BULK-08639,Concentrates,Nebula Extracts,each,43.00
Blue Dream #8640,BULK-08640,Flower,Sungrown Farms,g,50.00
OG Kush #8641,BULK-08641,Pre-Rolls,Kush Co,each,57.00
Sour Diesel #8642,BULK-08642,Edibles,Cloud9 Labs,g,64.00
Gelato #8643,BULK-08643,Vapes,Nebula Extracts,each,16.00
Wedding Cake #8644,BULK-08644,Concentrates,Sungrown Farms,g,23.00
GDP #8645,BULK-08645,Flower,Kush Co,each,30.00
Pineapple Express #8646,BULK-08646,Pre-Rolls,Cloud9 Labs,g,37.00
Northern Lights #8647,BULK-08647,Edibles,Nebula Extracts,each,44.00
Runtz #8648,BULK-08648,Vapes,Sungrown Farms,g,51.00
Zkittlez #8649,BULK-08649,Concentrates,Kush Co,each,58.00
Blue Dream #8650,BULK-08650,Flower,Cloud9 Labs,g,65.00
OG Kush #8651,BULK-08651,Pre-Rolls,Nebula Extracts,each,17.00
Sour Diesel #8652,BULK-08652,Edibles,Sungrown Farms,g,24.00
Gelato #8653,BULK-08653,Vapes,Kush Co,each,31.00
Wedding Cake #8654,BULK-08654,Concentrates,Cloud9 Labs,g,38.00
GDP #8655,BULK-08655,Flower,Nebula Extracts,each,45.00
Pineapple Express #8656,BULK-08656,Pre-Rolls,Sungrown Farms,g,52.00
Northern Lights #8657,BULK-08657,Edibles,Kush Co,each,59.00
Runtz #8658,BULK-08658,Vapes,Cloud9 Labs,g,66.00
Zkittlez #8659,BULK-08659,Concentrates,Nebula Extracts,each,18.00
Blue Dream #8660,BULK-08660,Flower,Sungrown Farms,g,25.00
OG Kush #8661,BULK-08661,Pre-Rolls,Kush Co,each,32.00
Sour Diesel #8662,BULK-08662,Edibles,Cloud9 Labs,g,39.00
Gelato #8663,BULK-08663,Vapes,Nebula Extracts,each,46.00
Wedding Cake #8664,BULK-08664,Concentrates,Sungrown Farms,g,53.00
GDP #8665,BULK-08665,Flower,Kush Co,each,60.00
Pineapple Express #8666,BULK-08666,Pre-Rolls,Cloud9 Labs,g,67.00
Northern Lights #8667,BULK-08667,Edibles,Nebula Extracts,each,19.00
Runtz #8668,BULK-08668,Vapes,Sungrown Farms,g,26.00
Zkittlez #8669,BULK-08669,Concentrates,Kush Co,each,33.00
Blue Dream #8670,BULK-08670,Flower,Cloud9 Labs,g,40.00
OG Kush #8671,BULK-08671,Pre-Rolls,Nebula Extracts,each,47.00
Sour Diesel #8672,BULK-08672,Edibles,Sungrown Farms,g,54.00
Gelato #8673,BULK-08673,Vapes,Kush Co,each,61.00
Wedding Cake #8674,BULK-08674,Concentrates,Cloud9 Labs,g,68.00
GDP #8675,BULK-08675,Flower,Nebula Extracts,each,20.00
Pineapple Express #8676,BULK-08676,Pre-Rolls,Sungrown Farms,g,27.00
Northern Lights #8677,BULK-08677,Edibles,Kush Co,each,34.00
Runtz #8678,BULK-08678,Vapes,Cloud9 Labs,g,41.00
Zkittlez #8679,BULK-08679,Concentrates,Nebula Extracts,each,48.00
Blue Dream #8680,BULK-08680,Flower,Sungrown Farms,g,55.00
OG Kush #8681,BULK-08681,Pre-Rolls,Kush Co,each,62.00
Sour Diesel #8682,BULK-08682,Edibles,Cloud9 Labs,g,69.00
Gelato #8683,BULK-08683,Vapes,Nebula Extracts,each,21.00
Wedding Cake #8684,BULK-08684,Concentrates,Sungrown Farms,g,28.00
GDP #8685,BULK-08685,Flower,Kush Co,each,35.00
Pineapple Express #8686,BULK-08686,Pre-Rolls,Cloud9 Labs,g,42.00
Northern Lights #8687,BULK-08687,Edibles,Nebula Extracts,each,49.00
Runtz #8688,BULK-08688,Vapes,Sungrown Farms,g,56.00
Zkittlez #8689,BULK-08689,Concentrates,Kush Co,each,63.00
Blue Dream #8690,BULK-08690,Flower,Cloud9 Labs,g,15.00
OG Kush #8691,BULK-08691,Pre-Rolls,Nebula Extracts,each,22.00
Sour Diesel #8692,BULK-08692,Edibles,Sungrown Farms,g,29.00
Gelato #8693,BULK-08693,Vapes,Kush Co,each,36.00
Wedding Cake #8694,BULK-08694,Concentrates,Cloud9 Labs,g,43.00
GDP #8695,BULK-08695,Flower,Nebula Extracts,each,50.00
Pineapple Express #8696,BULK-08696,Pre-Rolls,Sungrown Farms,g,57.00
Northern Lights #8697,BULK-08697,Edibles,Kush Co,each,64.00
Runtz #8698,BULK-08698,Vapes,Cloud9 Labs,g,16.00
Zkittlez #8699,BULK-08699,Concentrates,Nebula Extracts,each,23.00
Blue Dream #8700,BULK-08700,Flower,Sungrown Farms,g,30.00
OG Kush #8701,BULK-08701,Pre-Rolls,Kush Co,each,37.00
Sour Diesel #8702,BULK-08702,Edibles,Cloud9 Labs,g,44.00
Gelato #8703,BULK-08703,Vapes,Nebula Extracts,each,51.00
Wedding Cake #8704,BULK-08704,Concentrates,Sungrown Farms,g,58.00
GDP #8705,BULK-08705,Flower,Kush Co,each,65.00
Pineapple Express #8706,BULK-08706,Pre-Rolls,Cloud9 Labs,g,17.00
Northern Lights #8707,BULK-08707,Edibles,Nebula Extracts,each,24.00
Runtz #8708,BULK-08708,Vapes,Sungrown Farms,g,31.00
Zkittlez #8709,BULK-08709,Concentrates,Kush Co,each,38.00
Blue Dream #8710,BULK-08710,Flower,Cloud9 Labs,g,45.00
OG Kush #8711,BULK-08711,Pre-Rolls,Nebula Extracts,each,52.00
Sour Diesel #8712,BULK-08712,Edibles,Sungrown Farms,g,59.00
Gelato #8713,BULK-08713,Vapes,Kush Co,each,66.00
Wedding Cake #8714,BULK-08714,Concentrates,Cloud9 Labs,g,18.00
GDP #8715,BULK-08715,Flower,Nebula Extracts,each,25.00
Pineapple Express #8716,BULK-08716,Pre-Rolls,Sungrown Farms,g,32.00
Northern Lights #8717,BULK-08717,Edibles,Kush Co,each,39.00
Runtz #8718,BULK-08718,Vapes,Cloud9 Labs,g,46.00
Zkittlez #8719,BULK-08719,Concentrates,Nebula Extracts,each,53.00
Blue Dream #8720,BULK-08720,Flower,Sungrown Farms,g,60.00
OG Kush #8721,BULK-08721,Pre-Rolls,Kush Co,each,67.00
Sour Diesel #8722,BULK-08722,Edibles,Cloud9 Labs,g,19.00
Gelato #8723,BULK-08723,Vapes,Nebula Extracts,each,26.00
Wedding Cake #8724,BULK-08724,Concentrates,Sungrown Farms,g,33.00
GDP #8725,BULK-08725,Flower,Kush Co,each,40.00
Pineapple Express #8726,BULK-08726,Pre-Rolls,Cloud9 Labs,g,47.00
Northern Lights #8727,BULK-08727,Edibles,Nebula Extracts,each,54.00
Runtz #8728,BULK-08728,Vapes,Sungrown Farms,g,61.00
Zkittlez #8729,BULK-08729,Concentrates,Kush Co,each,68.00
Blue Dream #8730,BULK-08730,Flower,Cloud9 Labs,g,20.00
OG Kush #8731,BULK-08731,Pre-Rolls,Nebula Extracts,each,27.00
Sour Diesel #8732,BULK-08732,Edibles,Sungrown Farms,g,34.00
Gelato #8733,BULK-08733,Vapes,Kush Co,each,41.00
Wedding Cake #8734,BULK-08734,Concentrates,Cloud9 Labs,g,48.00
GDP #8735,BULK-08735,Flower,Nebula Extracts,each,55.00
Pineapple Express #8736,BULK-08736,Pre-Rolls,Sungrown Farms,g,62.00
Northern Lights #8737,BULK-08737,Edibles,Kush Co,each,69.00
Runtz #8738,BULK-08738,Vapes,Cloud9 Labs,g,21.00
Zkittlez #8739,BULK-08739,Concentrates,Nebula Extracts,each,28.00
Blue Dream #8740,BULK-08740,Flower,Sungrown Farms,g,35.00
OG Kush #8741,BULK-08741,Pre-Rolls,Kush Co,each,42.00
Sour Diesel #8742,BULK-08742,Edibles,Cloud9 Labs,g,49.00
Gelato #8743,BULK-08743,Vapes,Nebula Extracts,each,56.00
Wedding Cake #8744,BULK-08744,Concentrates,Sungrown Farms,g,63.00
GDP #8745,BULK-08745,Flower,Kush Co,each,15.00
Pineapple Express #8746,BULK-08746,Pre-Rolls,Cloud9 Labs,g,22.00
Northern Lights #8747,BULK-08747,Edibles,Nebula Extracts,each,29.00
Runtz #8748,BULK-08748,Vapes,Sungrown Farms,g,36.00
Zkittlez #8749,BULK-08749,Concentrates,Kush Co,each,43.00
Blue Dream #8750,BULK-08750,Flower,Cloud9 Labs,g,50.00
OG Kush #8751,BULK-08751,Pre-Rolls,Nebula Extracts,each,57.00
Sour Diesel #8752,BULK-08752,Edibles,Sungrown Farms,g,64.00
Gelato #8753,BULK-08753,Vapes,Kush Co,each,16.00
Wedding Cake #8754,BULK-08754,Concentrates,Cloud9 Labs,g,23.00
GDP #8755,BULK-08755,Flower,Nebula Extracts,each,30.00
Pineapple Express #8756,BULK-08756,Pre-Rolls,Sungrown Farms,g,37.00
Northern Lights #8757,BULK-08757,Edibles,Kush Co,each,44.00
Runtz #8758,BULK-08758,Vapes,Cloud9 Labs,g,51.00
Zkittlez #8759,BULK-08759,Concentrates,Nebula Extracts,each,58.00
Blue Dream #8760,BULK-08760,Flower,Sungrown Farms,g,65.00
OG Kush #8761,BULK-08761,Pre-Rolls,Kush Co,each,17.00
Sour Diesel #8762,BULK-08762,Edibles,Cloud9 Labs,g,24.00
Gelato #8763,BULK-08763,Vapes,Nebula Extracts,each,31.00
Wedding Cake #8764,BULK-08764,Concentrates,Sungrown Farms,g,38.00
GDP #8765,BULK-08765,Flower,Kush Co,each,45.00
Pineapple Express #8766,BULK-08766,Pre-Rolls,Cloud9 Labs,g,52.00
Northern Lights #8767,BULK-08767,Edibles,Nebula Extracts,each,59.00
Runtz #8768,BULK-08768,Vapes,Sungrown Farms,g,66.00
Zkittlez #8769,BULK-08769,Concentrates,Kush Co,each,18.00
Blue Dream #8770,BULK-08770,Flower,Cloud9 Labs,g,25.00
OG Kush #8771,BULK-08771,Pre-Rolls,Nebula Extracts,each,32.00
Sour Diesel #8772,BULK-08772,Edibles,Sungrown Farms,g,39.00
Gelato #8773,BULK-08773,Vapes,Kush Co,each,46.00
Wedding Cake #8774,BULK-08774,Concentrates,Cloud9 Labs,g,53.00
GDP #8775,BULK-08775,Flower,Nebula Extracts,each,60.00
Pineapple Express #8776,BULK-08776,Pre-Rolls,Sungrown Farms,g,67.00
Northern Lights #8777,BULK-08777,Edibles,Kush Co,each,19.00
Runtz #8778,BULK-08778,Vapes,Cloud9 Labs,g,26.00
Zkittlez #8779,BULK-08779,Concentrates,Nebula Extracts,each,33.00
Blue Dream #8780,BULK-08780,Flower,Sungrown Farms,g,40.00
OG Kush #8781,BULK-08781,Pre-Rolls,Kush Co,each,47.00
Sour Diesel #8782,BULK-08782,Edibles,Cloud9 Labs,g,54.00
Gelato #8783,BULK-08783,Vapes,Nebula Extracts,each,61.00
Wedding Cake #8784,BULK-08784,Concentrates,Sungrown Farms,g,68.00
GDP #8785,BULK-08785,Flower,Kush Co,each,20.00
Pineapple Express #8786,BULK-08786,Pre-Rolls,Cloud9 Labs,g,27.00
Northern Lights #8787,BULK-08787,Edibles,Nebula Extracts,each,34.00
Runtz #8788,BULK-08788,Vapes,Sungrown Farms,g,41.00
Zkittlez #8789,BULK-08789,Concentrates,Kush Co,each,48.00
Blue Dream #8790,BULK-08790,Flower,Cloud9 Labs,g,55.00
OG Kush #8791,BULK-08791,Pre-Rolls,Nebula Extracts,each,62.00
Sour Diesel #8792,BULK-08792,Edibles,Sungrown Farms,g,69.00
Gelato #8793,BULK-08793,Vapes,Kush Co,each,21.00
Wedding Cake #8794,BULK-08794,Concentrates,Cloud9 Labs,g,28.00
GDP #8795,BULK-08795,Flower,Nebula Extracts,each,35.00
Pineapple Express #8796,BULK-08796,Pre-Rolls,Sungrown Farms,g,42.00
Northern Lights #8797,BULK-08797,Edibles,Kush Co,each,49.00
Runtz #8798,BULK-08798,Vapes,Cloud9 Labs,g,56.00
Zkittlez #8799,BULK-08799,Concentrates,Nebula Extracts,each,63.00
Blue Dream #8800,BULK-08800,Flower,Sungrown Farms,g,15.00
OG Kush #8801,BULK-08801,Pre-Rolls,Kush Co,each,22.00
Sour Diesel #8802,BULK-08802,Edibles,Cloud9 Labs,g,29.00
Gelato #8803,BULK-08803,Vapes,Nebula Extracts,each,36.00
Wedding Cake #8804,BULK-08804,Concentrates,Sungrown Farms,g,43.00
GDP #8805,BULK-08805,Flower,Kush Co,each,50.00
Pineapple Express #8806,BULK-08806,Pre-Rolls,Cloud9 Labs,g,57.00
Northern Lights #8807,BULK-08807,Edibles,Nebula Extracts,each,64.00
Runtz #8808,BULK-08808,Vapes,Sungrown Farms,g,16.00
Zkittlez #8809,BULK-08809,Concentrates,Kush Co,each,23.00
Blue Dream #8810,BULK-08810,Flower,Cloud9 Labs,g,30.00
OG Kush #8811,BULK-08811,Pre-Rolls,Nebula Extracts,each,37.00
Sour Diesel #8812,BULK-08812,Edibles,Sungrown Farms,g,44.00
Gelato #8813,BULK-08813,Vapes,Kush Co,each,51.00
Wedding Cake #8814,BULK-08814,Concentrates,Cloud9 Labs,g,58.00
GDP #8815,BULK-08815,Flower,Nebula Extracts,each,65.00
Pineapple Express #8816,BULK-08816,Pre-Rolls,Sungrown Farms,g,17.00
Northern Lights #8817,BULK-08817,Edibles,Kush Co,each,24.00
Runtz #8818,BULK-08818,Vapes,Cloud9 Labs,g,31.00
Zkittlez #8819,BULK-08819,Concentrates,Nebula Extracts,each,38.00
Blue Dream #8820,BULK-08820,Flower,Sungrown Farms,g,45.00
OG Kush #8821,BULK-08821,Pre-Rolls,Kush Co,each,52.00
Sour Diesel #8822,BULK-08822,Edibles,Cloud9 Labs,g,59.00
Gelato #8823,BULK-08823,Vapes,Nebula Extracts,each,66.00
Wedding Cake #8824,BULK-08824,Concentrates,Sungrown Farms,g,18.00
GDP #8825,BULK-08825,Flower,Kush Co,each,25.00
Pineapple Express #8826,BULK-08826,Pre-Rolls,Cloud9 Labs,g,32.00
Northern Lights #8827,BULK-08827,Edibles,Nebula Extracts,each,39.00
Runtz #8828,BULK-08828,Vapes,Sungrown Farms,g,46.00
Zkittlez #8829,BULK-08829,Concentrates,Kush Co,each,53.00
Blue Dream #8830,BULK-08830,Flower,Cloud9 Labs,g,60.00
OG Kush #8831,BULK-08831,Pre-Rolls,Nebula Extracts,each,67.00
Sour Diesel #8832,BULK-08832,Edibles,Sungrown Farms,g,19.00
Gelato #8833,BULK-08833,Vapes,Kush Co,each,26.00
Wedding Cake #8834,BULK-08834,Concentrates,Cloud9 Labs,g,33.00
GDP #8835,BULK-08835,Flower,Nebula Extracts,each,40.00
Pineapple Express #8836,BULK-08836,Pre-Rolls,Sungrown Farms,g,47.00
Northern Lights #8837,BULK-08837,Edibles,Kush Co,each,54.00
Runtz #8838,BULK-08838,Vapes,Cloud9 Labs,g,61.00
Zkittlez #8839,BULK-08839,Concentrates,Nebula Extracts,each,68.00
Blue Dream #8840,BULK-08840,Flower,Sungrown Farms,g,20.00
OG Kush #8841,BULK-08841,Pre-Rolls,Kush Co,each,27.00
Sour Diesel #8842,BULK-08842,Edibles,Cloud9 Labs,g,34.00
Gelato #8843,BULK-08843,Vapes,Nebula Extracts,each,41.00
Wedding Cake #8844,BULK-08844,Concentrates,Sungrown Farms,g,48.00
GDP #8845,BULK-08845,Flower,Kush Co,each,55.00
Pineapple Express #8846,BULK-08846,Pre-Rolls,Cloud9 Labs,g,62.00
Northern Lights #8847,BULK-08847,Edibles,Nebula Extracts,each,69.00
Runtz #8848,BULK-08848,Vapes,Sungrown Farms,g,21.00
Zkittlez #8849,BULK-08849,Concentrates,Kush Co,each,28.00
Blue Dream #8850,BULK-08850,Flower,Cloud9 Labs,g,35.00
OG Kush #8851,BULK-08851,Pre-Rolls,Nebula Extracts,each,42.00
Sour Diesel #8852,BULK-08852,Edibles,Sungrown Farms,g,49.00
Gelato #8853,BULK-08853,Vapes,Kush Co,each,56.00
Wedding Cake #8854,BULK-08854,Concentrates,Cloud9 Labs,g,63.00
GDP #8855,BULK-08855,Flower,Nebula Extracts,each,15.00
Pineapple Express #8856,BULK-08856,Pre-Rolls,Sungrown Farms,g,22.00
Northern Lights #8857,BULK-08857,Edibles,Kush Co,each,29.00
Runtz #8858,BULK-08858,Vapes,Cloud9 Labs,g,36.00
Zkittlez #8859,BULK-08859,Concentrates,Nebula Extracts,each,43.00
Blue Dream #8860,BULK-08860,Flower,Sungrown Farms,g,50.00
OG Kush #8861,BULK-08861,Pre-Rolls,Kush Co,each,57.00
Sour Diesel #8862,BULK-08862,Edibles,Cloud9 Labs,g,64.00
Gelato #8863,BULK-08863,Vapes,Nebula Extracts,each,16.00
Wedding Cake #8864,BULK-08864,Concentrates,Sungrown Farms,g,23.00
GDP #8865,BULK-08865,Flower,Kush Co,each,30.00
Pineapple Express #8866,BULK-08866,Pre-Rolls,Cloud9 Labs,g,37.00
Northern Lights #8867,BULK-08867,Edibles,Nebula Extracts,each,44.00
Runtz #8868,BULK-08868,Vapes,Sungrown Farms,g,51.00
Zkittlez #8869,BULK-08869,Concentrates,Kush Co,each,58.00
Blue Dream #8870,BULK-08870,Flower,Cloud9 Labs,g,65.00
OG Kush #8871,BULK-08871,Pre-Rolls,Nebula Extracts,each,17.00
Sour Diesel #8872,BULK-08872,Edibles,Sungrown Farms,g,24.00
Gelato #8873,BULK-08873,Vapes,Kush Co,each,31.00
Wedding Cake #8874,BULK-08874,Concentrates,Cloud9 Labs,g,38.00
GDP #8875,BULK-08875,Flower,Nebula Extracts,each,45.00
Pineapple Express #8876,BULK-08876,Pre-Rolls,Sungrown Farms,g,52.00
Northern Lights #8877,BULK-08877,Edibles,Kush Co,each,59.00
Runtz #8878,BULK-08878,Vapes,Cloud9 Labs,g,66.00
Zkittlez #8879,BULK-08879,Concentrates,Nebula Extracts,each,18.00
Blue Dream #8880,BULK-08880,Flower,Sungrown Farms,g,25.00
OG Kush #8881,BULK-08881,Pre-Rolls,Kush Co,each,32.00
Sour Diesel #8882,BULK-08882,Edibles,Cloud9 Labs,g,39.00
Gelato #8883,BULK-08883,Vapes,Nebula Extracts,each,46.00
Wedding Cake #8884,BULK-08884,Concentrates,Sungrown Farms,g,53.00
GDP #8885,BULK-08885,Flower,Kush Co,each,60.00
Pineapple Express #8886,BULK-08886,Pre-Rolls,Cloud9 Labs,g,67.00
Northern Lights #8887,BULK-08887,Edibles,Nebula Extracts,each,19.00
Runtz #8888,BULK-08888,Vapes,Sungrown Farms,g,26.00
Zkittlez #8889,BULK-08889,Concentrates,Kush Co,each,33.00
Blue Dream #8890,BULK-08890,Flower,Cloud9 Labs,g,40.00
OG Kush #8891,BULK-08891,Pre-Rolls,Nebula Extracts,each,47.00
Sour Diesel #8892,BULK-08892,Edibles,Sungrown Farms,g,54.00
Gelato #8893,BULK-08893,Vapes,Kush Co,each,61.00
Wedding Cake #8894,BULK-08894,Concentrates,Cloud9 Labs,g,68.00
GDP #8895,BULK-08895,Flower,Nebula Extracts,each,20.00
Pineapple Express #8896,BULK-08896,Pre-Rolls,Sungrown Farms,g,27.00
Northern Lights #8897,BULK-08897,Edibles,Kush Co,each,34.00
Runtz #8898,BULK-08898,Vapes,Cloud9 Labs,g,41.00
Zkittlez #8899,BULK-08899,Concentrates,Nebula Extracts,each,48.00
Blue Dream #8900,BULK-08900,Flower,Sungrown Farms,g,55.00
OG Kush #8901,BULK-08901,Pre-Rolls,Kush Co,each,62.00
Sour Diesel #8902,BULK-08902,Edibles,Cloud9 Labs,g,69.00
Gelato #8903,BULK-08903,Vapes,Nebula Extracts,each,21.00
Wedding Cake #8904,BULK-08904,Concentrates,Sungrown Farms,g,28.00
GDP #8905,BULK-08905,Flower,Kush Co,each,35.00
Pineapple Express #8906,BULK-08906,Pre-Rolls,Cloud9 Labs,g,42.00
Northern Lights #8907,BULK-08907,Edibles,Nebula Extracts,each,49.00
Runtz #8908,BULK-08908,Vapes,Sungrown Farms,g,56.00
Zkittlez #8909,BULK-08909,Concentrates,Kush Co,each,63.00
Blue Dream #8910,BULK-08910,Flower,Cloud9 Labs,g,15.00
OG Kush #8911,BULK-08911,Pre-Rolls,Nebula Extracts,each,22.00
Sour Diesel #8912,BULK-08912,Edibles,Sungrown Farms,g,29.00
Gelato #8913,BULK-08913,Vapes,Kush Co,each,36.00
Wedding Cake #8914,BULK-08914,Concentrates,Cloud9 Labs,g,43.00
GDP #8915,BULK-08915,Flower,Nebula Extracts,each,50.00
Pineapple Express #8916,BULK-08916,Pre-Rolls,Sungrown Farms,g,57.00
Northern Lights #8917,BULK-08917,Edibles,Kush Co,each,64.00
Runtz #8918,BULK-08918,Vapes,Cloud9 Labs,g,16.00
Zkittlez #8919,BULK-08919,Concentrates,Nebula Extracts,each,23.00
Blue Dream #8920,BULK-08920,Flower,Sungrown Farms,g,30.00
OG Kush #8921,BULK-08921,Pre-Rolls,Kush Co,each,37.00
Sour Diesel #8922,BULK-08922,Edibles,Cloud9 Labs,g,44.00
Gelato #8923,BULK-08923,Vapes,Nebula Extracts,each,51.00
Wedding Cake #8924,BULK-08924,Concentrates,Sungrown Farms,g,58.00
GDP #8925,BULK-08925,Flower,Kush Co,each,65.00
Pineapple Express #8926,BULK-08926,Pre-Rolls,Cloud9 Labs,g,17.00
Northern Lights #8927,BULK-08927,Edibles,Nebula Extracts,each,24.00
Runtz #8928,BULK-08928,Vapes,Sungrown Farms,g,31.00
Zkittlez #8929,BULK-08929,Concentrates,Kush Co,each,38.00
Blue Dream #8930,BULK-08930,Flower,Cloud9 Labs,g,45.00
OG Kush #8931,BULK-08931,Pre-Rolls,Nebula Extracts,each,52.00
Sour Diesel #8932,BULK-08932,Edibles,Sungrown Farms,g,59.00
Gelato #8933,BULK-08933,Vapes,Kush Co,each,66.00
Wedding Cake #8934,BULK-08934,Concentrates,Cloud9 Labs,g,18.00
GDP #8935,BULK-08935,Flower,Nebula Extracts,each,25.00
Pineapple Express #8936,BULK-08936,Pre-Rolls,Sungrown Farms,g,32.00
Northern Lights #8937,BULK-08937,Edibles,Kush Co,each,39.00
Runtz #8938,BULK-08938,Vapes,Cloud9 Labs,g,46.00
Zkittlez #8939,BULK-08939,Concentrates,Nebula Extracts,each,53.00
Blue Dream #8940,BULK-08940,Flower,Sungrown Farms,g,60.00
OG Kush #8941,BULK-08941,Pre-Rolls,Kush Co,each,67.00
Sour Diesel #8942,BULK-08942,Edibles,Cloud9 Labs,g,19.00
Gelato #8943,BULK-08943,Vapes,Nebula Extracts,each,26.00
Wedding Cake #8944,BULK-08944,Concentrates,Sungrown Farms,g,33.00
GDP #8945,BULK-08945,Flower,Kush Co,each,40.00
Pineapple Express #8946,BULK-08946,Pre-Rolls,Cloud9 Labs,g,47.00
Northern Lights #8947,BULK-08947,Edibles,Nebula Extracts,each,54.00
Runtz #8948,BULK-08948,Vapes,Sungrown Farms,g,61.00
Zkittlez #8949,BULK-08949,Concentrates,Kush Co,each,68.00
Blue Dream #8950,BULK-08950,Flower,Cloud9 Labs,g,20.00
OG Kush #8951,BULK-08951,Pre-Rolls,Nebula Extracts,each,27.00
Sour Diesel #8952,BULK-08952,Edibles,Sungrown Farms,g,34.00
Gelato #8953,BULK-08953,Vapes,Kush Co,each,41.00
Wedding Cake #8954,BULK-08954,Concentrates,Cloud9 Labs,g,48.00
GDP #8955,BULK-08955,Flower,Nebula Extracts,each,55.00
Pineapple Express #8956,BULK-08956,Pre-Rolls,Sungrown Farms,g,62.00
Northern Lights #8957,BULK-08957,Edibles,Kush Co,each,69.00
Runtz #8958,BULK-08958,Vapes,Cloud9 Labs,g,21.00
Zkittlez #8959,BULK-08959,Concentrates,Nebula Extracts,each,28.00
Blue Dream #8960,BULK-08960,Flower,Sungrown Farms,g,35.00
OG Kush #8961,BULK-08961,Pre-Rolls,Kush Co,each,42.00
Sour Diesel #8962,BULK-08962,Edibles,Cloud9 Labs,g,49.00
Gelato #8963,BULK-08963,Vapes,Nebula Extracts,each,56.00
Wedding Cake #8964,BULK-08964,Concentrates,Sungrown Farms,g,63.00
GDP #8965,BULK-08965,Flower,Kush Co,each,15.00
Pineapple Express #8966,BULK-08966,Pre-Rolls,Cloud9 Labs,g,22.00
Northern Lights #8967,BULK-08967,Edibles,Nebula Extracts,each,29.00
Runtz #8968,BULK-08968,Vapes,Sungrown Farms,g,36.00
Zkittlez #8969,BULK-08969,Concentrates,Kush Co,each,43.00
Blue Dream #8970,BULK-08970,Flower,Cloud9 Labs,g,50.00
OG Kush #8971,BULK-08971,Pre-Rolls,Nebula Extracts,each,57.00
Sour Diesel #8972,BULK-08972,Edibles,Sungrown Farms,g,64.00
Gelato #8973,BULK-08973,Vapes,Kush Co,each,16.00
Wedding Cake #8974,BULK-08974,Concentrates,Cloud9 Labs,g,23.00
GDP #8975,BULK-08975,Flower,Nebula Extracts,each,30.00
Pineapple Express #8976,BULK-08976,Pre-Rolls,Sungrown Farms,g,37.00
Northern Lights #8977,BULK-08977,Edibles,Kush Co,each,44.00
Runtz #8978,BULK-08978,Vapes,Cloud9 Labs,g,51.00
Zkittlez #8979,BULK-08979,Concentrates,Nebula Extracts,each,58.00
Blue Dream #8980,BULK-08980,Flower,Sungrown Farms,g,65.00
OG Kush #8981,BULK-08981,Pre-Rolls,Kush Co,each,17.00
Sour Diesel #8982,BULK-08982,Edibles,Cloud9 Labs,g,24.00
Gelato #8983,BULK-08983,Vapes,Nebula Extracts,each,31.00
Wedding Cake #8984,BULK-08984,Concentrates,Sungrown Farms,g,38.00
GDP #8985,BULK-08985,Flower,Kush Co,each,45.00
Pineapple Express #8986,BULK-08986,Pre-Rolls,Cloud9 Labs,g,52.00
Northern Lights #8987,BULK-08987,Edibles,Nebula Extracts,each,59.00
Runtz #8988,BULK-08988,Vapes,Sungrown Farms,g,66.00
Zkittlez #8989,BULK-08989,Concentrates,Kush Co,each,18.00
Blue Dream #8990,BULK-08990,Flower,Cloud9 Labs,g,25.00
OG Kush #8991,BULK-08991,Pre-Rolls,Nebula Extracts,each,32.00
Sour Diesel #8992,BULK-08992,Edibles,Sungrown Farms,g,39.00
Gelato #8993,BULK-08993,Vapes,Kush Co,each,46.00
Wedding Cake #8994,BULK-08994,Concentrates,Cloud9 Labs,g,53.00
GDP #8995,BULK-08995,Flower,Nebula Extracts,each,60.00
Pineapple Express #8996,BULK-08996,Pre-Rolls,Sungrown Farms,g,67.00
Northern Lights #8997,BULK-08997,Edibles,Kush Co,each,19.00
Runtz #8998,BULK-08998,Vapes,Cloud9 Labs,g,26.00
Zkittlez #8999,BULK-08999,Concentrates,Nebula Extracts,each,33.00
Blue Dream #9000,BULK-09000,Flower,Sungrown Farms,g,40.00
OG Kush #9001,BULK-09001,Pre-Rolls,Kush Co,each,47.00
Sour Diesel #9002,BULK-09002,Edibles,Cloud9 Labs,g,54.00
Gelato #9003,BULK-09003,Vapes,Nebula Extracts,each,61.00
Wedding Cake #9004,BULK-09004,Concentrates,Sungrown Farms,g,68.00
GDP #9005,BULK-09005,Flower,Kush Co,each,20.00
Pineapple Express #9006,BULK-09006,Pre-Rolls,Cloud9 Labs,g,27.00
Northern Lights #9007,BULK-09007,Edibles,Nebula Extracts,each,34.00
Runtz #9008,BULK-09008,Vapes,Sungrown Farms,g,41.00
Zkittlez #9009,BULK-09009,Concentrates,Kush Co,each,48.00
Blue Dream #9010,BULK-09010,Flower,Cloud9 Labs,g,55.00
OG Kush #9011,BULK-09011,Pre-Rolls,Nebula Extracts,each,62.00
Sour Diesel #9012,BULK-09012,Edibles,Sungrown Farms,g,69.00
Gelato #9013,BULK-09013,Vapes,Kush Co,each,21.00
Wedding Cake #9014,BULK-09014,Concentrates,Cloud9 Labs,g,28.00
GDP #9015,BULK-09015,Flower,Nebula Extracts,each,35.00
Pineapple Express #9016,BULK-09016,Pre-Rolls,Sungrown Farms,g,42.00
Northern Lights #9017,BULK-09017,Edibles,Kush Co,each,49.00
Runtz #9018,BULK-09018,Vapes,Cloud9 Labs,g,56.00
Zkittlez #9019,BULK-09019,Concentrates,Nebula Extracts,each,63.00
Blue Dream #9020,BULK-09020,Flower,Sungrown Farms,g,15.00
OG Kush #9021,BULK-09021,Pre-Rolls,Kush Co,each,22.00
Sour Diesel #9022,BULK-09022,Edibles,Cloud9 Labs,g,29.00
Gelato #9023,BULK-09023,Vapes,Nebula Extracts,each,36.00
Wedding Cake #9024,BULK-09024,Concentrates,Sungrown Farms,g,43.00
GDP #9025,BULK-09025,Flower,Kush Co,each,50.00
Pineapple Express #9026,BULK-09026,Pre-Rolls,Cloud9 Labs,g,57.00
Northern Lights #9027,BULK-09027,Edibles,Nebula Extracts,each,64.00
Runtz #9028,BULK-09028,Vapes,Sungrown Farms,g,16.00
Zkittlez #9029,BULK-09029,Concentrates,Kush Co,each,23.00
Blue Dream #9030,BULK-09030,Flower,Cloud9 Labs,g,30.00
OG Kush #9031,BULK-09031,Pre-Rolls,Nebula Extracts,each,37.00
Sour Diesel #9032,BULK-09032,Edibles,Sungrown Farms,g,44.00
Gelato #9033,BULK-09033,Vapes,Kush Co,each,51.00
Wedding Cake #9034,BULK-09034,Concentrates,Cloud9 Labs,g,58.00
GDP #9035,BULK-09035,Flower,Nebula Extracts,each,65.00
Pineapple Express #9036,BULK-09036,Pre-Rolls,Sungrown Farms,g,17.00
Northern Lights #9037,BULK-09037,Edibles,Kush Co,each,24.00
Runtz #9038,BULK-09038,Vapes,Cloud9 Labs,g,31.00
Zkittlez #9039,BULK-09039,Concentrates,Nebula Extracts,each,38.00
Blue Dream #9040,BULK-09040,Flower,Sungrown Farms,g,45.00
OG Kush #9041,BULK-09041,Pre-Rolls,Kush Co,each,52.00
Sour Diesel #9042,BULK-09042,Edibles,Cloud9 Labs,g,59.00
Gelato #9043,BULK-09043,Vapes,Nebula Extracts,each,66.00
Wedding Cake #9044,BULK-09044,Concentrates,Sungrown Farms,g,18.00
GDP #9045,BULK-09045,Flower,Kush Co,each,25.00
Pineapple Express #9046,BULK-09046,Pre-Rolls,Cloud9 Labs,g,32.00
Northern Lights #9047,BULK-09047,Edibles,Nebula Extracts,each,39.00
Runtz #9048,BULK-09048,Vapes,Sungrown Farms,g,46.00
Zkittlez #9049,BULK-09049,Concentrates,Kush Co,each,53.00
Blue Dream #9050,BULK-09050,Flower,Cloud9 Labs,g,60.00
OG Kush #9051,BULK-09051,Pre-Rolls,Nebula Extracts,each,67.00
Sour Diesel #9052,BULK-09052,Edibles,Sungrown Farms,g,19.00
Gelato #9053,BULK-09053,Vapes,Kush Co,each,26.00
Wedding Cake #9054,BULK-09054,Concentrates,Cloud9 Labs,g,33.00
GDP #9055,BULK-09055,Flower,Nebula Extracts,each,40.00
Pineapple Express #9056,BULK-09056,Pre-Rolls,Sungrown Farms,g,47.00
Northern Lights #9057,BULK-09057,Edibles,Kush Co,each,54.00
Runtz #9058,BULK-09058,Vapes,Cloud9 Labs,g,61.00
Zkittlez #9059,BULK-09059,Concentrates,Nebula Extracts,each,68.00
Blue Dream #9060,BULK-09060,Flower,Sungrown Farms,g,20.00
OG Kush #9061,BULK-09061,Pre-Rolls,Kush Co,each,27.00
Sour Diesel #9062,BULK-09062,Edibles,Cloud9 Labs,g,34.00
Gelato #9063,BULK-09063,Vapes,Nebula Extracts,each,41.00
Wedding Cake #9064,BULK-09064,Concentrates,Sungrown Farms,g,48.00
GDP #9065,BULK-09065,Flower,Kush Co,each,55.00
Pineapple Express #9066,BULK-09066,Pre-Rolls,Cloud9 Labs,g,62.00
Northern Lights #9067,BULK-09067,Edibles,Nebula Extracts,each,69.00
Runtz #9068,BULK-09068,Vapes,Sungrown Farms,g,21.00
Zkittlez #9069,BULK-09069,Concentrates,Kush Co,each,28.00
Blue Dream #9070,BULK-09070,Flower,Cloud9 Labs,g,35.00
OG Kush #9071,BULK-09071,Pre-Rolls,Nebula Extracts,each,42.00
Sour Diesel #9072,BULK-09072,Edibles,Sungrown Farms,g,49.00
Gelato #9073,BULK-09073,Vapes,Kush Co,each,56.00
Wedding Cake #9074,BULK-09074,Concentrates,Cloud9 Labs,g,63.00
GDP #9075,BULK-09075,Flower,Nebula Extracts,each,15.00
Pineapple Express #9076,BULK-09076,Pre-Rolls,Sungrown Farms,g,22.00
Northern Lights #9077,BULK-09077,Edibles,Kush Co,each,29.00
Runtz #9078,BULK-09078,Vapes,Cloud9 Labs,g,36.00
Zkittlez #9079,BULK-09079,Concentrates,Nebula Extracts,each,43.00
Blue Dream #9080,BULK-09080,Flower,Sungrown Farms,g,50.00
OG Kush #9081,BULK-09081,Pre-Rolls,Kush Co,each,57.00
Sour Diesel #9082,BULK-09082,Edibles,Cloud9 Labs,g,64.00
Gelato #9083,BULK-09083,Vapes,Nebula Extracts,each,16.00
Wedding Cake #9084,BULK-09084,Concentrates,Sungrown Farms,g,23.00
GDP #9085,BULK-09085,Flower,Kush Co,each,30.00
Pineapple Express #9086,BULK-09086,Pre-Rolls,Cloud9 Labs,g,37.00
Northern Lights #9087,BULK-09087,Edibles,Nebula Extracts,each,44.00
Runtz #9088,BULK-09088,Vapes,Sungrown Farms,g,51.00
Zkittlez #9089,BULK-09089,Concentrates,Kush Co,each,58.00
Blue Dream #9090,BULK-09090,Flower,Cloud9 Labs,g,65.00
OG Kush #9091,BULK-09091,Pre-Rolls,Nebula Extracts,each,17.00
Sour Diesel #9092,BULK-09092,Edibles,Sungrown Farms,g,24.00
Gelato #9093,BULK-09093,Vapes,Kush Co,each,31.00
Wedding Cake #9094,BULK-09094,Concentrates,Cloud9 Labs,g,38.00
GDP #9095,BULK-09095,Flower,Nebula Extracts,each,45.00
Pineapple Express #9096,BULK-09096,Pre-Rolls,Sungrown Farms,g,52.00
Northern Lights #9097,BULK-09097,Edibles,Kush Co,each,59.00
Runtz #9098,BULK-09098,Vapes,Cloud9 Labs,g,66.00
Zkittlez #9099,BULK-09099,Concentrates,Nebula Extracts,each,18.00
Blue Dream #9100,BULK-09100,Flower,Sungrown Farms,g,25.00
OG Kush #9101,BULK-09101,Pre-Rolls,Kush Co,each,32.00
Sour Diesel #9102,BULK-09102,Edibles,Cloud9 Labs,g,39.00
Gelato #9103,BULK-09103,Vapes,Nebula Extracts,each,46.00
Wedding Cake #9104,BULK-09104,Concentrates,Sungrown Farms,g,53.00
GDP #9105,BULK-09105,Flower,Kush Co,each,60.00
Pineapple Express #9106,BULK-09106,Pre-Rolls,Cloud9 Labs,g,67.00
Northern Lights #9107,BULK-09107,Edibles,Nebula Extracts,each,19.00
Runtz #9108,BULK-09108,Vapes,Sungrown Farms,g,26.00
Zkittlez #9109,BULK-09109,Concentrates,Kush Co,each,33.00
Blue Dream #9110,BULK-09110,Flower,Cloud9 Labs,g,40.00
OG Kush #9111,BULK-09111,Pre-Rolls,Nebula Extracts,each,47.00
Sour Diesel #9112,BULK-09112,Edibles,Sungrown Farms,g,54.00
Gelato #9113,BULK-09113,Vapes,Kush Co,each,61.00
Wedding Cake #9114,BULK-09114,Concentrates,Cloud9 Labs,g,68.00
GDP #9115,BULK-09115,Flower,Nebula Extracts,each,20.00
Pineapple Express #9116,BULK-09116,Pre-Rolls,Sungrown Farms,g,27.00
Northern Lights #9117,BULK-09117,Edibles,Kush Co,each,34.00
Runtz #9118,BULK-09118,Vapes,Cloud9 Labs,g,41.00
Zkittlez #9119,BULK-09119,Concentrates,Nebula Extracts,each,48.00
Blue Dream #9120,BULK-09120,Flower,Sungrown Farms,g,55.00
OG Kush #9121,BULK-09121,Pre-Rolls,Kush Co,each,62.00
Sour Diesel #9122,BULK-09122,Edibles,Cloud9 Labs,g,69.00
Gelato #9123,BULK-09123,Vapes,Nebula Extracts,each,21.00
Wedding Cake #9124,BULK-09124,Concentrates,Sungrown Farms,g,28.00
GDP #9125,BULK-09125,Flower,Kush Co,each,35.00
Pineapple Express #9126,BULK-09126,Pre-Rolls,Cloud9 Labs,g,42.00
Northern Lights #9127,BULK-09127,Edibles,Nebula Extracts,each,49.00
Runtz #9128,BULK-09128,Vapes,Sungrown Farms,g,56.00
Zkittlez #9129,BULK-09129,Concentrates,Kush Co,each,63.00
Blue Dream #9130,BULK-09130,Flower,Cloud9 Labs,g,15.00
OG Kush #9131,BULK-09131,Pre-Rolls,Nebula Extracts,each,22.00
Sour Diesel #9132,BULK-09132,Edibles,Sungrown Farms,g,29.00
Gelato #9133,BULK-09133,Vapes,Kush Co,each,36.00
Wedding Cake #9134,BULK-09134,Concentrates,Cloud9 Labs,g,43.00
GDP #9135,BULK-09135,Flower,Nebula Extracts,each,50.00
Pineapple Express #9136,BULK-09136,Pre-Rolls,Sungrown Farms,g,57.00
Northern Lights #9137,BULK-09137,Edibles,Kush Co,each,64.00
Runtz #9138,BULK-09138,Vapes,Cloud9 Labs,g,16.00
Zkittlez #9139,BULK-09139,Concentrates,Nebula Extracts,each,23.00
Blue Dream #9140,BULK-09140,Flower,Sungrown Farms,g,30.00
OG Kush #9141,BULK-09141,Pre-Rolls,Kush Co,each,37.00
Sour Diesel #9142,BULK-09142,Edibles,Cloud9 Labs,g,44.00
Gelato #9143,BULK-09143,Vapes,Nebula Extracts,each,51.00
Wedding Cake #9144,BULK-09144,Concentrates,Sungrown Farms,g,58.00
GDP #9145,BULK-09145,Flower,Kush Co,each,65.00
Pineapple Express #9146,BULK-09146,Pre-Rolls,Cloud9 Labs,g,17.00
Northern Lights #9147,BULK-09147,Edibles,Nebula Extracts,each,24.00
Runtz #9148,BULK-09148,Vapes,Sungrown Farms,g,31.00
Zkittlez #9149,BULK-09149,Concentrates,Kush Co,each,38.00
Blue Dream #9150,BULK-09150,Flower,Cloud9 Labs,g,45.00
OG Kush #9151,BULK-09151,Pre-Rolls,Nebula Extracts,each,52.00
Sour Diesel #9152,BULK-09152,Edibles,Sungrown Farms,g,59.00
Gelato #9153,BULK-09153,Vapes,Kush Co,each,66.00
Wedding Cake #9154,BULK-09154,Concentrates,Cloud9 Labs,g,18.00
GDP #9155,BULK-09155,Flower,Nebula Extracts,each,25.00
Pineapple Express #9156,BULK-09156,Pre-Rolls,Sungrown Farms,g,32.00
Northern Lights #9157,BULK-09157,Edibles,Kush Co,each,39.00
Runtz #9158,BULK-09158,Vapes,Cloud9 Labs,g,46.00
Zkittlez #9159,BULK-09159,Concentrates,Nebula Extracts,each,53.00
Blue Dream #9160,BULK-09160,Flower,Sungrown Farms,g,60.00
OG Kush #9161,BULK-09161,Pre-Rolls,Kush Co,each,67.00
Sour Diesel #9162,BULK-09162,Edibles,Cloud9 Labs,g,19.00
Gelato #9163,BULK-09163,Vapes,Nebula Extracts,each,26.00
Wedding Cake #9164,BULK-09164,Concentrates,Sungrown Farms,g,33.00
GDP #9165,BULK-09165,Flower,Kush Co,each,40.00
Pineapple Express #9166,BULK-09166,Pre-Rolls,Cloud9 Labs,g,47.00
Northern Lights #9167,BULK-09167,Edibles,Nebula Extracts,each,54.00
Runtz #9168,BULK-09168,Vapes,Sungrown Farms,g,61.00
Zkittlez #9169,BULK-09169,Concentrates,Kush Co,each,68.00
Blue Dream #9170,BULK-09170,Flower,Cloud9 Labs,g,20.00
OG Kush #9171,BULK-09171,Pre-Rolls,Nebula Extracts,each,27.00
Sour Diesel #9172,BULK-09172,Edibles,Sungrown Farms,g,34.00
Gelato #9173,BULK-09173,Vapes,Kush Co,each,41.00
Wedding Cake #9174,BULK-09174,Concentrates,Cloud9 Labs,g,48.00
GDP #9175,BULK-09175,Flower,Nebula Extracts,each,55.00
Pineapple Express #9176,BULK-09176,Pre-Rolls,Sungrown Farms,g,62.00
Northern Lights #9177,BULK-09177,Edibles,Kush Co,each,69.00
Runtz #9178,BULK-09178,Vapes,Cloud9 Labs,g,21.00
Zkittlez #9179,BULK-09179,Concentrates,Nebula Extracts,each,28.00
Blue Dream #9180,BULK-09180,Flower,Sungrown Farms,g,35.00
OG Kush #9181,BULK-09181,Pre-Rolls,Kush Co,each,42.00
Sour Diesel #9182,BULK-09182,Edibles,Cloud9 Labs,g,49.00
Gelato #9183,BULK-09183,Vapes,Nebula Extracts,each,56.00
Wedding Cake #9184,BULK-09184,Concentrates,Sungrown Farms,g,63.00
GDP #9185,BULK-09185,Flower,Kush Co,each,15.00
Pineapple Express #9186,BULK-09186,Pre-Rolls,Cloud9 Labs,g,22.00
Northern Lights #9187,BULK-09187,Edibles,Nebula Extracts,each,29.00
Runtz #9188,BULK-09188,Vapes,Sungrown Farms,g,36.00
Zkittlez #9189,BULK-09189,Concentrates,Kush Co,each,43.00
Blue Dream #9190,BULK-09190,Flower,Cloud9 Labs,g,50.00
OG Kush #9191,BULK-09191,Pre-Rolls,Nebula Extracts,each,57.00
Sour Diesel #9192,BULK-09192,Edibles,Sungrown Farms,g,64.00
Gelato #9193,BULK-09193,Vapes,Kush Co,each,16.00
Wedding Cake #9194,BULK-09194,Concentrates,Cloud9 Labs,g,23.00
GDP #9195,BULK-09195,Flower,Nebula Extracts,each,30.00
Pineapple Express #9196,BULK-09196,Pre-Rolls,Sungrown Farms,g,37.00
Northern Lights #9197,BULK-09197,Edibles,Kush Co,each,44.00
Runtz #9198,BULK-09198,Vapes,Cloud9 Labs,g,51.00
Zkittlez #9199,BULK-09199,Concentrates,Nebula Extracts,each,58.00
Blue Dream #9200,BULK-09200,Flower,Sungrown Farms,g,65.00
OG Kush #9201,BULK-09201,Pre-Rolls,Kush Co,each,17.00
Sour Diesel #9202,BULK-09202,Edibles,Cloud9 Labs,g,24.00
Gelato #9203,BULK-09203,Vapes,Nebula Extracts,each,31.00
Wedding Cake #9204,BULK-09204,Concentrates,Sungrown Farms,g,38.00
GDP #9205,BULK-09205,Flower,Kush Co,each,45.00
Pineapple Express #9206,BULK-09206,Pre-Rolls,Cloud9 Labs,g,52.00
Northern Lights #9207,BULK-09207,Edibles,Nebula Extracts,each,59.00
Runtz #9208,BULK-09208,Vapes,Sungrown Farms,g,66.00
Zkittlez #9209,BULK-09209,Concentrates,Kush Co,each,18.00
Blue Dream #9210,BULK-09210,Flower,Cloud9 Labs,g,25.00
OG Kush #9211,BULK-09211,Pre-Rolls,Nebula Extracts,each,32.00
Sour Diesel #9212,BULK-09212,Edibles,Sungrown Farms,g,39.00
Gelato #9213,BULK-09213,Vapes,Kush Co,each,46.00
Wedding Cake #9214,BULK-09214,Concentrates,Cloud9 Labs,g,53.00
GDP #9215,BULK-09215,Flower,Nebula Extracts,each,60.00
Pineapple Express #9216,BULK-09216,Pre-Rolls,Sungrown Farms,g,67.00
Northern Lights #9217,BULK-09217,Edibles,Kush Co,each,19.00
Runtz #9218,BULK-09218,Vapes,Cloud9 Labs,g,26.00
Zkittlez #9219,BULK-09219,Concentrates,Nebula Extracts,each,33.00
Blue Dream #9220,BULK-09220,Flower,Sungrown Farms,g,40.00
OG Kush #9221,BULK-09221,Pre-Rolls,Kush Co,each,47.00
Sour Diesel #9222,BULK-09222,Edibles,Cloud9 Labs,g,54.00
Gelato #9223,BULK-09223,Vapes,Nebula Extracts,each,61.00
Wedding Cake #9224,BULK-09224,Concentrates,Sungrown Farms,g,68.00
GDP #9225,BULK-09225,Flower,Kush Co,each,20.00
Pineapple Express #9226,BULK-09226,Pre-Rolls,Cloud9 Labs,g,27.00
Northern Lights #9227,BULK-09227,Edibles,Nebula Extracts,each,34.00
Runtz #9228,BULK-09228,Vapes,Sungrown Farms,g,41.00
Zkittlez #9229,BULK-09229,Concentrates,Kush Co,each,48.00
Blue Dream #9230,BULK-09230,Flower,Cloud9 Labs,g,55.00
OG Kush #9231,BULK-09231,Pre-Rolls,Nebula Extracts,each,62.00
Sour Diesel #9232,BULK-09232,Edibles,Sungrown Farms,g,69.00
Gelato #9233,BULK-09233,Vapes,Kush Co,each,21.00
Wedding Cake #9234,BULK-09234,Concentrates,Cloud9 Labs,g,28.00
GDP #9235,BULK-09235,Flower,Nebula Extracts,each,35.00
Pineapple Express #9236,BULK-09236,Pre-Rolls,Sungrown Farms,g,42.00
Northern Lights #9237,BULK-09237,Edibles,Kush Co,each,49.00
Runtz #9238,BULK-09238,Vapes,Cloud9 Labs,g,56.00
Zkittlez #9239,BULK-09239,Concentrates,Nebula Extracts,each,63.00
Blue Dream #9240,BULK-09240,Flower,Sungrown Farms,g,15.00
OG Kush #9241,BULK-09241,Pre-Rolls,Kush Co,each,22.00
Sour Diesel #9242,BULK-09242,Edibles,Cloud9 Labs,g,29.00
Gelato #9243,BULK-09243,Vapes,Nebula Extracts,each,36.00
Wedding Cake #9244,BULK-09244,Concentrates,Sungrown Farms,g,43.00
GDP #9245,BULK-09245,Flower,Kush Co,each,50.00
Pineapple Express #9246,BULK-09246,Pre-Rolls,Cloud9 Labs,g,57.00
Northern Lights #9247,BULK-09247,Edibles,Nebula Extracts,each,64.00
Runtz #9248,BULK-09248,Vapes,Sungrown Farms,g,16.00
Zkittlez #9249,BULK-09249,Concentrates,Kush Co,each,23.00
Blue Dream #9250,BULK-09250,Flower,Cloud9 Labs,g,30.00
OG Kush #9251,BULK-09251,Pre-Rolls,Nebula Extracts,each,37.00
Sour Diesel #9252,BULK-09252,Edibles,Sungrown Farms,g,44.00
Gelato #9253,BULK-09253,Vapes,Kush Co,each,51.00
Wedding Cake #9254,BULK-09254,Concentrates,Cloud9 Labs,g,58.00
GDP #9255,BULK-09255,Flower,Nebula Extracts,each,65.00
Pineapple Express #9256,BULK-09256,Pre-Rolls,Sungrown Farms,g,17.00
Northern Lights #9257,BULK-09257,Edibles,Kush Co,each,24.00
Runtz #9258,BULK-09258,Vapes,Cloud9 Labs,g,31.00
Zkittlez #9259,BULK-09259,Concentrates,Nebula Extracts,each,38.00
Blue Dream #9260,BULK-09260,Flower,Sungrown Farms,g,45.00
OG Kush #9261,BULK-09261,Pre-Rolls,Kush Co,each,52.00
Sour Diesel #9262,BULK-09262,Edibles,Cloud9 Labs,g,59.00
Gelato #9263,BULK-09263,Vapes,Nebula Extracts,each,66.00
Wedding Cake #9264,BULK-09264,Concentrates,Sungrown Farms,g,18.00
GDP #9265,BULK-09265,Flower,Kush Co,each,25.00
Pineapple Express #9266,BULK-09266,Pre-Rolls,Cloud9 Labs,g,32.00
Northern Lights #9267,BULK-09267,Edibles,Nebula Extracts,each,39.00
Runtz #9268,BULK-09268,Vapes,Sungrown Farms,g,46.00
Zkittlez #9269,BULK-09269,Concentrates,Kush Co,each,53.00
Blue Dream #9270,BULK-09270,Flower,Cloud9 Labs,g,60.00
OG Kush #9271,BULK-09271,Pre-Rolls,Nebula Extracts,each,67.00
Sour Diesel #9272,BULK-09272,Edibles,Sungrown Farms,g,19.00
Gelato #9273,BULK-09273,Vapes,Kush Co,each,26.00
Wedding Cake #9274,BULK-09274,Concentrates,Cloud9 Labs,g,33.00
GDP #9275,BULK-09275,Flower,Nebula Extracts,each,40.00
Pineapple Express #9276,BULK-09276,Pre-Rolls,Sungrown Farms,g,47.00
Northern Lights #9277,BULK-09277,Edibles,Kush Co,each,54.00
Runtz #9278,BULK-09278,Vapes,Cloud9 Labs,g,61.00
Zkittlez #9279,BULK-09279,Concentrates,Nebula Extracts,each,68.00
Blue Dream #9280,BULK-09280,Flower,Sungrown Farms,g,20.00
OG Kush #9281,BULK-09281,Pre-Rolls,Kush Co,each,27.00
Sour Diesel #9282,BULK-09282,Edibles,Cloud9 Labs,g,34.00
Gelato #9283,BULK-09283,Vapes,Nebula Extracts,each,41.00
Wedding Cake #9284,BULK-09284,Concentrates,Sungrown Farms,g,48.00
GDP #9285,BULK-09285,Flower,Kush Co,each,55.00
Pineapple Express #9286,BULK-09286,Pre-Rolls,Cloud9 Labs,g,62.00
Northern Lights #9287,BULK-09287,Edibles,Nebula Extracts,each,69.00
Runtz #9288,BULK-09288,Vapes,Sungrown Farms,g,21.00
Zkittlez #9289,BULK-09289,Concentrates,Kush Co,each,28.00
Blue Dream #9290,BULK-09290,Flower,Cloud9 Labs,g,35.00
OG Kush #9291,BULK-09291,Pre-Rolls,Nebula Extracts,each,42.00
Sour Diesel #9292,BULK-09292,Edibles,Sungrown Farms,g,49.00
Gelato #9293,BULK-09293,Vapes,Kush Co,each,56.00
Wedding Cake #9294,BULK-09294,Concentrates,Cloud9 Labs,g,63.00
GDP #9295,BULK-09295,Flower,Nebula Extracts,each,15.00
Pineapple Express #9296,BULK-09296,Pre-Rolls,Sungrown Farms,g,22.00
Northern Lights #9297,BULK-09297,Edibles,Kush Co,each,29.00
Runtz #9298,BULK-09298,Vapes,Cloud9 Labs,g,36.00
Zkittlez #9299,BULK-09299,Concentrates,Nebula Extracts,each,43.00
Blue Dream #9300,BULK-09300,Flower,Sungrown Farms,g,50.00
OG Kush #9301,BULK-09301,Pre-Rolls,Kush Co,each,57.00
Sour Diesel #9302,BULK-09302,Edibles,Cloud9 Labs,g,64.00
Gelato #9303,BULK-09303,Vapes,Nebula Extracts,each,16.00
Wedding Cake #9304,BULK-09304,Concentrates,Sungrown Farms,g,23.00
GDP #9305,BULK-09305,Flower,Kush Co,each,30.00
Pineapple Express #9306,BULK-09306,Pre-Rolls,Cloud9 Labs,g,37.00
Northern Lights #9307,BULK-09307,Edibles,Nebula Extracts,each,44.00
Runtz #9308,BULK-09308,Vapes,Sungrown Farms,g,51.00
Zkittlez #9309,BULK-09309,Concentrates,Kush Co,each,58.00
Blue Dream #9310,BULK-09310,Flower,Cloud9 Labs,g,65.00
OG Kush #9311,BULK-09311,Pre-Rolls,Nebula Extracts,each,17.00
Sour Diesel #9312,BULK-09312,Edibles,Sungrown Farms,g,24.00
Gelato #9313,BULK-09313,Vapes,Kush Co,each,31.00
Wedding Cake #9314,BULK-09314,Concentrates,Cloud9 Labs,g,38.00
GDP #9315,BULK-09315,Flower,Nebula Extracts,each,45.00
Pineapple Express #9316,BULK-09316,Pre-Rolls,Sungrown Farms,g,52.00
Northern Lights #9317,BULK-09317,Edibles,Kush Co,each,59.00
Runtz #9318,BULK-09318,Vapes,Cloud9 Labs,g,66.00
Zkittlez #9319,BULK-09319,Concentrates,Nebula Extracts,each,18.00
Blue Dream #9320,BULK-09320,Flower,Sungrown Farms,g,25.00
OG Kush #9321,BULK-09321,Pre-Rolls,Kush Co,each,32.00
Sour Diesel #9322,BULK-09322,Edibles,Cloud9 Labs,g,39.00
Gelato #9323,BULK-09323,Vapes,Nebula Extracts,each,46.00
Wedding Cake #9324,BULK-09324,Concentrates,Sungrown Farms,g,53.00
GDP #9325,BULK-09325,Flower,Kush Co,each,60.00
Pineapple Express #9326,BULK-09326,Pre-Rolls,Cloud9 Labs,g,67.00
Northern Lights #9327,BULK-09327,Edibles,Nebula Extracts,each,19.00
Runtz #9328,BULK-09328,Vapes,Sungrown Farms,g,26.00
Zkittlez #9329,BULK-09329,Concentrates,Kush Co,each,33.00
Blue Dream #9330,BULK-09330,Flower,Cloud9 Labs,g,40.00
OG Kush #9331,BULK-09331,Pre-Rolls,Nebula Extracts,each,47.00
Sour Diesel #9332,BULK-09332,Edibles,Sungrown Farms,g,54.00
Gelato #9333,BULK-09333,Vapes,Kush Co,each,61.00
Wedding Cake #9334,BULK-09334,Concentrates,Cloud9 Labs,g,68.00
GDP #9335,BULK-09335,Flower,Nebula Extracts,each,20.00
Pineapple Express #9336,BULK-09336,Pre-Rolls,Sungrown Farms,g,27.00
Northern Lights #9337,BULK-09337,Edibles,Kush Co,each,34.00
Runtz #9338,BULK-09338,Vapes,Cloud9 Labs,g,41.00
Zkittlez #9339,BULK-09339,Concentrates,Nebula Extracts,each,48.00
Blue Dream #9340,BULK-09340,Flower,Sungrown Farms,g,55.00
OG Kush #9341,BULK-09341,Pre-Rolls,Kush Co,each,62.00
Sour Diesel #9342,BULK-09342,Edibles,Cloud9 Labs,g,69.00
Gelato #9343,BULK-09343,Vapes,Nebula Extracts,each,21.00
Wedding Cake #9344,BULK-09344,Concentrates,Sungrown Farms,g,28.00
GDP #9345,BULK-09345,Flower,Kush Co,each,35.00
Pineapple Express #9346,BULK-09346,Pre-Rolls,Cloud9 Labs,g,42.00
Northern Lights #9347,BULK-09347,Edibles,Nebula Extracts,each,49.00
Runtz #9348,BULK-09348,Vapes,Sungrown Farms,g,56.00
Zkittlez #9349,BULK-09349,Concentrates,Kush Co,each,63.00
Blue Dream #9350,BULK-09350,Flower,Cloud9 Labs,g,15.00
OG Kush #9351,BULK-09351,Pre-Rolls,Nebula Extracts,each,22.00
Sour Diesel #9352,BULK-09352,Edibles,Sungrown Farms,g,29.00
Gelato #9353,BULK-09353,Vapes,Kush Co,each,36.00
Wedding Cake #9354,BULK-09354,Concentrates,Cloud9 Labs,g,43.00
GDP #9355,BULK-09355,Flower,Nebula Extracts,each,50.00
Pineapple Express #9356,BULK-09356,Pre-Rolls,Sungrown Farms,g,57.00
Northern Lights #9357,BULK-09357,Edibles,Kush Co,each,64.00
Runtz #9358,BULK-09358,Vapes,Cloud9 Labs,g,16.00
Zkittlez #9359,BULK-09359,Concentrates,Nebula Extracts,each,23.00
Blue Dream #9360,BULK-09360,Flower,Sungrown Farms,g,30.00
OG Kush #9361,BULK-09361,Pre-Rolls,Kush Co,each,37.00
Sour Diesel #9362,BULK-09362,Edibles,Cloud9 Labs,g,44.00
Gelato #9363,BULK-09363,Vapes,Nebula Extracts,each,51.00
Wedding Cake #9364,BULK-09364,Concentrates,Sungrown Farms,g,58.00
GDP #9365,BULK-09365,Flower,Kush Co,each,65.00
Pineapple Express #9366,BULK-09366,Pre-Rolls,Cloud9 Labs,g,17.00
Northern Lights #9367,BULK-09367,Edibles,Nebula Extracts,each,24.00
Runtz #9368,BULK-09368,Vapes,Sungrown Farms,g,31.00
Zkittlez #9369,BULK-09369,Concentrates,Kush Co,each,38.00
Blue Dream #9370,BULK-09370,Flower,Cloud9 Labs,g,45.00
OG Kush #9371,BULK-09371,Pre-Rolls,Nebula Extracts,each,52.00
Sour Diesel #9372,BULK-09372,Edibles,Sungrown Farms,g,59.00
Gelato #9373,BULK-09373,Vapes,Kush Co,each,66.00
Wedding Cake #9374,BULK-09374,Concentrates,Cloud9 Labs,g,18.00
GDP #9375,BULK-09375,Flower,Nebula Extracts,each,25.00
Pineapple Express #9376,BULK-09376,Pre-Rolls,Sungrown Farms,g,32.00
Northern Lights #9377,BULK-09377,Edibles,Kush Co,each,39.00
Runtz #9378,BULK-09378,Vapes,Cloud9 Labs,g,46.00
Zkittlez #9379,BULK-09379,Concentrates,Nebula Extracts,each,53.00
Blue Dream #9380,BULK-09380,Flower,Sungrown Farms,g,60.00
OG Kush #9381,BULK-09381,Pre-Rolls,Kush Co,each,67.00
Sour Diesel #9382,BULK-09382,Edibles,Cloud9 Labs,g,19.00
Gelato #9383,BULK-09383,Vapes,Nebula Extracts,each,26.00
Wedding Cake #9384,BULK-09384,Concentrates,Sungrown Farms,g,33.00
GDP #9385,BULK-09385,Flower,Kush Co,each,40.00
Pineapple Express #9386,BULK-09386,Pre-Rolls,Cloud9 Labs,g,47.00
Northern Lights #9387,BULK-09387,Edibles,Nebula Extracts,each,54.00
Runtz #9388,BULK-09388,Vapes,Sungrown Farms,g,61.00
Zkittlez #9389,BULK-09389,Concentrates,Kush Co,each,68.00
Blue Dream #9390,BULK-09390,Flower,Cloud9 Labs,g,20.00
OG Kush #9391,BULK-09391,Pre-Rolls,Nebula Extracts,each,27.00
Sour Diesel #9392,BULK-09392,Edibles,Sungrown Farms,g,34.00
Gelato #9393,BULK-09393,Vapes,Kush Co,each,41.00
Wedding Cake #9394,BULK-09394,Concentrates,Cloud9 Labs,g,48.00
GDP #9395,BULK-09395,Flower,Nebula Extracts,each,55.00
Pineapple Express #9396,BULK-09396,Pre-Rolls,Sungrown Farms,g,62.00
Northern Lights #9397,BULK-09397,Edibles,Kush Co,each,69.00
Runtz #9398,BULK-09398,Vapes,Cloud9 Labs,g,21.00
Zkittlez #9399,BULK-09399,Concentrates,Nebula Extracts,each,28.00
Blue Dream #9400,BULK-09400,Flower,Sungrown Farms,g,35.00
OG Kush #9401,BULK-09401,Pre-Rolls,Kush Co,each,42.00
Sour Diesel #9402,BULK-09402,Edibles,Cloud9 Labs,g,49.00
Gelato #9403,BULK-09403,Vapes,Nebula Extracts,each,56.00
Wedding Cake #9404,BULK-09404,Concentrates,Sungrown Farms,g,63.00
GDP #9405,BULK-09405,Flower,Kush Co,each,15.00
Pineapple Express #9406,BULK-09406,Pre-Rolls,Cloud9 Labs,g,22.00
Northern Lights #9407,BULK-09407,Edibles,Nebula Extracts,each,29.00
Runtz #9408,BULK-09408,Vapes,Sungrown Farms,g,36.00
Zkittlez #9409,BULK-09409,Concentrates,Kush Co,each,43.00
Blue Dream #9410,BULK-09410,Flower,Cloud9 Labs,g,50.00
OG Kush #9411,BULK-09411,Pre-Rolls,Nebula Extracts,each,57.00
Sour Diesel #9412,BULK-09412,Edibles,Sungrown Farms,g,64.00
Gelato #9413,BULK-09413,Vapes,Kush Co,each,16.00
Wedding Cake #9414,BULK-09414,Concentrates,Cloud9 Labs,g,23.00
GDP #9415,BULK-09415,Flower,Nebula Extracts,each,30.00
Pineapple Express #9416,BULK-09416,Pre-Rolls,Sungrown Farms,g,37.00
Northern Lights #9417,BULK-09417,Edibles,Kush Co,each,44.00
Runtz #9418,BULK-09418,Vapes,Cloud9 Labs,g,51.00
Zkittlez #9419,BULK-09419,Concentrates,Nebula Extracts,each,58.00
Blue Dream #9420,BULK-09420,Flower,Sungrown Farms,g,65.00
OG Kush #9421,BULK-09421,Pre-Rolls,Kush Co,each,17.00
Sour Diesel #9422,BULK-09422,Edibles,Cloud9 Labs,g,24.00
Gelato #9423,BULK-09423,Vapes,Nebula Extracts,each,31.00
Wedding Cake #9424,BULK-09424,Concentrates,Sungrown Farms,g,38.00
GDP #9425,BULK-09425,Flower,Kush Co,each,45.00
Pineapple Express #9426,BULK-09426,Pre-Rolls,Cloud9 Labs,g,52.00
Northern Lights #9427,BULK-09427,Edibles,Nebula Extracts,each,59.00
Runtz #9428,BULK-09428,Vapes,Sungrown Farms,g,66.00
Zkittlez #9429,BULK-09429,Concentrates,Kush Co,each,18.00
Blue Dream #9430,BULK-09430,Flower,Cloud9 Labs,g,25.00
OG Kush #9431,BULK-09431,Pre-Rolls,Nebula Extracts,each,32.00
Sour Diesel #9432,BULK-09432,Edibles,Sungrown Farms,g,39.00
Gelato #9433,BULK-09433,Vapes,Kush Co,each,46.00
Wedding Cake #9434,BULK-09434,Concentrates,Cloud9 Labs,g,53.00
GDP #9435,BULK-09435,Flower,Nebula Extracts,each,60.00
Pineapple Express #9436,BULK-09436,Pre-Rolls,Sungrown Farms,g,67.00
Northern Lights #9437,BULK-09437,Edibles,Kush Co,each,19.00
Runtz #9438,BULK-09438,Vapes,Cloud9 Labs,g,26.00
Zkittlez #9439,BULK-09439,Concentrates,Nebula Extracts,each,33.00
Blue Dream #9440,BULK-09440,Flower,Sungrown Farms,g,40.00
OG Kush #9441,BULK-09441,Pre-Rolls,Kush Co,each,47.00
Sour Diesel #9442,BULK-09442,Edibles,Cloud9 Labs,g,54.00
Gelato #9443,BULK-09443,Vapes,Nebula Extracts,each,61.00
Wedding Cake #9444,BULK-09444,Concentrates,Sungrown Farms,g,68.00
GDP #9445,BULK-09445,Flower,Kush Co,each,20.00
Pineapple Express #9446,BULK-09446,Pre-Rolls,Cloud9 Labs,g,27.00
Northern Lights #9447,BULK-09447,Edibles,Nebula Extracts,each,34.00
Runtz #9448,BULK-09448,Vapes,Sungrown Farms,g,41.00
Zkittlez #9449,BULK-09449,Concentrates,Kush Co,each,48.00
Blue Dream #9450,BULK-09450,Flower,Cloud9 Labs,g,55.00
OG Kush #9451,BULK-09451,Pre-Rolls,Nebula Extracts,each,62.00
Sour Diesel #9452,BULK-09452,Edibles,Sungrown Farms,g,69.00
Gelato #9453,BULK-09453,Vapes,Kush Co,each,21.00
Wedding Cake #9454,BULK-09454,Concentrates,Cloud9 Labs,g,28.00
GDP #9455,BULK-09455,Flower,Nebula Extracts,each,35.00
Pineapple Express #9456,BULK-09456,Pre-Rolls,Sungrown Farms,g,42.00
Northern Lights #9457,BULK-09457,Edibles,Kush Co,each,49.00
Runtz #9458,BULK-09458,Vapes,Cloud9 Labs,g,56.00
Zkittlez #9459,BULK-09459,Concentrates,Nebula Extracts,each,63.00
Blue Dream #9460,BULK-09460,Flower,Sungrown Farms,g,15.00
OG Kush #9461,BULK-09461,Pre-Rolls,Kush Co,each,22.00
Sour Diesel #9462,BULK-09462,Edibles,Cloud9 Labs,g,29.00
Gelato #9463,BULK-09463,Vapes,Nebula Extracts,each,36.00
Wedding Cake #9464,BULK-09464,Concentrates,Sungrown Farms,g,43.00
GDP #9465,BULK-09465,Flower,Kush Co,each,50.00
Pineapple Express #9466,BULK-09466,Pre-Rolls,Cloud9 Labs,g,57.00
Northern Lights #9467,BULK-09467,Edibles,Nebula Extracts,each,64.00
Runtz #9468,BULK-09468,Vapes,Sungrown Farms,g,16.00
Zkittlez #9469,BULK-09469,Concentrates,Kush Co,each,23.00
Blue Dream #9470,BULK-09470,Flower,Cloud9 Labs,g,30.00
OG Kush #9471,BULK-09471,Pre-Rolls,Nebula Extracts,each,37.00
Sour Diesel #9472,BULK-09472,Edibles,Sungrown Farms,g,44.00
Gelato #9473,BULK-09473,Vapes,Kush Co,each,51.00
Wedding Cake #9474,BULK-09474,Concentrates,Cloud9 Labs,g,58.00
GDP #9475,BULK-09475,Flower,Nebula Extracts,each,65.00
Pineapple Express #9476,BULK-09476,Pre-Rolls,Sungrown Farms,g,17.00
Northern Lights #9477,BULK-09477,Edibles,Kush Co,each,24.00
Runtz #9478,BULK-09478,Vapes,Cloud9 Labs,g,31.00
Zkittlez #9479,BULK-09479,Concentrates,Nebula Extracts,each,38.00
Blue Dream #9480,BULK-09480,Flower,Sungrown Farms,g,45.00
OG Kush #9481,BULK-09481,Pre-Rolls,Kush Co,each,52.00
Sour Diesel #9482,BULK-09482,Edibles,Cloud9 Labs,g,59.00
Gelato #9483,BULK-09483,Vapes,Nebula Extracts,each,66.00
Wedding Cake #9484,BULK-09484,Concentrates,Sungrown Farms,g,18.00
GDP #9485,BULK-09485,Flower,Kush Co,each,25.00
Pineapple Express #9486,BULK-09486,Pre-Rolls,Cloud9 Labs,g,32.00
Northern Lights #9487,BULK-09487,Edibles,Nebula Extracts,each,39.00
Runtz #9488,BULK-09488,Vapes,Sungrown Farms,g,46.00
Zkittlez #9489,BULK-09489,Concentrates,Kush Co,each,53.00
Blue Dream #9490,BULK-09490,Flower,Cloud9 Labs,g,60.00
OG Kush #9491,BULK-09491,Pre-Rolls,Nebula Extracts,each,67.00
Sour Diesel #9492,BULK-09492,Edibles,Sungrown Farms,g,19.00
Gelato #9493,BULK-09493,Vapes,Kush Co,each,26.00
Wedding Cake #9494,BULK-09494,Concentrates,Cloud9 Labs,g,33.00
GDP #9495,BULK-09495,Flower,Nebula Extracts,each,40.00
Pineapple Express #9496,BULK-09496,Pre-Rolls,Sungrown Farms,g,47.00
Northern Lights #9497,BULK-09497,Edibles,Kush Co,each,54.00
Runtz #9498,BULK-09498,Vapes,Cloud9 Labs,g,61.00
Zkittlez #9499,BULK-09499,Concentrates,Nebula Extracts,each,68.00
Blue Dream #9500,BULK-09500,Flower,Sungrown Farms,g,20.00
OG Kush #9501,BULK-09501,Pre-Rolls,Kush Co,each,27.00
Sour Diesel #9502,BULK-09502,Edibles,Cloud9 Labs,g,34.00
Gelato #9503,BULK-09503,Vapes,Nebula Extracts,each,41.00
Wedding Cake #9504,BULK-09504,Concentrates,Sungrown Farms,g,48.00
GDP #9505,BULK-09505,Flower,Kush Co,each,55.00
Pineapple Express #9506,BULK-09506,Pre-Rolls,Cloud9 Labs,g,62.00
Northern Lights #9507,BULK-09507,Edibles,Nebula Extracts,each,69.00
Runtz #9508,BULK-09508,Vapes,Sungrown Farms,g,21.00
Zkittlez #9509,BULK-09509,Concentrates,Kush Co,each,28.00
Blue Dream #9510,BULK-09510,Flower,Cloud9 Labs,g,35.00
OG Kush #9511,BULK-09511,Pre-Rolls,Nebula Extracts,each,42.00
Sour Diesel #9512,BULK-09512,Edibles,Sungrown Farms,g,49.00
Gelato #9513,BULK-09513,Vapes,Kush Co,each,56.00
Wedding Cake #9514,BULK-09514,Concentrates,Cloud9 Labs,g,63.00
GDP #9515,BULK-09515,Flower,Nebula Extracts,each,15.00
Pineapple Express #9516,BULK-09516,Pre-Rolls,Sungrown Farms,g,22.00
Northern Lights #9517,BULK-09517,Edibles,Kush Co,each,29.00
Runtz #9518,BULK-09518,Vapes,Cloud9 Labs,g,36.00
Zkittlez #9519,BULK-09519,Concentrates,Nebula Extracts,each,43.00
Blue Dream #9520,BULK-09520,Flower,Sungrown Farms,g,50.00
OG Kush #9521,BULK-09521,Pre-Rolls,Kush Co,each,57.00
Sour Diesel #9522,BULK-09522,Edibles,Cloud9 Labs,g,64.00
Gelato #9523,BULK-09523,Vapes,Nebula Extracts,each,16.00
Wedding Cake #9524,BULK-09524,Concentrates,Sungrown Farms,g,23.00
GDP #9525,BULK-09525,Flower,Kush Co,each,30.00
Pineapple Express #9526,BULK-09526,Pre-Rolls,Cloud9 Labs,g,37.00
Northern Lights #9527,BULK-09527,Edibles,Nebula Extracts,each,44.00
Runtz #9528,BULK-09528,Vapes,Sungrown Farms,g,51.00
Zkittlez #9529,BULK-09529,Concentrates,Kush Co,each,58.00
Blue Dream #9530,BULK-09530,Flower,Cloud9 Labs,g,65.00
OG Kush #9531,BULK-09531,Pre-Rolls,Nebula Extracts,each,17.00
Sour Diesel #9532,BULK-09532,Edibles,Sungrown Farms,g,24.00
Gelato #9533,BULK-09533,Vapes,Kush Co,each,31.00
Wedding Cake #9534,BULK-09534,Concentrates,Cloud9 Labs,g,38.00
GDP #9535,BULK-09535,Flower,Nebula Extracts,each,45.00
Pineapple Express #9536,BULK-09536,Pre-Rolls,Sungrown Farms,g,52.00
Northern Lights #9537,BULK-09537,Edibles,Kush Co,each,59.00
Runtz #9538,BULK-09538,Vapes,Cloud9 Labs,g,66.00
Zkittlez #9539,BULK-09539,Concentrates,Nebula Extracts,each,18.00
Blue Dream #9540,BULK-09540,Flower,Sungrown Farms,g,25.00
OG Kush #9541,BULK-09541,Pre-Rolls,Kush Co,each,32.00
Sour Diesel #9542,BULK-09542,Edibles,Cloud9 Labs,g,39.00
Gelato #9543,BULK-09543,Vapes,Nebula Extracts,each,46.00
Wedding Cake #9544,BULK-09544,Concentrates,Sungrown Farms,g,53.00
GDP #9545,BULK-09545,Flower,Kush Co,each,60.00
Pineapple Express #9546,BULK-09546,Pre-Rolls,Cloud9 Labs,g,67.00
Northern Lights #9547,BULK-09547,Edibles,Nebula Extracts,each,19.00
Runtz #9548,BULK-09548,Vapes,Sungrown Farms,g,26.00
Zkittlez #9549,BULK-09549,Concentrates,Kush Co,each,33.00
Blue Dream #9550,BULK-09550,Flower,Cloud9 Labs,g,40.00
OG Kush #9551,BULK-09551,Pre-Rolls,Nebula Extracts,each,47.00
Sour Diesel #9552,BULK-09552,Edibles,Sungrown Farms,g,54.00
Gelato #9553,BULK-09553,Vapes,Kush Co,each,61.00
Wedding Cake #9554,BULK-09554,Concentrates,Cloud9 Labs,g,68.00
GDP #9555,BULK-09555,Flower,Nebula Extracts,each,20.00
Pineapple Express #9556,BULK-09556,Pre-Rolls,Sungrown Farms,g,27.00
Northern Lights #9557,BULK-09557,Edibles,Kush Co,each,34.00
Runtz #9558,BULK-09558,Vapes,Cloud9 Labs,g,41.00
Zkittlez #9559,BULK-09559,Concentrates,Nebula Extracts,each,48.00
Blue Dream #9560,BULK-09560,Flower,Sungrown Farms,g,55.00
OG Kush #9561,BULK-09561,Pre-Rolls,Kush Co,each,62.00
Sour Diesel #9562,BULK-09562,Edibles,Cloud9 Labs,g,69.00
Gelato #9563,BULK-09563,Vapes,Nebula Extracts,each,21.00
Wedding Cake #9564,BULK-09564,Concentrates,Sungrown Farms,g,28.00
GDP #9565,BULK-09565,Flower,Kush Co,each,35.00
Pineapple Express #9566,BULK-09566,Pre-Rolls,Cloud9 Labs,g,42.00
Northern Lights #9567,BULK-09567,Edibles,Nebula Extracts,each,49.00
Runtz #9568,BULK-09568,Vapes,Sungrown Farms,g,56.00
Zkittlez #9569,BULK-09569,Concentrates,Kush Co,each,63.00
Blue Dream #9570,BULK-09570,Flower,Cloud9 Labs,g,15.00
OG Kush #9571,BULK-09571,Pre-Rolls,Nebula Extracts,each,22.00
Sour Diesel #9572,BULK-09572,Edibles,Sungrown Farms,g,29.00
Gelato #9573,BULK-09573,Vapes,Kush Co,each,36.00
Wedding Cake #9574,BULK-09574,Concentrates,Cloud9 Labs,g,43.00
GDP #9575,BULK-09575,Flower,Nebula Extracts,each,50.00
Pineapple Express #9576,BULK-09576,Pre-Rolls,Sungrown Farms,g,57.00
Northern Lights #9577,BULK-09577,Edibles,Kush Co,each,64.00
Runtz #9578,BULK-09578,Vapes,Cloud9 Labs,g,16.00
Zkittlez #9579,BULK-09579,Concentrates,Nebula Extracts,each,23.00
Blue Dream #9580,BULK-09580,Flower,Sungrown Farms,g,30.00
OG Kush #9581,BULK-09581,Pre-Rolls,Kush Co,each,37.00
Sour Diesel #9582,BULK-09582,Edibles,Cloud9 Labs,g,44.00
Gelato #9583,BULK-09583,Vapes,Nebula Extracts,each,51.00
Wedding Cake #9584,BULK-09584,Concentrates,Sungrown Farms,g,58.00
GDP #9585,BULK-09585,Flower,Kush Co,each,65.00
Pineapple Express #9586,BULK-09586,Pre-Rolls,Cloud9 Labs,g,17.00
Northern Lights #9587,BULK-09587,Edibles,Nebula Extracts,each,24.00
Runtz #9588,BULK-09588,Vapes,Sungrown Farms,g,31.00
Zkittlez #9589,BULK-09589,Concentrates,Kush Co,each,38.00
Blue Dream #9590,BULK-09590,Flower,Cloud9 Labs,g,45.00
OG Kush #9591,BULK-09591,Pre-Rolls,Nebula Extracts,each,52.00
Sour Diesel #9592,BULK-09592,Edibles,Sungrown Farms,g,59.00
Gelato #9593,BULK-09593,Vapes,Kush Co,each,66.00
Wedding Cake #9594,BULK-09594,Concentrates,Cloud9 Labs,g,18.00
GDP #9595,BULK-09595,Flower,Nebula Extracts,each,25.00
Pineapple Express #9596,BULK-09596,Pre-Rolls,Sungrown Farms,g,32.00
Northern Lights #9597,BULK-09597,Edibles,Kush Co,each,39.00
Runtz #9598,BULK-09598,Vapes,Cloud9 Labs,g,46.00
Zkittlez #9599,BULK-09599,Concentrates,Nebula Extracts,each,53.00
Blue Dream #9600,BULK-09600,Flower,Sungrown Farms,g,60.00
OG Kush #9601,BULK-09601,Pre-Rolls,Kush Co,each,67.00
Sour Diesel #9602,BULK-09602,Edibles,Cloud9 Labs,g,19.00
Gelato #9603,BULK-09603,Vapes,Nebula Extracts,each,26.00
Wedding Cake #9604,BULK-09604,Concentrates,Sungrown Farms,g,33.00
GDP #9605,BULK-09605,Flower,Kush Co,each,40.00
Pineapple Express #9606,BULK-09606,Pre-Rolls,Cloud9 Labs,g,47.00
Northern Lights #9607,BULK-09607,Edibles,Nebula Extracts,each,54.00
Runtz #9608,BULK-09608,Vapes,Sungrown Farms,g,61.00
Zkittlez #9609,BULK-09609,Concentrates,Kush Co,each,68.00
Blue Dream #9610,BULK-09610,Flower,Cloud9 Labs,g,20.00
OG Kush #9611,BULK-09611,Pre-Rolls,Nebula Extracts,each,27.00
Sour Diesel #9612,BULK-09612,Edibles,Sungrown Farms,g,34.00
Gelato #9613,BULK-09613,Vapes,Kush Co,each,41.00
Wedding Cake #9614,BULK-09614,Concentrates,Cloud9 Labs,g,48.00
GDP #9615,BULK-09615,Flower,Nebula Extracts,each,55.00
Pineapple Express #9616,BULK-09616,Pre-Rolls,Sungrown Farms,g,62.00
Northern Lights #9617,BULK-09617,Edibles,Kush Co,each,69.00
Runtz #9618,BULK-09618,Vapes,Cloud9 Labs,g,21.00
Zkittlez #9619,BULK-09619,Concentrates,Nebula Extracts,each,28.00
Blue Dream #9620,BULK-09620,Flower,Sungrown Farms,g,35.00
OG Kush #9621,BULK-09621,Pre-Rolls,Kush Co,each,42.00
Sour Diesel #9622,BULK-09622,Edibles,Cloud9 Labs,g,49.00
Gelato #9623,BULK-09623,Vapes,Nebula Extracts,each,56.00
Wedding Cake #9624,BULK-09624,Concentrates,Sungrown Farms,g,63.00
GDP #9625,BULK-09625,Flower,Kush Co,each,15.00
Pineapple Express #9626,BULK-09626,Pre-Rolls,Cloud9 Labs,g,22.00
Northern Lights #9627,BULK-09627,Edibles,Nebula Extracts,each,29.00
Runtz #9628,BULK-09628,Vapes,Sungrown Farms,g,36.00
Zkittlez #9629,BULK-09629,Concentrates,Kush Co,each,43.00
Blue Dream #9630,BULK-09630,Flower,Cloud9 Labs,g,50.00
OG Kush #9631,BULK-09631,Pre-Rolls,Nebula Extracts,each,57.00
Sour Diesel #9632,BULK-09632,Edibles,Sungrown Farms,g,64.00
Gelato #9633,BULK-09633,Vapes,Kush Co,each,16.00
Wedding Cake #9634,BULK-09634,Concentrates,Cloud9 Labs,g,23.00
GDP #9635,BULK-09635,Flower,Nebula Extracts,each,30.00
Pineapple Express #9636,BULK-09636,Pre-Rolls,Sungrown Farms,g,37.00
Northern Lights #9637,BULK-09637,Edibles,Kush Co,each,44.00
Runtz #9638,BULK-09638,Vapes,Cloud9 Labs,g,51.00
Zkittlez #9639,BULK-09639,Concentrates,Nebula Extracts,each,58.00
Blue Dream #9640,BULK-09640,Flower,Sungrown Farms,g,65.00
OG Kush #9641,BULK-09641,Pre-Rolls,Kush Co,each,17.00
Sour Diesel #9642,BULK-09642,Edibles,Cloud9 Labs,g,24.00
Gelato #9643,BULK-09643,Vapes,Nebula Extracts,each,31.00
Wedding Cake #9644,BULK-09644,Concentrates,Sungrown Farms,g,38.00
GDP #9645,BULK-09645,Flower,Kush Co,each,45.00
Pineapple Express #9646,BULK-09646,Pre-Rolls,Cloud9 Labs,g,52.00
Northern Lights #9647,BULK-09647,Edibles,Nebula Extracts,each,59.00
Runtz #9648,BULK-09648,Vapes,Sungrown Farms,g,66.00
Zkittlez #9649,BULK-09649,Concentrates,Kush Co,each,18.00
Blue Dream #9650,BULK-09650,Flower,Cloud9 Labs,g,25.00
OG Kush #9651,BULK-09651,Pre-Rolls,Nebula Extracts,each,32.00
Sour Diesel #9652,BULK-09652,Edibles,Sungrown Farms,g,39.00
Gelato #9653,BULK-09653,Vapes,Kush Co,each,46.00
Wedding Cake #9654,BULK-09654,Concentrates,Cloud9 Labs,g,53.00
GDP #9655,BULK-09655,Flower,Nebula Extracts,each,60.00
Pineapple Express #9656,BULK-09656,Pre-Rolls,Sungrown Farms,g,67.00
Northern Lights #9657,BULK-09657,Edibles,Kush Co,each,19.00
Runtz #9658,BULK-09658,Vapes,Cloud9 Labs,g,26.00
Zkittlez #9659,BULK-09659,Concentrates,Nebula Extracts,each,33.00
Blue Dream #9660,BULK-09660,Flower,Sungrown Farms,g,40.00
OG Kush #9661,BULK-09661,Pre-Rolls,Kush Co,each,47.00
Sour Diesel #9662,BULK-09662,Edibles,Cloud9 Labs,g,54.00
Gelato #9663,BULK-09663,Vapes,Nebula Extracts,each,61.00
Wedding Cake #9664,BULK-09664,Concentrates,Sungrown Farms,g,68.00
GDP #9665,BULK-09665,Flower,Kush Co,each,20.00
Pineapple Express #9666,BULK-09666,Pre-Rolls,Cloud9 Labs,g,27.00
Northern Lights #9667,BULK-09667,Edibles,Nebula Extracts,each,34.00
Runtz #9668,BULK-09668,Vapes,Sungrown Farms,g,41.00
Zkittlez #9669,BULK-09669,Concentrates,Kush Co,each,48.00
Blue Dream #9670,BULK-09670,Flower,Cloud9 Labs,g,55.00
OG Kush #9671,BULK-09671,Pre-Rolls,Nebula Extracts,each,62.00
Sour Diesel #9672,BULK-09672,Edibles,Sungrown Farms,g,69.00
Gelato #9673,BULK-09673,Vapes,Kush Co,each,21.00
Wedding Cake #9674,BULK-09674,Concentrates,Cloud9 Labs,g,28.00
GDP #9675,BULK-09675,Flower,Nebula Extracts,each,35.00
Pineapple Express #9676,BULK-09676,Pre-Rolls,Sungrown Farms,g,42.00
Northern Lights #9677,BULK-09677,Edibles,Kush Co,each,49.00
Runtz #9678,BULK-09678,Vapes,Cloud9 Labs,g,56.00
Zkittlez #9679,BULK-09679,Concentrates,Nebula Extracts,each,63.00
Blue Dream #9680,BULK-09680,Flower,Sungrown Farms,g,15.00
OG Kush #9681,BULK-09681,Pre-Rolls,Kush Co,each,22.00
Sour Diesel #9682,BULK-09682,Edibles,Cloud9 Labs,g,29.00
Gelato #9683,BULK-09683,Vapes,Nebula Extracts,each,36.00
Wedding Cake #9684,BULK-09684,Concentrates,Sungrown Farms,g,43.00
GDP #9685,BULK-09685,Flower,Kush Co,each,50.00
Pineapple Express #9686,BULK-09686,Pre-Rolls,Cloud9 Labs,g,57.00
Northern Lights #9687,BULK-09687,Edibles,Nebula Extracts,each,64.00
Runtz #9688,BULK-09688,Vapes,Sungrown Farms,g,16.00
Zkittlez #9689,BULK-09689,Concentrates,Kush Co,each,23.00
Blue Dream #9690,BULK-09690,Flower,Cloud9 Labs,g,30.00
OG Kush #9691,BULK-09691,Pre-Rolls,Nebula Extracts,each,37.00
Sour Diesel #9692,BULK-09692,Edibles,Sungrown Farms,g,44.00
Gelato #9693,BULK-09693,Vapes,Kush Co,each,51.00
Wedding Cake #9694,BULK-09694,Concentrates,Cloud9 Labs,g,58.00
GDP #9695,BULK-09695,Flower,Nebula Extracts,each,65.00
Pineapple Express #9696,BULK-09696,Pre-Rolls,Sungrown Farms,g,17.00
Northern Lights #9697,BULK-09697,Edibles,Kush Co,each,24.00
Runtz #9698,BULK-09698,Vapes,Cloud9 Labs,g,31.00
Zkittlez #9699,BULK-09699,Concentrates,Nebula Extracts,each,38.00
Blue Dream #9700,BULK-09700,Flower,Sungrown Farms,g,45.00
OG Kush #9701,BULK-09701,Pre-Rolls,Kush Co,each,52.00
Sour Diesel #9702,BULK-09702,Edibles,Cloud9 Labs,g,59.00
Gelato #9703,BULK-09703,Vapes,Nebula Extracts,each,66.00
Wedding Cake #9704,BULK-09704,Concentrates,Sungrown Farms,g,18.00
GDP #9705,BULK-09705,Flower,Kush Co,each,25.00
Pineapple Express #9706,BULK-09706,Pre-Rolls,Cloud9 Labs,g,32.00
Northern Lights #9707,BULK-09707,Edibles,Nebula Extracts,each,39.00
Runtz #9708,BULK-09708,Vapes,Sungrown Farms,g,46.00
Zkittlez #9709,BULK-09709,Concentrates,Kush Co,each,53.00
Blue Dream #9710,BULK-09710,Flower,Cloud9 Labs,g,60.00
OG Kush #9711,BULK-09711,Pre-Rolls,Nebula Extracts,each,67.00
Sour Diesel #9712,BULK-09712,Edibles,Sungrown Farms,g,19.00
Gelato #9713,BULK-09713,Vapes,Kush Co,each,26.00
Wedding Cake #9714,BULK-09714,Concentrates,Cloud9 Labs,g,33.00
GDP #9715,BULK-09715,Flower,Nebula Extracts,each,40.00
Pineapple Express #9716,BULK-09716,Pre-Rolls,Sungrown Farms,g,47.00
Northern Lights #9717,BULK-09717,Edibles,Kush Co,each,54.00
Runtz #9718,BULK-09718,Vapes,Cloud9 Labs,g,61.00
Zkittlez #9719,BULK-09719,Concentrates,Nebula Extracts,each,68.00
Blue Dream #9720,BULK-09720,Flower,Sungrown Farms,g,20.00
OG Kush #9721,BULK-09721,Pre-Rolls,Kush Co,each,27.00
Sour Diesel #9722,BULK-09722,Edibles,Cloud9 Labs,g,34.00
Gelato #9723,BULK-09723,Vapes,Nebula Extracts,each,41.00
Wedding Cake #9724,BULK-09724,Concentrates,Sungrown Farms,g,48.00
GDP #9725,BULK-09725,Flower,Kush Co,each,55.00
Pineapple Express #9726,BULK-09726,Pre-Rolls,Cloud9 Labs,g,62.00
Northern Lights #9727,BULK-09727,Edibles,Nebula Extracts,each,69.00
Runtz #9728,BULK-09728,Vapes,Sungrown Farms,g,21.00
Zkittlez #9729,BULK-09729,Concentrates,Kush Co,each,28.00
Blue Dream #9730,BULK-09730,Flower,Cloud9 Labs,g,35.00
OG Kush #9731,BULK-09731,Pre-Rolls,Nebula Extracts,each,42.00
Sour Diesel #9732,BULK-09732,Edibles,Sungrown Farms,g,49.00
Gelato #9733,BULK-09733,Vapes,Kush Co,each,56.00
Wedding Cake #9734,BULK-09734,Concentrates,Cloud9 Labs,g,63.00
GDP #9735,BULK-09735,Flower,Nebula Extracts,each,15.00
Pineapple Express #9736,BULK-09736,Pre-Rolls,Sungrown Farms,g,22.00
Northern Lights #9737,BULK-09737,Edibles,Kush Co,each,29.00
Runtz #9738,BULK-09738,Vapes,Cloud9 Labs,g,36.00
Zkittlez #9739,BULK-09739,Concentrates,Nebula Extracts,each,43.00
Blue Dream #9740,BULK-09740,Flower,Sungrown Farms,g,50.00
OG Kush #9741,BULK-09741,Pre-Rolls,Kush Co,each,57.00
Sour Diesel #9742,BULK-09742,Edibles,Cloud9 Labs,g,64.00
Gelato #9743,BULK-09743,Vapes,Nebula Extracts,each,16.00
Wedding Cake #9744,BULK-09744,Concentrates,Sungrown Farms,g,23.00
GDP #9745,BULK-09745,Flower,Kush Co,each,30.00
Pineapple Express #9746,BULK-09746,Pre-Rolls,Cloud9 Labs,g,37.00
Northern Lights #9747,BULK-09747,Edibles,Nebula Extracts,each,44.00
Runtz #9748,BULK-09748,Vapes,Sungrown Farms,g,51.00
Zkittlez #9749,BULK-09749,Concentrates,Kush Co,each,58.00
Blue Dream #9750,BULK-09750,Flower,Cloud9 Labs,g,65.00
OG Kush #9751,BULK-09751,Pre-Rolls,Nebula Extracts,each,17.00
Sour Diesel #9752,BULK-09752,Edibles,Sungrown Farms,g,24.00
Gelato #9753,BULK-09753,Vapes,Kush Co,each,31.00
Wedding Cake #9754,BULK-09754,Concentrates,Cloud9 Labs,g,38.00
GDP #9755,BULK-09755,Flower,Nebula Extracts,each,45.00
Pineapple Express #9756,BULK-09756,Pre-Rolls,Sungrown Farms,g,52.00
Northern Lights #9757,BULK-09757,Edibles,Kush Co,each,59.00
Runtz #9758,BULK-09758,Vapes,Cloud9 Labs,g,66.00
Zkittlez #9759,BULK-09759,Concentrates,Nebula Extracts,each,18.00
Blue Dream #9760,BULK-09760,Flower,Sungrown Farms,g,25.00
OG Kush #9761,BULK-09761,Pre-Rolls,Kush Co,each,32.00
Sour Diesel #9762,BULK-09762,Edibles,Cloud9 Labs,g,39.00
Gelato #9763,BULK-09763,Vapes,Nebula Extracts,each,46.00
Wedding Cake #9764,BULK-09764,Concentrates,Sungrown Farms,g,53.00
GDP #9765,BULK-09765,Flower,Kush Co,each,60.00
Pineapple Express #9766,BULK-09766,Pre-Rolls,Cloud9 Labs,g,67.00
Northern Lights #9767,BULK-09767,Edibles,Nebula Extracts,each,19.00
Runtz #9768,BULK-09768,Vapes,Sungrown Farms,g,26.00
Zkittlez #9769,BULK-09769,Concentrates,Kush Co,each,33.00
Blue Dream #9770,BULK-09770,Flower,Cloud9 Labs,g,40.00
OG Kush #9771,BULK-09771,Pre-Rolls,Nebula Extracts,each,47.00
Sour Diesel #9772,BULK-09772,Edibles,Sungrown Farms,g,54.00
Gelato #9773,BULK-09773,Vapes,Kush Co,each,61.00
Wedding Cake #9774,BULK-09774,Concentrates,Cloud9 Labs,g,68.00
GDP #9775,BULK-09775,Flower,Nebula Extracts,each,20.00
Pineapple Express #9776,BULK-09776,Pre-Rolls,Sungrown Farms,g,27.00
Northern Lights #9777,BULK-09777,Edibles,Kush Co,each,34.00
Runtz #9778,BULK-09778,Vapes,Cloud9 Labs,g,41.00
Zkittlez #9779,BULK-09779,Concentrates,Nebula Extracts,each,48.00
Blue Dream #9780,BULK-09780,Flower,Sungrown Farms,g,55.00
OG Kush #9781,BULK-09781,Pre-Rolls,Kush Co,each,62.00
Sour Diesel #9782,BULK-09782,Edibles,Cloud9 Labs,g,69.00
Gelato #9783,BULK-09783,Vapes,Nebula Extracts,each,21.00
Wedding Cake #9784,BULK-09784,Concentrates,Sungrown Farms,g,28.00
GDP #9785,BULK-09785,Flower,Kush Co,each,35.00
Pineapple Express #9786,BULK-09786,Pre-Rolls,Cloud9 Labs,g,42.00
Northern Lights #9787,BULK-09787,Edibles,Nebula Extracts,each,49.00
Runtz #9788,BULK-09788,Vapes,Sungrown Farms,g,56.00
Zkittlez #9789,BULK-09789,Concentrates,Kush Co,each,63.00
Blue Dream #9790,BULK-09790,Flower,Cloud9 Labs,g,15.00
OG Kush #9791,BULK-09791,Pre-Rolls,Nebula Extracts,each,22.00
Sour Diesel #9792,BULK-09792,Edibles,Sungrown Farms,g,29.00
Gelato #9793,BULK-09793,Vapes,Kush Co,each,36.00
Wedding Cake #9794,BULK-09794,Concentrates,Cloud9 Labs,g,43.00
GDP #9795,BULK-09795,Flower,Nebula Extracts,each,50.00
Pineapple Express #9796,BULK-09796,Pre-Rolls,Sungrown Farms,g,57.00
Northern Lights #9797,BULK-09797,Edibles,Kush Co,each,64.00
Runtz #9798,BULK-09798,Vapes,Cloud9 Labs,g,16.00
Zkittlez #9799,BULK-09799,Concentrates,Nebula Extracts,each,23.00
Blue Dream #9800,BULK-09800,Flower,Sungrown Farms,g,30.00
OG Kush #9801,BULK-09801,Pre-Rolls,Kush Co,each,37.00
Sour Diesel #9802,BULK-09802,Edibles,Cloud9 Labs,g,44.00
Gelato #9803,BULK-09803,Vapes,Nebula Extracts,each,51.00
Wedding Cake #9804,BULK-09804,Concentrates,Sungrown Farms,g,58.00
GDP #9805,BULK-09805,Flower,Kush Co,each,65.00
Pineapple Express #9806,BULK-09806,Pre-Rolls,Cloud9 Labs,g,17.00
Northern Lights #9807,BULK-09807,Edibles,Nebula Extracts,each,24.00
Runtz #9808,BULK-09808,Vapes,Sungrown Farms,g,31.00
Zkittlez #9809,BULK-09809,Concentrates,Kush Co,each,38.00
Blue Dream #9810,BULK-09810,Flower,Cloud9 Labs,g,45.00
OG Kush #9811,BULK-09811,Pre-Rolls,Nebula Extracts,each,52.00
Sour Diesel #9812,BULK-09812,Edibles,Sungrown Farms,g,59.00
Gelato #9813,BULK-09813,Vapes,Kush Co,each,66.00
Wedding Cake #9814,BULK-09814,Concentrates,Cloud9 Labs,g,18.00
GDP #9815,BULK-09815,Flower,Nebula Extracts,each,25.00
Pineapple Express #9816,BULK-09816,Pre-Rolls,Sungrown Farms,g,32.00
Northern Lights #9817,BULK-09817,Edibles,Kush Co,each,39.00
Runtz #9818,BULK-09818,Vapes,Cloud9 Labs,g,46.00
Zkittlez #9819,BULK-09819,Concentrates,Nebula Extracts,each,53.00
Blue Dream #9820,BULK-09820,Flower,Sungrown Farms,g,60.00
OG Kush #9821,BULK-09821,Pre-Rolls,Kush Co,each,67.00
Sour Diesel #9822,BULK-09822,Edibles,Cloud9 Labs,g,19.00
Gelato #9823,BULK-09823,Vapes,Nebula Extracts,each,26.00
Wedding Cake #9824,BULK-09824,Concentrates,Sungrown Farms,g,33.00
GDP #9825,BULK-09825,Flower,Kush Co,each,40.00
Pineapple Express #9826,BULK-09826,Pre-Rolls,Cloud9 Labs,g,47.00
Northern Lights #9827,BULK-09827,Edibles,Nebula Extracts,each,54.00
Runtz #9828,BULK-09828,Vapes,Sungrown Farms,g,61.00
Zkittlez #9829,BULK-09829,Concentrates,Kush Co,each,68.00
Blue Dream #9830,BULK-09830,Flower,Cloud9 Labs,g,20.00
OG Kush #9831,BULK-09831,Pre-Rolls,Nebula Extracts,each,27.00
Sour Diesel #9832,BULK-09832,Edibles,Sungrown Farms,g,34.00
Gelato #9833,BULK-09833,Vapes,Kush Co,each,41.00
Wedding Cake #9834,BULK-09834,Concentrates,Cloud9 Labs,g,48.00
GDP #9835,BULK-09835,Flower,Nebula Extracts,each,55.00
Pineapple Express #9836,BULK-09836,Pre-Rolls,Sungrown Farms,g,62.00
Northern Lights #9837,BULK-09837,Edibles,Kush Co,each,69.00
Runtz #9838,BULK-09838,Vapes,Cloud9 Labs,g,21.00
Zkittlez #9839,BULK-09839,Concentrates,Nebula Extracts,each,28.00
Blue Dream #9840,BULK-09840,Flower,Sungrown Farms,g,35.00
OG Kush #9841,BULK-09841,Pre-Rolls,Kush Co,each,42.00
Sour Diesel #9842,BULK-09842,Edibles,Cloud9 Labs,g,49.00
Gelato #9843,BULK-09843,Vapes,Nebula Extracts,each,56.00
Wedding Cake #9844,BULK-09844,Concentrates,Sungrown Farms,g,63.00
GDP #9845,BULK-09845,Flower,Kush Co,each,15.00
Pineapple Express #9846,BULK-09846,Pre-Rolls,Cloud9 Labs,g,22.00
Northern Lights #9847,BULK-09847,Edibles,Nebula Extracts,each,29.00
Runtz #9848,BULK-09848,Vapes,Sungrown Farms,g,36.00
Zkittlez #9849,BULK-09849,Concentrates,Kush Co,each,43.00
Blue Dream #9850,BULK-09850,Flower,Cloud9 Labs,g,50.00
OG Kush #9851,BULK-09851,Pre-Rolls,Nebula Extracts,each,57.00
Sour Diesel #9852,BULK-09852,Edibles,Sungrown Farms,g,64.00
Gelato #9853,BULK-09853,Vapes,Kush Co,each,16.00
Wedding Cake #9854,BULK-09854,Concentrates,Cloud9 Labs,g,23.00
GDP #9855,BULK-09855,Flower,Nebula Extracts,each,30.00
Pineapple Express #9856,BULK-09856,Pre-Rolls,Sungrown Farms,g,37.00
Northern Lights #9857,BULK-09857,Edibles,Kush Co,each,44.00
Runtz #9858,BULK-09858,Vapes,Cloud9 Labs,g,51.00
Zkittlez #9859,BULK-09859,Concentrates,Nebula Extracts,each,58.00
Blue Dream #9860,BULK-09860,Flower,Sungrown Farms,g,65.00
OG Kush #9861,BULK-09861,Pre-Rolls,Kush Co,each,17.00
Sour Diesel #9862,BULK-09862,Edibles,Cloud9 Labs,g,24.00
Gelato #9863,BULK-09863,Vapes,Nebula Extracts,each,31.00
Wedding Cake #9864,BULK-09864,Concentrates,Sungrown Farms,g,38.00
GDP #9865,BULK-09865,Flower,Kush Co,each,45.00
Pineapple Express #9866,BULK-09866,Pre-Rolls,Cloud9 Labs,g,52.00
Northern Lights #9867,BULK-09867,Edibles,Nebula Extracts,each,59.00
Runtz #9868,BULK-09868,Vapes,Sungrown Farms,g,66.00
Zkittlez #9869,BULK-09869,Concentrates,Kush Co,each,18.00
Blue Dream #9870,BULK-09870,Flower,Cloud9 Labs,g,25.00
OG Kush #9871,BULK-09871,Pre-Rolls,Nebula Extracts,each,32.00
Sour Diesel #9872,BULK-09872,Edibles,Sungrown Farms,g,39.00
Gelato #9873,BULK-09873,Vapes,Kush Co,each,46.00
Wedding Cake #9874,BULK-09874,Concentrates,Cloud9 Labs,g,53.00
GDP #9875,BULK-09875,Flower,Nebula Extracts,each,60.00
Pineapple Express #9876,BULK-09876,Pre-Rolls,Sungrown Farms,g,67.00
Northern Lights #9877,BULK-09877,Edibles,Kush Co,each,19.00
Runtz #9878,BULK-09878,Vapes,Cloud9 Labs,g,26.00
Zkittlez #9879,BULK-09879,Concentrates,Nebula Extracts,each,33.00
Blue Dream #9880,BULK-09880,Flower,Sungrown Farms,g,40.00
OG Kush #9881,BULK-09881,Pre-Rolls,Kush Co,each,47.00
Sour Diesel #9882,BULK-09882,Edibles,Cloud9 Labs,g,54.00
Gelato #9883,BULK-09883,Vapes,Nebula Extracts,each,61.00
Wedding Cake #9884,BULK-09884,Concentrates,Sungrown Farms,g,68.00
GDP #9885,BULK-09885,Flower,Kush Co,each,20.00
Pineapple Express #9886,BULK-09886,Pre-Rolls,Cloud9 Labs,g,27.00
Northern Lights #9887,BULK-09887,Edibles,Nebula Extracts,each,34.00
Runtz #9888,BULK-09888,Vapes,Sungrown Farms,g,41.00
Zkittlez #9889,BULK-09889,Concentrates,Kush Co,each,48.00
Blue Dream #9890,BULK-09890,Flower,Cloud9 Labs,g,55.00
OG Kush #9891,BULK-09891,Pre-Rolls,Nebula Extracts,each,62.00
Sour Diesel #9892,BULK-09892,Edibles,Sungrown Farms,g,69.00
Gelato #9893,BULK-09893,Vapes,Kush Co,each,21.00
Wedding Cake #9894,BULK-09894,Concentrates,Cloud9 Labs,g,28.00
GDP #9895,BULK-09895,Flower,Nebula Extracts,each,35.00
Pineapple Express #9896,BULK-09896,Pre-Rolls,Sungrown Farms,g,42.00
Northern Lights #9897,BULK-09897,Edibles,Kush Co,each,49.00
Runtz #9898,BULK-09898,Vapes,Cloud9 Labs,g,56.00
Zkittlez #9899,BULK-09899,Concentrates,Nebula Extracts,each,63.00
Blue Dream #9900,BULK-09900,Flower,Sungrown Farms,g,15.00
OG Kush #9901,BULK-09901,Pre-Rolls,Kush Co,each,22.00
Sour Diesel #9902,BULK-09902,Edibles,Cloud9 Labs,g,29.00
Gelato #9903,BULK-09903,Vapes,Nebula Extracts,each,36.00
Wedding Cake #9904,BULK-09904,Concentrates,Sungrown Farms,g,43.00
GDP #9905,BULK-09905,Flower,Kush Co,each,50.00
Pineapple Express #9906,BULK-09906,Pre-Rolls,Cloud9 Labs,g,57.00
Northern Lights #9907,BULK-09907,Edibles,Nebula Extracts,each,64.00
Runtz #9908,BULK-09908,Vapes,Sungrown Farms,g,16.00
Zkittlez #9909,BULK-09909,Concentrates,Kush Co,each,23.00
Blue Dream #9910,BULK-09910,Flower,Cloud9 Labs,g,30.00
OG Kush #9911,BULK-09911,Pre-Rolls,Nebula Extracts,each,37.00
Sour Diesel #9912,BULK-09912,Edibles,Sungrown Farms,g,44.00
Gelato #9913,BULK-09913,Vapes,Kush Co,each,51.00
Wedding Cake #9914,BULK-09914,Concentrates,Cloud9 Labs,g,58.00
GDP #9915,BULK-09915,Flower,Nebula Extracts,each,65.00
Pineapple Express #9916,BULK-09916,Pre-Rolls,Sungrown Farms,g,17.00
Northern Lights #9917,BULK-09917,Edibles,Kush Co,each,24.00
Runtz #9918,BULK-09918,Vapes,Cloud9 Labs,g,31.00
Zkittlez #9919,BULK-09919,Concentrates,Nebula Extracts,each,38.00
Blue Dream #9920,BULK-09920,Flower,Sungrown Farms,g,45.00
OG Kush #9921,BULK-09921,Pre-Rolls,Kush Co,each,52.00
Sour Diesel #9922,BULK-09922,Edibles,Cloud9 Labs,g,59.00
Gelato #9923,BULK-09923,Vapes,Nebula Extracts,each,66.00
Wedding Cake #9924,BULK-09924,Concentrates,Sungrown Farms,g,18.00
GDP #9925,BULK-09925,Flower,Kush Co,each,25.00
Pineapple Express #9926,BULK-09926,Pre-Rolls,Cloud9 Labs,g,32.00
Northern Lights #9927,BULK-09927,Edibles,Nebula Extracts,each,39.00
Runtz #9928,BULK-09928,Vapes,Sungrown Farms,g,46.00
Zkittlez #9929,BULK-09929,Concentrates,Kush Co,each,53.00
Blue Dream #9930,BULK-09930,Flower,Cloud9 Labs,g,60.00
OG Kush #9931,BULK-09931,Pre-Rolls,Nebula Extracts,each,67.00
Sour Diesel #9932,BULK-09932,Edibles,Sungrown Farms,g,19.00
Gelato #9933,BULK-09933,Vapes,Kush Co,each,26.00
Wedding Cake #9934,BULK-09934,Concentrates,Cloud9 Labs,g,33.00
GDP #9935,BULK-09935,Flower,Nebula Extracts,each,40.00
Pineapple Express #9936,BULK-09936,Pre-Rolls,Sungrown Farms,g,47.00
Northern Lights #9937,BULK-09937,Edibles,Kush Co,each,54.00
Runtz #9938,BULK-09938,Vapes,Cloud9 Labs,g,61.00
Zkittlez #9939,BULK-09939,Concentrates,Nebula Extracts,each,68.00
Blue Dream #9940,BULK-09940,Flower,Sungrown Farms,g,20.00
OG Kush #9941,BULK-09941,Pre-Rolls,Kush Co,each,27.00
Sour Diesel #9942,BULK-09942,Edibles,Cloud9 Labs,g,34.00
Gelato #9943,BULK-09943,Vapes,Nebula Extracts,each,41.00
Wedding Cake #9944,BULK-09944,Concentrates,Sungrown Farms,g,48.00
GDP #9945,BULK-09945,Flower,Kush Co,each,55.00
Pineapple Express #9946,BULK-09946,Pre-Rolls,Cloud9 Labs,g,62.00
Northern Lights #9947,BULK-09947,Edibles,Nebula Extracts,each,69.00
Runtz #9948,BULK-09948,Vapes,Sungrown Farms,g,21.00
Zkittlez #9949,BULK-09949,Concentrates,Kush Co,each,28.00
Blue Dream #9950,BULK-09950,Flower,Cloud9 Labs,g,35.00
OG Kush #9951,BULK-09951,Pre-Rolls,Nebula Extracts,each,42.00
Sour Diesel #9952,BULK-09952,Edibles,Sungrown Farms,g,49.00
Gelato #9953,BULK-09953,Vapes,Kush Co,each,56.00
Wedding Cake #9954,BULK-09954,Concentrates,Cloud9 Labs,g,63.00
GDP #9955,BULK-09955,Flower,Nebula Extracts,each,15.00
Pineapple Express #9956,BULK-09956,Pre-Rolls,Sungrown Farms,g,22.00
Northern Lights #9957,BULK-09957,Edibles,Kush Co,each,29.00
Runtz #9958,BULK-09958,Vapes,Cloud9 Labs,g,36.00
Zkittlez #9959,BULK-09959,Concentrates,Nebula Extracts,each,43.00
Blue Dream #9960,BULK-09960,Flower,Sungrown Farms,g,50.00
OG Kush #9961,BULK-09961,Pre-Rolls,Kush Co,each,57.00
Sour Diesel #9962,BULK-09962,Edibles,Cloud9 Labs,g,64.00
Gelato #9963,BULK-09963,Vapes,Nebula Extracts,each,16.00
Wedding Cake #9964,BULK-09964,Concentrates,Sungrown Farms,g,23.00
GDP #9965,BULK-09965,Flower,Kush Co,each,30.00
Pineapple Express #9966,BULK-09966,Pre-Rolls,Cloud9 Labs,g,37.00
Northern Lights #9967,BULK-09967,Edibles,Nebula Extracts,each,44.00
Runtz #9968,BULK-09968,Vapes,Sungrown Farms,g,51.00
Zkittlez #9969,BULK-09969,Concentrates,Kush Co,each,58.00
Blue Dream #9970,BULK-09970,Flower,Cloud9 Labs,g,65.00
OG Kush #9971,BULK-09971,Pre-Rolls,Nebula Extracts,each,17.00
Sour Diesel #9972,BULK-09972,Edibles,Sungrown Farms,g,24.00
Gelato #9973,BULK-09973,Vapes,Kush Co,each,31.00
Wedding Cake #9974,BULK-09974,Concentrates,Cloud9 Labs,g,38.00
GDP #9975,BULK-09975,Flower,Nebula Extracts,each,45.00
Pineapple Express #9976,BULK-09976,Pre-Rolls,Sungrown Farms,g,52.00
Northern Lights #9977,BULK-09977,Edibles,Kush Co,each,59.00
Runtz #9978,BULK-09978,Vapes,Cloud9 Labs,g,66.00
Zkittlez #9979,BULK-09979,Concentrates,Nebula Extracts,each,18.00
Blue Dream #9980,BULK-09980,Flower,Sungrown Farms,g,25.00
OG Kush #9981,BULK-09981,Pre-Rolls,Kush Co,each,32.00
Sour Diesel #9982,BULK-09982,Edibles,Cloud9 Labs,g,39.00
Gelato #9983,BULK-09983,Vapes,Nebula Extracts,each,46.00
Wedding Cake #9984,BULK-09984,Concentrates,Sungrown Farms,g,53.00
GDP #9985,BULK-09985,Flower,Kush Co,each,60.00
Pineapple Express #9986,BULK-09986,Pre-Rolls,Cloud9 Labs,g,67.00
Northern Lights #9987,BULK-09987,Edibles,Nebula Extracts,each,19.00
Runtz #9988,BULK-09988,Vapes,Sungrown Farms,g,26.00
Zkittlez #9989,BULK-09989,Concentrates,Kush Co,each,33.00
Blue Dream #9990,BULK-09990,Flower,Cloud9 Labs,g,40.00
OG Kush #9991,BULK-09991,Pre-Rolls,Nebula Extracts,each,47.00
Sour Diesel #9992,BULK-09992,Edibles,Sungrown Farms,g,54.00
Gelato #9993,BULK-09993,Vapes,Kush Co,each,61.00
Wedding Cake #9994,BULK-09994,Concentrates,Cloud9 Labs,g,68.00
GDP #9995,BULK-09995,Flower,Nebula Extracts,each,20.00
Pineapple Express #9996,BULK-09996,Pre-Rolls,Sungrown Farms,g,27.00
Northern Lights #9997,BULK-09997,Edibles,Kush Co,each,34.00
Runtz #9998,BULK-09998,Vapes,Cloud9 Labs,g,41.00
Zkittlez #9999,BULK-09999,Concentrates,Nebula Extracts,each,48.00
Blue Dream #10000,BULK-10000,Flower,Sungrown Farms,g,55.00
